frame,t_s,diameter_px,centre_x,centre_y,run_ctr,span,height,comp_area,seed_ok
340,5.6500,386,192.5,311.5,166,630,624,105457,1
341,5.6667,16,299.5,320.0,7,36,23,218,0
342,5.6833,17,290.0,301.5,9,64,34,379,0
343,5.7000,359,179.0,318.5,142,625,638,127765,0
344,5.7167,349,174.0,309.5,69,625,620,131980,0
345,5.7333,1,328.0,306.5,1,1,6,6,0
346,5.7500,324,161.5,290.5,91,624,582,123876,0
347,5.7667,311,155.0,290.0,84,620,581,110857,0
348,5.7833,1,312.0,290.5,1,1,2,2,0
349,5.8000,307,453.0,267.0,303,505,535,90851,1
350,5.8167,319,445.0,272.0,188,336,467,85120,0
351,5.8333,319,440.0,238.5,196,349,478,91614,1
352,5.8500,338,429.5,224.0,199,358,449,94893,1
353,5.8667,351,419.0,209.0,205,363,419,97339,1
354,5.8833,343,419.0,193.5,207,363,388,94232,1
355,5.9000,327,424.0,177.5,211,375,356,86873,1
356,5.9167,364,400.5,161.0,144,386,323,77445,1
357,5.9333,345,408.0,145.5,155,399,292,68568,1
358,5.9500,353,400.0,130.0,225,412,261,59109,1
359,5.9667,364,389.5,114.5,100,410,230,47679,1
360,5.9833,242,447.5,98.5,139,244,198,31387,0
361,6.0000,246,442.5,83.5,116,251,168,24473,1
362,6.0167,159,400.0,69.0,146,240,139,14168,1
363,6.0333,3,425.0,74.0,1,6,9,14,0
364,6.0500,2,426.5,58.0,2,2,1,2,0
365,6.0667,1,441.0,42.0,1,1,1,1,0
366,6.0833,1,462.0,29.0,1,1,1,1,0
367,6.1000,1,488.0,26.0,1,1,1,1,0
368,6.1167,1,488.0,23.0,1,1,1,1,0
369,6.1333,2,526.5,0.0,2,2,1,2,0
370,6.1500,1,537.0,5.0,1,1,1,1,0
371,6.1667,0,537,5,0,0,0,0,0
372,6.1833,0,537,5,0,0,0,0,0
373,6.2000,0,537,5,0,0,0,0,0
374,6.2167,0,537,5,0,0,0,0,0
375,6.2333,0,537,5,0,0,0,0,0
376,6.2500,0,537,5,0,0,0,0,0
377,6.2667,0,537,5,0,0,0,0,0
378,6.2833,0,537,5,0,0,0,0,0
379,6.3000,0,537,5,0,0,0,0,0
380,6.3167,0,537,5,0,0,0,0,0
381,6.3333,0,537,5,0,0,0,0,0
382,6.3500,0,537,5,0,0,0,0,0
383,6.3667,0,537,5,0,0,0,0,0
384,6.3833,0,537,5,0,0,0,0,0
385,6.4000,0,537,5,0,0,0,0,0
386,6.4167,0,537,5,0,0,0,0,0
387,6.4333,0,537,5,0,0,0,0,0
388,6.4500,0,537,5,0,0,0,0,0
389,6.4667,0,537,5,0,0,0,0,0
390,6.4833,0,537,5,0,0,0,0,0
391,6.5000,0,537,5,0,0,0,0,0
392,6.5167,0,537,5,0,0,0,0,0
393,6.5333,0,537,5,0,0,0,0,0
394,6.5500,0,537,5,0,0,0,0,0
395,6.5667,0,537,5,0,0,0,0,0
396,6.5833,0,537,5,0,0,0,0,0
397,6.6000,0,537,5,0,0,0,0,0
398,6.6167,0,537,5,0,0,0,0,0
399,6.6333,0,537,5,0,0,0,0,0
400,6.6500,0,537,5,0,0,0,0,0
401,6.6667,0,537,5,0,0,0,0,0
402,6.6833,0,537,5,0,0,0,0,0
403,6.7000,0,537,5,0,0,0,0,0
404,6.7167,0,537,5,0,0,0,0,0
405,6.7333,0,537,5,0,0,0,0,0
406,6.7500,0,537,5,0,0,0,0,0
407,6.7667,0,537,5,0,0,0,0,0
408,6.7833,0,537,5,0,0,0,0,0
409,6.8000,0,537,5,0,0,0,0,0
410,6.8167,0,537,5,0,0,0,0,0
411,6.8333,0,537,5,0,0,0,0,0
412,6.8500,0,537,5,0,0,0,0,0
413,6.8667,0,537,5,0,0,0,0,0
414,6.8833,0,537,5,0,0,0,0,0
415,6.9000,0,537,5,0,0,0,0,0
416,6.9167,0,537,5,0,0,0,0,0
417,6.9333,0,537,5,0,0,0,0,0
418,6.9500,0,537,5,0,0,0,0,0
419,6.9667,0,537,5,0,0,0,0,0
420,6.9833,0,537,5,0,0,0,0,0
421,7.0000,0,537,5,0,0,0,0,0
422,7.0167,0,537,5,0,0,0,0,0
423,7.0333,2,577.5,0.0,2,2,1,2,0
424,7.0500,1,578.0,0.0,1,1,1,1,1
425,7.0667,1,566.0,6.0,1,1,1,1,0
426,7.0833,1,563.0,6.0,1,1,1,1,0
427,7.1000,1,561.0,8.0,1,1,1,1,0
428,7.1167,1,561.0,11.0,1,1,1,1,0
429,7.1333,1,555.0,11.0,1,1,1,1,0
430,7.1500,1,552.0,12.0,1,1,1,1,0
431,7.1667,1,554.0,16.0,1,1,1,1,0
432,7.1833,2,542.5,13.5,2,3,4,5,0
433,7.2000,1,549.0,20.0,1,1,1,1,0
434,7.2167,2,546.5,20.5,1,2,2,3,0
435,7.2333,1,543.0,24.0,1,1,1,1,0
436,7.2500,1,538.0,24.0,1,1,1,1,0
437,7.2667,1,531.0,24.0,1,1,1,1,0
438,7.2833,1,524.0,24.0,1,1,1,1,0
439,7.3000,1,509.0,21.0,1,1,1,1,0
440,7.3167,1,511.0,26.0,1,1,1,1,0
441,7.3333,1,504.0,25.0,1,1,1,1,0
442,7.3500,1,491.0,19.0,1,1,1,1,0
443,7.3667,1,487.0,24.0,1,1,1,1,0
444,7.3833,1,488.0,28.0,1,1,1,1,0
445,7.4000,1,498.0,7.0,1,1,1,1,0
446,7.4167,1,494.0,6.0,1,1,1,1,0
447,7.4333,1,486.0,7.0,1,1,1,1,0
448,7.4500,1,485.0,10.0,1,1,1,1,0
449,7.4667,1,485.0,14.0,1,1,1,1,0
450,7.4833,1,486.0,20.0,1,1,1,1,0
451,7.5000,1,486.0,22.0,1,1,1,1,0
452,7.5167,1,485.0,25.0,1,1,1,1,0
453,7.5333,1,485.0,29.0,1,1,1,1,0
454,7.5500,1,485.0,33.0,1,1,1,1,0
455,7.5667,1,485.0,37.0,1,1,1,1,0
456,7.5833,1,476.0,29.0,1,1,1,1,0
457,7.6000,1,476.0,33.0,1,1,1,1,0
458,7.6167,1,476.0,37.0,1,1,1,1,0
459,7.6333,1,476.0,41.0,1,1,1,1,0
460,7.6500,1,459.0,38.0,1,1,1,1,0
461,7.6667,1,456.0,44.0,1,1,1,1,0
462,7.6833,1,445.0,41.0,1,1,1,1,0
463,7.7000,1,455.0,24.0,1,1,1,1,0
464,7.7167,1,456.0,31.0,1,1,1,1,0
465,7.7333,1,465.0,37.0,1,1,1,1,0
466,7.7500,1,465.0,37.0,1,1,1,1,1
467,7.7667,1,465.0,37.0,1,1,1,1,1
468,7.7833,1,465.0,37.0,1,1,1,1,1
469,7.8000,78,481.5,31.5,35,130,64,3547,0
470,7.8167,83,478.0,33.0,35,133,67,3997,1
471,7.8333,95,471.0,34.5,38,141,70,4513,1
472,7.8500,103,466.0,36.5,34,150,74,5050,1
473,7.8667,105,464.0,39.0,37,156,79,5539,1
474,7.8833,113,458.0,40.5,40,162,82,6084,1
475,7.9000,122,452.5,42.5,40,171,86,6733,1
476,7.9167,127,448.0,44.5,45,177,90,7283,1
477,7.9333,142,439.5,47.0,44,192,95,8024,1
478,7.9500,149,435.0,49.0,48,197,99,8794,1
479,7.9667,156,430.5,51.0,52,204,103,9529,1
480,7.9833,163,426.0,53.0,55,211,107,10239,1
481,8.0000,42,446.5,55.0,36,214,111,3653,1
482,8.0167,41,430.0,56.5,36,222,114,3780,1
483,8.0333,40,418.5,58.5,36,236,118,3914,1
484,8.0500,39,412.0,60.5,37,239,122,4035,1
485,8.0667,39,403.0,62.5,37,247,126,4252,1
486,8.0833,39,470.0,64.5,36,257,130,4297,1
487,8.1000,39,326.0,66.5,36,264,134,4427,1
488,8.1167,39,374.0,68.5,37,271,138,4563,1
489,8.1333,38,364.5,71.5,35,277,144,4675,1
490,8.1500,39,458.0,73.0,33,285,147,4765,1
491,8.1667,39,346.0,74.5,34,297,150,4976,1
492,8.1833,199,307.0,77.5,104,309,156,20807,1
493,8.2000,38,186.5,79.5,35,308,160,5179,1
494,8.2167,38,307.5,81.5,36,315,164,5245,1
495,8.2333,37,423.0,84.0,34,325,169,5398,1
496,8.2500,67,124.0,85.5,34,363,172,6004,1
497,8.2667,68,119.5,87.5,35,363,176,6178,0
498,8.2833,193,300.0,89.5,124,386,180,26265,0
499,8.3000,191,287.0,91.5,129,400,184,27211,0
500,8.3167,191,275.0,93.5,131,392,188,27938,0
501,8.3333,192,332.5,95.5,133,393,192,28907,1
502,8.3500,248,161.5,97.5,140,392,196,29610,1
503,8.3667,249,153.0,99.0,143,397,199,30358,1
504,8.3833,255,147.0,101.0,146,398,203,31159,1
505,8.4000,256,142.5,103.0,149,398,207,31874,1
506,8.4167,255,135.0,104.5,155,403,210,32798,1
507,8.4333,256,127.5,106.5,157,397,214,33509,1
508,8.4500,250,124.5,109.0,157,391,219,33988,1
509,8.4667,244,121.5,111.0,163,386,223,34376,1
510,8.4833,231,115.0,111.5,168,378,224,34484,0
511,8.5000,2,183.5,111.0,2,2,1,2,0
512,8.5167,220,109.5,115.5,171,365,232,34573,0
513,8.5333,210,104.5,118.0,173,358,237,34634,1
514,8.5500,203,101.0,120.5,175,351,242,34508,1
515,8.5667,192,95.5,122.0,177,344,245,34262,1
516,8.5833,188,93.5,123.5,176,337,248,33951,1
517,8.6000,180,89.5,125.5,175,330,252,33565,1
518,8.6167,179,232.0,113.0,175,323,227,27923,1
519,8.6333,176,176.5,114.5,173,315,230,27613,1
520,8.6500,174,169.5,116.5,170,306,234,27166,1
521,8.6667,174,180.5,118.0,173,299,237,26616,1
522,8.6833,175,200.0,119.5,169,291,240,25980,1
523,8.7000,174,192.5,122.5,168,282,242,25363,1
524,8.7167,172,186.5,127.5,167,274,238,24589,1
525,8.7333,172,95.5,133.0,167,265,235,26969,1
526,8.7500,169,171.0,136.5,166,257,230,23035,1
527,8.7667,171,129.0,139.5,166,248,216,21978,1
528,8.7833,169,116.0,140.0,163,240,205,20834,1
529,8.8000,166,89.5,141.5,162,231,196,19762,1
530,8.8167,166,126.5,142.5,161,222,182,18552,1
531,8.8333,165,130.0,145.0,160,213,173,17546,1
532,8.8500,164,99.5,148.5,147,204,162,16491,1
533,8.8667,165,98.0,153.5,144,194,158,15528,1
534,8.8833,163,83.0,159.0,144,186,153,14649,1
535,8.9000,162,80.5,164.5,135,177,150,13750,1
536,8.9167,158,83.5,170.0,131,167,145,12854,1
537,8.9333,158,78.5,176.0,128,158,141,12013,1
538,8.9500,148,73.5,182.5,123,148,138,11216,1
539,8.9667,139,69.0,188.5,118,139,134,10477,1
540,8.9833,129,64.0,195.5,117,130,132,9752,1
541,9.0000,120,59.5,202.0,116,120,129,9075,1
542,9.0167,111,55.0,208.5,111,111,126,8373,1
543,9.0333,101,50.0,215.0,101,101,123,7701,1
544,9.0500,92,45.5,221.5,91,92,120,7057,1
545,9.0667,82,40.5,228.5,81,82,118,6404,1
546,9.0833,73,36.0,237.0,71,73,115,5758,1
547,9.1000,63,31.0,244.0,61,63,113,5052,1
548,9.1167,53,26.0,251.5,51,53,112,4361,1
549,9.1333,43,21.0,259.0,41,43,109,3624,1
550,9.1500,34,16.5,267.0,31,34,109,2843,1
551,9.1667,24,11.5,274.5,21,26,102,1967,1
552,9.1833,15,7.0,278.5,11,16,98,1112,0
553,9.2000,4,1.5,263.5,3,4,48,119,0
554,9.2167,1,0.0,172.0,1,1,1,1,0
555,9.2333,13,159.0,288.0,2,95,79,226,0
556,9.2500,13,159.0,288.0,2,95,79,226,0
557,9.2667,13,159.0,288.0,2,95,79,226,0
558,9.2833,13,159.0,288.0,2,95,79,226,0
559,9.3000,13,159.0,288.0,2,95,79,226,0
560,9.3167,13,159.0,288.0,2,95,79,226,0
561,9.3333,13,159.0,288.0,2,95,79,226,0
562,9.3500,13,159.0,288.0,2,95,79,226,0
563,9.3667,12,171.5,288.5,2,117,78,348,0
564,9.3833,12,171.5,288.5,2,117,78,348,0
565,9.4000,12,171.5,288.5,2,117,78,348,0
566,9.4167,12,171.5,288.5,2,117,78,348,0
567,9.4333,12,171.5,288.5,2,117,78,349,0
568,9.4500,12,171.5,288.5,2,117,78,349,0
569,9.4667,12,171.5,288.5,2,117,78,349,0
570,9.4833,12,171.5,288.5,2,117,78,349,0
571,9.5000,12,171.5,288.5,2,117,78,349,0
572,9.5167,12,171.5,288.5,2,117,78,349,0
573,9.5333,12,171.5,288.5,2,117,78,349,0
574,9.5500,12,171.5,288.5,2,117,78,349,0
575,9.5667,12,171.5,288.5,2,117,78,350,0
576,9.5833,12,171.5,288.5,2,117,78,350,0
577,9.6000,12,171.5,288.5,2,117,78,350,0
578,9.6167,12,171.5,288.5,2,117,78,350,0
579,9.6333,12,171.5,288.5,2,117,78,350,0
580,9.6500,12,171.5,288.5,2,117,78,350,0
581,9.6667,12,171.5,288.5,2,117,78,350,0
582,9.6833,12,171.5,288.5,2,117,78,350,0
583,9.7000,12,171.5,288.5,2,117,78,350,0
584,9.7167,12,171.5,288.5,2,117,78,350,0
585,9.7333,12,171.5,288.5,2,117,78,350,0
586,9.7500,12,171.5,288.5,2,117,78,350,0
587,9.7667,12,171.5,288.5,2,117,78,350,0
588,9.7833,12,171.5,288.5,2,117,78,350,0
589,9.8000,12,171.5,288.5,2,117,78,350,0
590,9.8167,12,171.5,288.5,2,117,78,350,0
591,9.8333,12,171.5,288.5,2,117,78,350,0
592,9.8500,12,171.5,288.5,2,117,78,350,0
593,9.8667,12,171.5,288.5,2,117,78,350,0
594,9.8833,12,171.5,288.5,2,117,78,350,0
595,9.9000,12,171.5,288.5,2,117,78,350,0
596,9.9167,12,171.5,288.5,2,117,78,350,0
597,9.9333,12,171.5,288.5,2,117,78,350,0
598,9.9500,12,171.5,288.5,2,117,78,350,0
599,9.9667,12,171.5,288.5,2,117,78,350,0
600,9.9833,12,171.5,288.5,2,117,78,350,0
601,10.0000,12,171.5,288.5,2,117,78,350,0
602,10.0167,12,171.5,288.5,2,117,78,350,0
603,10.0333,12,171.5,288.5,2,117,78,350,0
604,10.0500,12,171.5,288.5,2,117,78,350,0
605,10.0667,12,171.5,288.5,2,117,78,350,0
606,10.0833,12,171.5,288.5,2,117,78,350,0
607,10.1000,12,171.5,288.5,2,117,78,355,0
608,10.1167,12,171.5,288.5,2,117,78,355,0
609,10.1333,12,171.5,288.5,2,117,78,355,0
610,10.1500,13,172.0,288.5,2,117,78,358,0
611,10.1667,13,172.0,288.5,2,117,78,358,0
612,10.1833,13,172.0,288.5,2,117,78,358,0
613,10.2000,13,172.0,288.5,2,117,78,358,0
614,10.2167,13,172.0,288.5,2,117,78,358,0
615,10.2333,13,172.0,288.5,2,117,78,358,0
616,10.2500,13,172.0,288.5,2,117,78,358,0
617,10.2667,13,172.0,288.5,2,117,78,357,0
618,10.2833,13,172.0,288.5,2,117,78,357,0
619,10.3000,13,172.0,288.5,2,117,78,357,0
620,10.3167,13,172.0,288.5,2,117,78,357,0
621,10.3333,13,172.0,288.5,2,117,78,357,0
622,10.3500,13,172.0,288.5,2,117,78,357,0
623,10.3667,13,172.0,288.5,2,117,78,357,0
624,10.3833,13,172.0,288.5,2,117,78,357,0
625,10.4000,15,173.0,288.5,2,117,78,374,0
626,10.4167,15,173.0,288.5,2,117,78,374,0
627,10.4333,15,173.0,288.5,2,117,78,374,0
628,10.4500,15,173.0,288.5,2,117,78,387,0
629,10.4667,15,173.0,288.5,2,117,78,387,0
630,10.4833,15,173.0,288.5,2,117,78,387,0
631,10.5000,15,173.0,288.5,2,117,78,387,0
632,10.5167,15,173.0,288.5,2,117,78,387,0
633,10.5333,15,173.0,288.5,2,117,78,387,0
634,10.5500,15,173.0,288.5,2,117,78,387,0
635,10.5667,15,173.0,288.5,2,117,78,387,0
636,10.5833,15,173.0,288.5,2,117,78,387,0
637,10.6000,15,173.0,288.5,2,117,78,387,0
638,10.6167,15,173.0,288.5,2,117,78,387,0
639,10.6333,15,173.0,288.5,2,117,78,387,0
640,10.6500,15,173.0,288.5,2,117,78,387,0
641,10.6667,15,173.0,288.5,2,117,78,387,0
642,10.6833,15,173.0,288.5,2,117,78,387,0
643,10.7000,15,173.0,288.5,2,117,78,392,0
644,10.7167,15,173.0,288.5,2,117,78,392,0
645,10.7333,15,173.0,288.5,2,117,78,392,0
646,10.7500,15,173.0,288.5,2,117,78,392,0
647,10.7667,15,173.0,288.5,2,117,78,392,0
648,10.7833,15,173.0,288.5,2,117,78,392,0
649,10.8000,15,173.0,288.5,2,117,78,392,0
650,10.8167,15,173.0,288.5,2,117,78,392,0
651,10.8333,15,173.0,288.5,2,117,78,392,0
652,10.8500,15,173.0,288.5,2,117,78,392,0
653,10.8667,15,173.0,288.5,2,117,78,392,0
654,10.8833,15,173.0,288.5,2,117,78,392,0
655,10.9000,15,173.0,288.5,2,117,78,392,0
656,10.9167,15,173.0,288.5,2,117,78,392,0
657,10.9333,15,173.0,288.5,2,117,78,392,0
658,10.9500,15,173.0,288.5,2,117,78,392,0
659,10.9667,15,173.0,288.5,2,117,78,392,0
660,10.9833,15,173.0,288.5,2,117,78,392,0
661,11.0000,15,173.0,288.5,2,117,78,392,0
662,11.0167,15,173.0,288.5,2,117,78,392,0
663,11.0333,15,173.0,288.5,2,117,78,392,0
664,11.0500,15,173.0,288.5,2,117,78,392,0
665,11.0667,15,173.0,288.5,2,117,78,392,0
666,11.0833,15,173.0,288.5,2,117,78,392,0
667,11.1000,15,173.0,288.5,2,117,78,392,0
668,11.1167,15,173.0,288.5,2,117,78,392,0
669,11.1333,15,173.0,288.5,2,117,78,392,0
670,11.1500,15,173.0,288.5,2,117,78,392,0
671,11.1667,15,173.0,288.5,2,117,78,392,0
672,11.1833,15,173.0,288.5,2,117,78,392,0
673,11.2000,15,173.0,288.5,2,117,78,392,0
674,11.2167,15,173.0,288.5,2,117,78,392,0
675,11.2333,15,173.0,288.5,2,117,78,392,0
676,11.2500,15,173.0,288.5,2,117,78,392,0
677,11.2667,15,173.0,288.5,2,117,78,392,0
678,11.2833,15,173.0,288.5,2,117,78,392,0
679,11.3000,15,173.0,288.5,2,117,78,392,0
680,11.3167,15,173.0,288.5,2,117,78,392,0
681,11.3333,15,173.0,288.5,2,117,78,392,0
682,11.3500,15,173.0,288.5,2,117,78,392,0
683,11.3667,15,173.0,288.5,2,117,78,392,0
684,11.3833,15,173.0,288.5,2,117,78,392,0
685,11.4000,15,173.0,288.5,2,117,78,392,0
686,11.4167,15,173.0,288.5,2,117,78,392,0
687,11.4333,15,173.0,288.5,2,117,78,392,0
688,11.4500,18,174.5,288.5,2,102,78,398,0
689,11.4667,18,174.5,288.5,2,102,78,398,0
690,11.4833,12,171.5,288.5,2,100,78,373,0
691,11.5000,12,171.5,288.5,2,100,78,373,0
692,11.5167,12,171.5,288.5,2,100,78,373,0
693,11.5333,12,171.5,288.5,2,100,78,373,0
694,11.5500,12,171.5,288.5,2,100,78,373,0
695,11.5667,12,171.5,288.5,2,100,78,373,0
696,11.5833,12,171.5,288.5,2,100,78,373,0
697,11.6000,12,171.5,288.5,2,100,78,373,0
698,11.6167,12,171.5,288.5,2,100,78,373,0
699,11.6333,12,171.5,288.5,2,100,78,373,0
700,11.6500,12,171.5,288.5,2,100,78,373,0
701,11.6667,12,171.5,288.5,2,100,78,373,0
702,11.6833,12,171.5,288.5,2,100,78,373,0
703,11.7000,12,171.5,288.5,2,100,78,373,0
704,11.7167,12,171.5,288.5,2,100,78,373,0
705,11.7333,12,171.5,288.5,2,100,78,373,0
706,11.7500,12,171.5,288.5,2,100,78,373,0
707,11.7667,12,171.5,288.5,2,100,78,373,0
708,11.7833,12,171.5,288.5,2,100,78,373,0
709,11.8000,12,171.5,288.5,2,100,78,373,0
710,11.8167,12,171.5,288.5,2,100,78,373,0
711,11.8333,12,171.5,288.5,2,100,78,373,0
712,11.8500,12,171.5,288.5,2,100,78,373,0
713,11.8667,12,171.5,288.5,2,100,78,373,0
714,11.8833,12,171.5,288.5,2,100,78,373,0
715,11.9000,12,171.5,288.5,2,100,78,373,0
716,11.9167,12,171.5,288.5,2,100,78,373,0
717,11.9333,12,171.5,288.5,2,100,78,373,0
718,11.9500,12,171.5,288.5,2,100,78,373,0
719,11.9667,12,171.5,288.5,2,100,78,373,0
720,11.9833,12,171.5,288.5,2,100,78,373,0
721,12.0000,12,171.5,288.5,2,100,78,373,0
722,12.0167,12,171.5,288.5,2,100,78,373,0
723,12.0333,12,171.5,288.5,2,100,78,373,0
724,12.0500,12,171.5,288.5,2,100,78,373,0
725,12.0667,12,171.5,288.5,2,100,78,373,0
726,12.0833,12,171.5,288.5,2,100,78,373,0
727,12.1000,12,171.5,288.5,2,100,78,373,0
728,12.1167,12,171.5,288.5,2,100,78,373,0
729,12.1333,12,171.5,288.5,2,100,78,373,0
730,12.1500,12,171.5,288.5,2,102,78,391,0
731,12.1667,12,171.5,288.5,2,102,78,391,0
732,12.1833,12,171.5,288.5,2,102,78,391,0
733,12.2000,12,171.5,288.5,2,102,78,391,0
734,12.2167,12,171.5,288.5,2,102,78,391,0
735,12.2333,12,171.5,288.5,2,102,78,391,0
736,12.2500,12,171.5,288.5,2,102,78,391,0
737,12.2667,12,171.5,288.5,2,102,78,391,0
738,12.2833,12,171.5,288.5,2,102,78,391,0
739,12.3000,12,171.5,288.5,2,102,78,391,0
740,12.3167,12,171.5,288.5,2,102,78,391,0
741,12.3333,12,171.5,288.5,2,102,78,391,0
742,12.3500,12,171.5,288.5,2,102,78,391,0
743,12.3667,12,171.5,288.5,2,102,78,391,0
744,12.3833,12,171.5,288.5,2,102,78,391,0
745,12.4000,12,171.5,288.5,2,102,78,391,0
746,12.4167,12,171.5,288.5,2,102,78,391,0
747,12.4333,12,171.5,288.5,2,102,78,391,0
748,12.4500,12,171.5,288.5,2,102,78,391,0
749,12.4667,12,171.5,288.5,2,102,78,391,0
