frame,t_s,dxA,dyA,peakA,texA,dxC,dyC,peakC,texC,dxD,dyD,peakD,texD
346,5.7500,76.28,-66.02,27.4,17.08,33.42,-36.21,32.8,17.69,0.15,-9.93,73.3,12.81
347,5.7667,79.29,-68.48,27.7,17.15,34.62,-37.64,33.8,17.94,0.13,-8.58,70.4,12.29
348,5.7833,82.04,-70.53,24.5,17.09,36.63,-39.44,28.8,18.43,0.21,-7.58,90.4,11.79
349,5.8000,85.71,-73.82,28.9,16.93,99.78,-84.07,39.7,18.66,0.10,-5.85,129.7,11.47
350,5.8167,88.48,-75.75,26.8,16.55,40.25,-43.28,40.1,18.91,-0.04,-4.91,121.6,11.17
351,5.8333,92.04,-78.02,30.0,16.07,110.06,-91.85,41.5,18.98,0.03,-4.04,201.7,11.53
352,5.8500,95.86,-80.17,26.5,15.62,45.68,-47.76,54.5,18.45,0.10,-3.79,173.5,11.92
353,5.8667,-2.84,-16.04,29.2,15.13,48.44,-49.76,59.6,17.72,0.09,-3.47,150.4,12.42
354,5.8833,-3.22,-16.28,31.1,15.12,51.42,-52.05,48.0,16.87,0.05,-2.82,119.8,14.83
355,5.9000,-3.41,-16.40,36.7,15.11,54.65,-54.00,41.6,15.72,0.07,-2.34,111.8,16.05
356,5.9167,-3.70,-16.63,39.3,14.92,58.42,-57.18,34.1,15.68,0.02,-2.26,101.0,17.12
357,5.9333,-3.47,-16.42,41.7,14.69,62.48,-59.43,21.9,15.80,0.13,-1.87,80.5,18.93
358,5.9500,-3.36,-17.14,35.2,14.36,-88.17,-55.92,28.2,15.45,0.07,-1.67,67.0,19.07
359,5.9667,-3.81,-16.44,43.8,13.99,-92.07,-58.18,33.8,15.17,0.14,-1.40,59.1,19.77
360,5.9833,-3.36,-16.14,48.7,13.57,-19.73,4.05,34.8,15.68,-0.07,-0.82,51.3,19.44
361,6.0000,-2.95,-16.36,56.3,13.21,-19.27,4.50,32.6,15.60,0.05,-0.68,45.2,18.86
362,6.0167,-4.04,-15.82,58.9,12.57,-103.82,-65.95,39.1,15.18,0.13,-1.13,43.0,18.93
363,6.0333,-3.18,-15.66,59.9,11.99,-20.54,5.85,33.4,15.84,0.05,-0.87,41.4,18.70
364,6.0500,-5.06,-15.90,60.3,11.33,-21.47,6.52,37.2,16.61,0.15,-1.46,36.6,19.08
365,6.0667,-4.04,-14.23,53.1,10.70,-116.06,-74.60,25.3,16.71,0.37,-1.08,26.9,18.09
366,6.0833,-4.58,-14.07,58.2,9.97,-120.37,-77.99,28.0,16.31,-130.50,-82.14,32.5,17.39
367,6.1000,-4.73,-13.86,67.1,9.50,-19.37,12.11,31.5,16.27,-0.29,34.17,48.9,17.04
368,6.1167,-5.91,-10.44,73.9,9.10,-20.04,12.15,47.6,16.24,-1.08,35.86,48.2,15.90
369,6.1333,-6.17,-10.45,57.3,8.81,-20.04,12.47,56.8,15.92,-0.44,35.45,47.2,14.71
370,6.1500,-6.55,-8.49,58.3,8.40,-20.39,13.73,69.8,15.08,0.40,-0.70,42.1,14.50
371,6.1667,-7.03,-8.18,61.4,7.93,-20.25,13.85,76.9,15.01,0.22,-0.90,83.3,13.73
372,6.1833,-7.36,-6.68,54.3,7.63,-21.64,15.27,61.3,14.74,0.19,-0.29,151.3,11.80
373,6.2000,-7.01,-6.04,83.4,7.56,-21.35,15.27,68.4,14.23,0.08,-0.24,216.4,10.90
374,6.2167,-7.82,-4.74,54.0,7.54,-21.48,15.17,69.9,12.73,0.03,-0.10,260.3,11.03
375,6.2333,-7.49,-4.09,105.1,7.51,-20.54,15.90,81.1,11.26,0.04,-0.04,253.9,11.11
376,6.2500,-7.33,-2.70,62.6,7.50,-20.24,16.06,87.5,9.83,0.02,-0.02,256.9,11.59
377,6.2667,-7.42,-2.09,103.5,7.43,-19.90,15.94,105.1,8.75,-0.00,-0.01,268.7,12.14
378,6.2833,-6.17,-1.42,77.5,7.51,-19.53,15.73,62.7,8.00,0.00,-0.00,270.1,12.98
379,6.3000,-7.41,0.03,103.7,7.60,-0.00,-0.00,125.4,7.21,0.00,-0.01,261.7,13.52
380,6.3167,-6.73,0.75,66.4,7.75,0.00,-0.00,201.9,5.22,0.00,-0.00,252.6,13.94
381,6.3333,-6.31,2.05,143.0,7.94,-0.00,-0.00,212.8,2.73,-0.01,-0.01,233.6,14.09
382,6.3500,-7.20,3.66,82.6,8.15,0.00,0.00,219.9,0.98,0.01,-0.05,195.9,14.25
383,6.3667,-6.02,4.01,130.0,8.47,-0.00,0.00,240.4,0.76,0.18,-1.48,82.3,14.40
384,6.3833,-5.23,4.86,74.2,8.80,-0.00,0.01,138.5,0.63,0.30,-3.27,63.2,14.66
385,6.4000,-5.72,6.00,162.1,8.97,0.00,0.00,231.6,0.56,1.60,-5.59,69.3,14.94
386,6.4167,-4.26,6.35,138.1,9.09,-0.00,0.00,243.2,0.56,-5.99,14.01,112.9,14.90
387,6.4333,-4.10,6.43,122.1,9.22,-0.00,0.01,213.8,0.58,-5.49,14.13,70.2,14.73
388,6.4500,-2.31,6.38,122.8,9.28,0.00,0.00,203.5,0.60,0.15,-12.36,81.6,14.67
389,6.4667,-1.86,6.65,103.2,9.39,-0.00,-0.00,196.2,0.59,-0.23,-12.01,67.7,14.41
390,6.4833,-0.33,6.22,129.1,9.49,-0.00,0.00,227.4,0.59,-1.94,-13.87,78.5,14.27
391,6.5000,-0.15,6.51,129.9,9.55,0.00,-0.00,202.9,0.60,-0.74,15.44,60.3,14.40
392,6.5167,-1.07,7.67,126.7,9.57,0.00,-0.00,208.3,0.63,0.03,15.71,89.7,14.27
393,6.5333,-0.15,7.33,143.2,9.58,-0.00,0.01,187.2,0.63,1.51,15.44,71.6,14.07
394,6.5500,0.17,7.53,149.6,9.62,-0.00,0.00,212.5,0.63,2.16,15.55,87.3,13.70
395,6.5667,0.35,7.67,152.2,9.64,-0.05,0.12,105.2,0.66,3.66,15.60,83.3,13.37
396,6.5833,0.81,7.67,128.0,9.69,0.00,-0.00,170.2,0.69,4.12,15.62,101.6,13.13
397,6.6000,2.00,7.38,146.1,9.72,-0.01,-0.03,55.3,0.57,5.20,15.60,70.1,13.00
398,6.6167,2.32,7.32,134.0,9.77,-0.00,0.00,143.9,0.60,5.86,15.46,100.3,13.20
399,6.6333,3.52,6.49,127.6,9.91,-0.00,-0.00,194.4,0.63,6.14,15.24,89.6,13.67
400,6.6500,3.94,6.56,143.4,10.00,0.00,-0.00,178.3,0.66,-2.03,-3.91,69.8,13.96
401,6.6667,4.09,6.50,156.7,10.08,0.00,-0.00,227.4,1.26,7.74,14.55,75.1,14.38
402,6.6833,4.11,6.94,134.4,10.18,-0.00,0.00,225.1,1.65,7.98,15.49,102.5,13.94
403,6.7000,4.18,6.26,201.3,10.24,-0.00,-0.00,212.6,2.03,8.08,14.26,103.8,13.89
404,6.7167,4.47,6.50,147.8,10.34,0.00,-0.00,240.0,2.12,8.35,14.55,75.3,13.74
405,6.7333,4.51,6.32,169.2,10.33,-0.00,-0.00,232.3,2.24,8.37,14.15,75.0,14.13
406,6.7500,4.64,6.64,143.9,10.34,-0.00,0.00,212.1,2.38,-0.05,-0.29,89.7,13.84
407,6.7667,5.12,6.63,124.7,10.35,0.00,0.00,205.5,2.40,-0.05,-0.27,98.0,13.56
408,6.7833,5.18,6.42,139.3,10.49,-0.00,-0.00,208.9,2.36,-0.05,-0.11,119.6,13.17
409,6.8000,4.90,6.39,142.2,10.66,0.00,-0.00,243.1,2.47,-0.06,-0.12,119.9,12.89
410,6.8167,5.01,6.56,131.7,10.79,-0.00,0.00,241.6,2.47,-0.03,-0.02,143.2,12.91
411,6.8333,5.41,6.73,136.2,10.98,-0.00,0.00,243.1,2.54,0.01,-0.09,134.5,12.91
412,6.8500,5.24,6.49,148.5,11.17,-0.00,-0.00,243.1,2.54,-0.04,-0.08,154.6,12.48
413,6.8667,5.64,6.82,141.8,11.38,0.00,-0.00,243.2,2.56,-0.02,-0.15,145.1,12.23
414,6.8833,5.54,6.61,153.0,11.56,0.00,0.00,243.1,2.56,-0.02,-0.15,154.8,12.00
415,6.9000,5.48,6.91,143.1,11.73,0.00,-0.00,243.2,2.57,-0.01,-0.31,139.2,11.78
416,6.9167,5.48,6.97,141.2,11.88,0.00,-0.00,243.2,2.57,0.04,-0.58,119.7,11.36
417,6.9333,5.50,6.80,150.7,12.03,-0.00,-0.00,243.1,2.56,-0.04,-0.28,161.6,10.91
418,6.9500,5.43,7.17,149.0,12.20,0.00,-0.00,243.1,2.49,0.01,-0.28,169.8,10.17
419,6.9667,5.11,7.05,127.2,12.37,0.00,-0.00,243.1,2.46,0.02,-0.22,182.8,9.47
420,6.9833,5.18,7.62,154.0,12.45,-0.00,0.00,242.9,2.39,0.11,-0.51,144.0,8.78
421,7.0000,4.29,7.00,157.2,12.59,0.00,0.00,242.0,2.32,0.14,-0.79,130.4,8.35
422,7.0167,4.36,7.32,171.6,12.73,-0.00,-0.00,238.9,1.93,-0.54,-1.45,129.4,7.91
423,7.0333,4.09,7.40,202.1,12.88,0.00,0.00,233.0,1.48,-0.31,-1.58,160.6,7.61
424,7.0500,3.92,7.62,216.2,13.00,0.00,-0.00,218.3,1.46,-0.34,-1.74,173.4,7.47
425,7.0667,3.84,7.79,235.2,13.30,0.00,0.00,199.3,1.48,-0.31,-1.77,184.7,7.36
426,7.0833,3.65,7.83,219.1,13.64,0.01,0.00,189.1,1.56,-0.22,-1.83,181.3,7.24
427,7.1000,3.23,7.85,179.2,13.79,-0.01,0.00,165.7,1.62,-0.31,-1.70,162.3,7.14
428,7.1167,2.67,7.70,178.8,13.99,0.01,-0.01,143.5,1.67,-0.20,-1.26,132.0,7.09
429,7.1333,2.43,7.83,215.1,14.10,-0.02,-0.03,127.7,1.74,0.06,-0.83,169.7,7.03
430,7.1500,2.27,7.89,230.2,14.16,-0.00,0.01,100.8,1.80,0.02,-0.42,162.9,7.01
431,7.1667,2.15,7.85,245.8,14.22,-0.01,-0.04,84.2,1.88,0.06,-0.40,174.9,7.02
432,7.1833,2.13,7.90,253.6,14.34,0.03,0.02,72.1,2.00,0.04,-0.45,162.1,6.97
433,7.2000,2.08,7.91,245.8,14.56,-0.05,-0.00,73.0,2.05,0.13,-0.63,147.8,6.98
434,7.2167,2.05,7.92,243.2,14.68,0.16,10.42,71.8,2.12,0.11,-0.57,148.4,6.92
435,7.2333,2.03,7.94,231.2,14.86,0.16,10.42,80.2,2.21,0.09,-0.42,154.7,6.95
436,7.2500,1.97,7.92,226.1,15.00,1.22,10.11,62.0,2.27,0.09,-0.28,178.5,6.93
437,7.2667,1.97,8.00,206.4,15.13,0.11,11.70,89.1,2.33,0.16,-0.46,142.1,6.90
438,7.2833,1.93,8.01,206.1,15.26,0.10,10.21,64.4,2.38,0.04,-0.41,153.5,6.90
439,7.3000,1.93,8.03,206.0,15.42,0.67,10.42,73.1,2.44,0.04,-0.25,176.6,6.89
440,7.3167,1.90,8.16,189.6,15.57,0.57,10.73,64.7,2.56,0.16,-0.33,151.1,6.83
441,7.3333,1.89,8.17,187.7,15.67,0.15,10.94,74.3,2.71,0.10,-0.32,162.9,6.83
442,7.3500,1.85,8.24,173.7,15.74,0.03,10.89,87.2,2.84,0.03,-0.29,165.5,6.83
443,7.3667,1.82,8.41,152.3,15.91,0.03,11.41,91.1,3.01,0.17,-0.30,172.1,6.78
444,7.3833,1.74,8.30,149.8,16.14,0.11,11.47,94.3,3.11,-0.04,-0.17,187.6,6.78
445,7.4000,1.74,8.30,152.8,16.24,0.03,11.41,72.7,3.26,0.16,-0.32,156.0,6.77
446,7.4167,1.72,8.35,140.8,16.33,0.07,11.87,129.3,3.37,0.06,-0.16,183.2,6.77
447,7.4333,1.67,8.54,131.1,16.56,-0.01,11.49,99.2,3.50,0.07,-0.17,181.8,6.80
448,7.4500,1.64,8.41,133.7,16.71,0.06,11.65,100.0,3.63,0.09,-0.27,165.6,6.74
449,7.4667,1.51,8.22,138.5,16.75,0.02,11.86,121.9,3.73,0.22,-0.40,154.1,6.75
450,7.4833,1.52,8.36,124.5,16.78,0.01,11.90,121.2,3.88,0.30,-0.49,138.4,6.76
451,7.5000,1.45,8.33,114.9,16.79,0.00,12.01,126.3,4.03,0.13,-0.48,146.8,6.71
452,7.5167,1.50,8.20,108.3,16.78,-0.02,12.00,110.9,4.19,0.31,-0.85,132.6,6.72
453,7.5333,1.37,8.17,95.2,16.81,-0.02,12.00,87.6,4.34,0.07,-0.79,173.5,6.68
454,7.5500,1.32,8.09,98.2,16.83,-0.09,12.00,90.0,4.48,-0.20,-1.06,130.8,6.69
455,7.5667,0.54,8.61,95.2,16.84,-0.10,11.89,68.9,4.59,-0.24,-1.57,153.5,6.65
456,7.5833,0.50,8.81,101.8,16.68,-0.27,12.47,48.6,4.68,-0.08,-1.22,136.4,6.58
457,7.6000,0.46,8.62,111.7,16.63,-0.25,12.55,54.3,4.81,-0.09,-1.10,135.3,6.60
458,7.6167,0.36,8.39,112.2,16.53,0.00,13.41,36.6,4.90,-0.12,-1.04,153.7,6.56
459,7.6333,-0.24,11.55,109.4,16.48,-2.22,10.67,35.6,5.01,0.10,-0.92,155.2,6.58
460,7.6500,0.07,8.54,105.7,16.43,-2.29,10.57,36.3,5.11,0.10,-0.88,159.3,6.54
461,7.6667,-0.00,8.46,116.7,16.39,-2.10,10.44,53.9,5.22,0.10,-0.72,175.8,6.56
462,7.6833,-0.11,8.22,123.9,16.34,-2.00,10.64,57.1,5.38,0.13,-0.55,161.8,6.51
463,7.7000,-0.10,8.27,119.0,16.26,-1.63,11.79,43.5,5.54,0.22,-0.34,160.7,6.53
464,7.7167,-0.21,8.33,124.6,16.19,-1.61,11.38,39.6,5.72,0.14,-0.15,181.8,6.52
465,7.7333,-0.27,8.25,124.4,16.04,-3.47,10.10,65.5,5.89,0.06,-0.12,199.0,6.52
466,7.7500,0.00,0.00,470.2,16.04,0.00,-0.00,243.2,5.89,0.00,0.00,314.6,6.52
467,7.7667,0.00,0.00,470.2,16.04,0.00,-0.00,243.2,5.89,0.00,0.00,314.6,6.52
468,7.7833,0.00,0.00,470.2,16.04,0.00,-0.00,243.2,5.89,0.00,0.00,314.6,6.52
469,7.8000,0.15,35.19,49.0,15.76,-12.05,43.92,21.2,6.36,0.15,-0.31,161.0,6.48
470,7.8167,-0.50,7.93,121.1,15.74,-0.22,11.91,78.9,6.48,0.10,-0.06,203.4,6.49
471,7.8333,-0.43,7.89,123.3,15.61,-3.57,9.47,54.2,6.60,0.16,-0.44,148.6,6.47
472,7.8500,-0.47,7.87,114.0,15.58,-3.37,9.84,41.9,6.71,0.14,-0.42,150.2,6.42
473,7.8667,-1.32,8.11,85.8,15.55,-3.88,10.01,79.1,6.78,0.19,-0.54,146.2,6.42
474,7.8833,-2.21,11.18,99.3,15.45,-2.07,11.88,64.5,6.85,0.10,-0.69,161.3,6.37
475,7.9000,-7.83,14.24,74.4,15.32,-3.89,10.15,71.3,6.92,0.11,-0.49,167.7,6.34
476,7.9167,-1.39,8.58,90.5,15.26,-4.20,10.15,89.6,6.96,0.18,-0.53,144.7,6.34
477,7.9333,-1.97,14.40,107.6,15.16,-4.29,10.73,53.4,6.97,0.18,-0.44,151.3,6.25
478,7.9500,-1.04,8.27,76.0,15.06,-4.09,10.86,60.6,6.97,0.14,-0.48,138.1,6.21
479,7.9667,-1.50,8.27,74.3,14.95,-3.76,11.45,48.1,6.95,0.16,-0.53,159.0,6.12
480,7.9833,-3.71,11.66,78.6,14.91,-5.70,10.02,98.6,6.96,0.20,-0.44,142.3,6.17
481,8.0000,-1.82,8.71,72.1,14.80,-4.09,11.22,32.1,6.92,0.23,-0.33,144.1,6.32
482,8.0167,-2.00,8.61,95.5,14.74,-4.15,11.52,43.6,6.87,0.33,-0.46,121.1,6.44
483,8.0333,-2.00,8.72,106.9,14.61,-4.11,11.99,29.2,6.83,0.18,-0.28,137.8,6.74
484,8.0500,-2.25,9.09,92.1,14.63,-6.07,10.26,29.0,6.75,0.20,-0.27,135.5,6.93
485,8.0667,-2.07,8.61,78.1,14.53,-6.60,10.69,17.0,6.54,0.18,-0.26,138.2,6.98
486,8.0833,-3.83,10.39,109.7,14.42,-6.04,10.86,55.1,6.45,0.18,-0.24,115.2,6.97
487,8.1000,-2.19,8.55,75.2,14.47,-5.66,11.86,18.9,6.32,0.18,-0.32,88.4,6.99
488,8.1167,-2.67,9.03,64.2,14.28,-6.10,11.64,29.2,6.76,0.15,-0.44,62.9,7.01
489,8.1333,-3.45,9.52,69.7,14.21,-6.03,11.62,29.6,7.45,-4.91,14.12,65.7,7.12
490,8.1500,-3.70,9.33,70.1,14.15,-6.00,11.93,22.6,8.18,-5.59,14.16,99.0,7.19
491,8.1667,-3.93,9.58,74.9,13.92,-8.29,10.19,13.2,8.39,-5.79,14.16,109.5,7.25
492,8.1833,-4.17,9.51,137.4,13.71,-6.26,11.71,55.7,8.48,-6.04,14.11,120.9,7.33
493,8.2000,-3.26,8.89,42.9,13.31,-96.04,-69.85,14.3,8.67,-6.24,14.14,125.2,7.40
494,8.2167,0.02,0.03,22.9,12.82,-8.01,11.00,25.4,8.71,-6.46,14.09,115.1,7.46
495,8.2333,-0.13,-0.02,36.2,12.53,-7.99,11.04,44.8,8.57,-7.71,14.06,130.3,7.52
496,8.2500,-4.46,7.86,60.3,12.39,-9.60,9.95,40.2,8.71,-7.74,14.00,117.7,7.57
497,8.2667,-6.07,9.61,78.3,12.28,-9.50,10.09,49.9,8.71,-8.10,13.99,139.9,7.60
498,8.2833,-6.11,9.53,169.3,12.24,-9.57,9.98,41.7,8.69,-8.26,13.86,99.2,7.62
499,8.3000,-6.01,8.23,122.8,12.19,-0.04,-0.01,49.7,8.95,-8.90,13.92,80.0,7.68
500,8.3167,-6.08,8.28,103.9,12.53,-9.87,9.97,60.0,8.94,-9.58,13.89,82.1,7.74
501,8.3333,-6.21,8.12,129.3,12.72,-0.00,0.00,70.7,9.22,-9.67,13.59,66.4,7.85
502,8.3500,-6.39,8.25,114.6,11.94,-7.91,8.10,66.3,9.08,-9.73,13.55,57.3,7.91
503,8.3667,-6.39,8.00,124.8,11.66,0.02,0.04,71.1,8.40,-9.92,13.86,59.0,7.86
504,8.3833,-6.71,7.96,90.1,11.47,-10.11,9.69,53.1,7.95,4.68,0.40,44.8,7.80
505,8.4000,0.00,0.07,113.5,11.18,-8.34,8.09,71.7,8.20,4.79,0.07,73.2,7.75
506,8.4167,-0.04,0.09,110.8,10.94,-8.49,8.02,68.9,8.22,4.35,0.02,88.2,7.74
507,8.4333,-0.01,0.07,108.8,10.70,-10.12,9.51,66.7,8.21,0.02,3.96,119.6,7.66
508,8.4500,0.02,0.08,117.4,10.46,-0.08,0.16,51.9,8.39,0.01,4.00,78.7,7.54
509,8.4667,0.01,0.05,132.5,10.20,-10.12,9.34,65.6,8.25,1.94,1.89,81.8,7.42
510,8.4833,-7.61,7.97,124.1,10.05,-9.80,8.72,74.3,7.96,3.92,-0.06,43.9,7.17
511,8.5000,-7.70,8.01,175.1,10.11,-9.92,8.28,108.7,7.11,-10.05,12.01,39.8,7.09
512,8.5167,-7.56,7.90,141.9,10.11,0.02,0.03,100.1,6.42,0.38,2.31,48.0,7.02
513,8.5333,-7.80,7.96,156.8,10.06,0.02,7.47,45.5,5.63,0.47,2.31,75.2,6.92
514,8.5500,-7.90,7.95,143.9,10.01,0.01,0.01,162.1,5.16,0.45,1.95,82.0,6.94
515,8.5667,-7.93,7.96,169.9,9.99,-0.02,-0.00,135.5,4.69,0.16,1.98,50.8,7.13
516,8.5833,-7.98,7.85,189.7,9.93,0.01,0.01,71.5,4.21,0.04,1.92,140.6,7.25
517,8.6000,-8.02,7.67,154.9,9.93,-0.01,-0.01,150.6,3.65,1.88,-0.01,112.3,7.34
518,8.6167,-8.30,7.54,114.9,9.92,-0.01,0.01,157.5,4.35,0.15,0.50,53.2,7.39
519,8.6333,-8.50,7.56,105.6,9.89,-0.01,-0.02,133.3,4.90,-11.93,11.61,60.7,7.49
520,8.6500,0.00,-0.02,110.4,9.74,0.01,0.01,143.2,5.07,0.24,-0.01,80.1,7.60
521,8.6667,-0.01,-0.01,111.1,9.76,-0.00,-0.01,130.5,5.19,-0.00,-0.01,113.2,7.73
522,8.6833,-0.07,-0.01,107.3,9.79,-0.02,-0.01,149.7,5.29,-0.02,-0.01,135.5,7.87
523,8.7000,-0.08,-0.03,112.1,9.85,0.01,0.01,139.6,5.33,-12.27,10.20,116.3,7.98
524,8.7167,-10.00,6.84,124.9,9.85,-0.00,0.01,147.4,5.31,-12.31,9.91,146.9,8.03
525,8.7333,-10.00,6.38,150.6,9.94,0.02,-0.01,137.3,5.29,-13.04,10.45,100.3,8.11
526,8.7500,-10.03,6.22,173.7,9.98,0.01,-0.01,146.2,5.21,-12.31,9.68,123.2,8.21
527,8.7667,-10.41,6.35,97.5,10.17,-0.00,-0.03,138.5,4.75,-13.81,10.19,155.2,8.36
528,8.7833,-10.11,5.96,146.6,10.38,-0.01,-0.00,150.4,3.48,-13.56,10.11,127.8,8.49
529,8.8000,-10.57,6.19,100.5,10.49,0.00,-0.02,140.0,2.40,-13.82,10.07,165.9,8.64
530,8.8167,-10.47,6.11,114.0,10.55,-0.00,-0.01,158.7,1.54,-12.22,10.47,69.0,8.87
531,8.8333,-10.76,6.11,105.9,10.58,0.00,-0.00,156.1,1.33,-13.70,9.89,41.1,9.38
532,8.8500,-10.57,6.12,111.1,10.58,0.01,-0.02,147.6,1.49,-14.02,-0.65,40.2,9.38
533,8.8667,-10.99,5.94,82.5,10.57,0.00,-0.00,137.2,1.59,-16.02,7.96,84.4,9.71
534,8.8833,-10.64,5.94,109.8,10.57,-0.00,-0.01,170.4,1.61,-13.96,9.67,136.9,10.03
535,8.9000,-10.64,5.92,101.3,10.50,-0.01,-0.00,148.6,1.67,-14.73,8.84,71.1,10.25
536,8.9167,-10.66,5.92,94.1,10.47,0.01,0.01,146.8,1.72,-14.51,9.54,104.4,10.46
537,8.9333,-10.62,5.85,101.0,10.43,-0.01,-0.00,165.2,1.73,-14.27,9.82,138.4,10.62
538,8.9500,-10.63,5.90,97.2,10.38,-0.00,-0.01,161.0,1.75,-14.35,9.88,127.8,10.72
539,8.9667,-10.45,5.89,117.5,10.36,-0.00,-0.00,181.3,1.76,-14.39,9.89,120.9,10.82
540,8.9833,-10.36,5.89,126.3,10.32,-0.00,0.02,138.8,1.79,-14.60,9.93,109.6,10.86
541,9.0000,-10.45,5.81,114.9,10.53,0.00,-0.03,161.7,1.81,-14.62,9.96,96.5,10.92
542,9.0167,-10.29,5.89,133.9,10.70,0.01,-0.03,130.1,1.83,-14.63,9.89,88.4,11.02
543,9.0333,-10.31,5.87,140.6,10.86,-0.00,-0.01,186.2,1.90,-14.78,10.05,64.8,11.07
544,9.0500,-10.28,5.83,142.7,10.94,0.00,-0.01,148.8,1.91,-14.91,10.00,57.4,10.91
545,9.0667,-10.32,5.82,148.2,10.93,-0.01,-0.11,91.0,1.99,-2.43,-0.11,52.9,10.90
546,9.0833,-10.40,5.85,142.7,10.96,-0.00,-0.06,154.7,2.00,-2.62,-0.03,57.2,10.91
547,9.1000,-10.37,5.81,142.0,10.96,0.01,-0.01,163.7,2.07,-12.21,8.01,56.3,11.01
548,9.1167,-10.43,5.85,133.6,10.93,-0.01,-0.00,137.9,2.09,-12.33,8.11,60.2,10.78
549,9.1333,-10.67,5.86,128.5,10.82,-0.02,-0.04,131.9,2.14,-14.06,9.38,58.8,10.67
550,9.1500,-10.56,5.92,141.7,10.78,0.00,-0.03,149.8,2.19,-13.96,9.53,63.1,10.69
551,9.1667,-10.58,5.83,141.9,10.78,0.01,-0.07,110.7,2.26,-12.59,8.35,72.2,10.58
552,9.1833,-10.52,5.91,155.9,10.90,0.00,-0.01,163.3,2.29,-12.41,8.42,82.5,10.59
553,9.2000,-10.53,5.92,166.4,10.97,-0.01,-0.07,139.9,2.22,-12.55,8.46,83.8,10.69
554,9.2167,-10.53,5.97,167.0,11.06,0.00,0.01,144.0,2.78,-13.48,9.48,89.5,10.89
555,9.2333,-10.55,5.96,150.2,11.13,-0.01,-0.02,118.6,3.35,-13.39,9.66,98.5,11.18
556,9.2500,-10.40,6.03,167.5,11.21,-0.00,-0.01,167.0,3.63,-13.19,9.58,95.2,11.28
557,9.2667,-10.18,6.01,188.4,11.22,-0.09,-0.10,97.2,3.81,-12.46,9.68,121.0,11.34
558,9.2833,-10.62,6.18,133.8,11.24,0.00,0.01,161.7,3.88,-13.41,9.83,130.8,11.38
559,9.3000,-10.14,6.01,169.8,11.25,-0.00,-0.06,141.9,3.87,-12.50,9.91,132.9,11.44
560,9.3167,-10.20,6.15,153.0,11.25,-0.01,-0.02,122.7,3.75,-12.99,10.25,123.4,11.52
561,9.3333,-10.28,6.18,142.9,11.33,0.00,-0.01,148.0,3.51,-13.46,9.94,146.3,11.61
562,9.3500,-10.17,6.17,151.9,11.32,0.00,-0.03,148.9,3.05,-13.09,9.86,118.9,11.71
563,9.3667,-10.31,6.28,133.5,11.30,-0.10,-0.02,94.1,2.09,-13.70,10.13,163.7,11.82
564,9.3833,-9.96,6.23,146.9,11.27,0.01,-0.01,144.0,1.49,-12.74,10.16,126.7,11.89
565,9.4000,-10.08,6.25,131.8,11.21,-0.01,-0.02,130.8,1.39,-13.55,10.06,129.0,11.93
566,9.4167,-10.10,6.23,128.2,11.14,-0.00,-0.01,139.6,1.40,-13.62,10.05,146.0,11.97
567,9.4333,-9.97,6.35,123.0,11.13,0.01,0.01,115.8,1.38,-13.60,10.10,141.4,11.98
568,9.4500,-9.94,6.27,126.1,11.02,0.01,0.01,125.9,1.36,-13.70,10.06,159.5,12.05
569,9.4667,-10.09,6.37,127.4,11.03,0.01,0.02,122.5,1.36,-13.84,10.49,138.3,12.03
570,9.4833,-9.66,6.13,124.0,10.98,0.02,-0.00,141.3,1.37,-13.14,9.87,115.6,12.01
571,9.5000,-10.03,6.29,138.1,10.93,0.00,-0.00,133.9,1.38,-13.86,10.38,158.8,11.93
572,9.5167,-9.89,6.25,135.1,10.82,-0.00,-0.00,156.5,1.38,-13.67,10.17,157.9,11.78
573,9.5333,-9.81,6.27,126.9,10.69,0.00,-0.02,171.3,1.37,-13.62,10.14,162.8,11.65
574,9.5500,-9.99,6.23,144.2,10.58,0.00,0.00,184.8,1.35,-13.79,10.28,165.4,11.49
575,9.5667,-9.93,6.37,133.3,10.62,-0.00,0.00,191.7,1.34,-13.83,10.24,173.4,11.28
576,9.5833,-9.85,6.21,143.5,10.69,0.00,-0.00,200.1,1.33,-13.89,10.14,149.4,11.02
577,9.6000,-9.97,6.37,139.6,10.70,-0.00,0.00,201.5,1.32,-13.93,10.30,139.9,10.73
578,9.6167,-10.00,6.33,142.6,10.69,0.00,-0.00,220.6,1.29,-13.88,10.35,144.4,10.47
579,9.6333,-9.87,6.55,132.7,10.62,0.00,0.00,220.7,1.28,-13.87,10.28,147.2,10.23
580,9.6500,-10.02,6.33,160.6,10.43,0.00,0.00,235.5,1.28,-14.04,10.64,112.8,9.97
581,9.6667,-9.96,6.43,154.7,10.25,-0.00,0.00,222.0,1.28,-14.03,10.50,110.6,9.70
582,9.6833,-9.98,6.46,156.9,10.30,-0.00,0.00,234.6,1.30,-14.03,10.61,87.1,9.39
583,9.7000,-9.98,6.51,152.3,10.33,-0.01,-0.00,212.7,1.31,-14.07,10.54,81.5,9.03
584,9.7167,-9.99,6.35,161.0,10.17,-0.00,-0.00,232.7,1.33,-14.10,10.63,69.6,8.62
585,9.7333,-9.98,6.57,143.5,10.28,-0.00,-0.00,230.2,1.34,-0.64,-0.08,71.4,8.13
586,9.7500,-9.93,6.55,143.3,10.33,0.00,-0.02,207.2,1.34,-0.70,-0.01,81.8,7.83
587,9.7667,-9.97,6.62,138.9,10.43,0.00,-0.01,227.3,1.32,-0.56,-0.01,93.0,7.51
588,9.7833,-9.93,6.70,131.3,10.48,0.00,-0.00,239.5,1.32,-0.26,-0.02,110.6,7.26
589,9.8000,-10.02,6.54,137.4,10.67,0.00,0.00,234.4,1.32,-0.22,-0.01,104.0,6.99
590,9.8167,-9.84,6.94,116.8,10.80,0.00,0.00,235.1,1.34,-0.02,-0.02,158.3,6.77
591,9.8333,-9.86,6.71,121.0,10.95,0.00,-0.00,233.4,1.34,-0.06,-0.04,165.4,6.45
592,9.8500,-10.07,7.45,125.2,11.02,-0.00,0.00,226.9,1.36,-0.01,-0.01,224.9,5.96
593,9.8667,-10.05,7.45,123.8,11.05,0.00,-0.00,217.0,1.37,-0.00,-0.01,266.7,5.70
594,9.8833,-10.10,7.19,105.2,11.09,0.00,0.00,208.6,1.38,0.00,-0.00,305.2,5.50
595,9.9000,-10.00,7.59,124.5,11.11,0.00,-0.00,193.4,1.40,-0.01,-0.00,278.8,5.37
596,9.9167,-9.97,7.78,123.9,11.02,0.00,-0.00,189.4,1.41,0.01,-0.01,224.7,5.27
597,9.9333,-10.09,7.72,119.1,10.99,-0.00,-0.00,174.2,1.42,0.06,-0.00,199.1,5.17
598,9.9500,-9.87,7.59,106.6,10.97,0.01,-0.01,156.4,1.44,0.12,-0.03,166.6,5.09
599,9.9667,-9.88,7.69,89.6,11.03,-0.01,-0.00,137.1,1.43,0.16,-0.01,148.7,5.08
600,9.9833,-9.83,7.76,88.6,11.02,0.02,-0.02,126.2,1.45,0.11,0.02,156.5,5.09
601,10.0000,0.07,-0.01,98.3,11.01,-0.01,-0.01,114.3,1.45,0.15,0.05,150.9,5.04
602,10.0167,0.00,0.02,99.0,10.95,0.00,-0.01,116.8,1.45,0.43,-0.01,120.0,5.04
603,10.0333,0.05,0.01,94.2,10.95,-0.00,-0.01,100.0,1.45,0.36,-0.00,123.7,5.04
604,10.0500,0.01,0.03,102.8,11.05,-0.01,-0.01,97.7,1.44,0.39,-0.02,141.6,5.06
605,10.0667,0.06,0.07,101.6,11.13,0.01,0.01,101.4,1.43,0.81,-0.01,104.7,5.05
606,10.0833,0.05,0.05,93.3,11.17,-0.02,-0.05,88.8,1.43,0.64,-0.00,109.2,5.03
607,10.1000,0.03,0.01,95.3,11.16,0.00,-0.04,85.8,1.43,0.82,0.03,99.6,5.01
608,10.1167,-0.00,0.03,102.0,11.21,-0.00,-0.02,77.0,1.41,0.80,0.01,96.7,4.99
609,10.1333,-0.00,0.05,115.5,11.31,0.01,-0.01,87.6,1.40,0.49,0.02,86.4,4.97
610,10.1500,0.02,0.04,110.3,11.29,-0.02,-0.02,98.1,1.39,0.38,0.22,84.0,4.95
611,10.1667,0.02,0.04,113.8,11.01,-0.01,-0.01,111.4,1.40,0.47,0.23,72.9,4.86
612,10.1833,-0.02,0.04,108.7,11.08,-0.01,-0.01,123.6,1.38,0.32,0.25,66.4,4.84
613,10.2000,0.03,0.03,115.6,11.12,-0.01,0.00,135.3,1.36,0.22,0.40,56.6,4.84
614,10.2167,-0.01,0.06,105.5,11.15,0.01,-0.01,151.2,1.34,-11.86,11.72,60.9,4.82
615,10.2333,0.02,0.02,107.6,11.18,-0.01,-0.00,163.5,1.32,-12.12,11.96,102.5,4.82
616,10.2500,-0.02,0.02,108.9,11.21,0.00,-0.01,176.7,1.31,0.19,0.29,62.6,4.80
617,10.2667,0.02,0.02,88.6,11.20,0.01,-0.01,160.7,1.26,-11.86,11.84,76.8,4.79
618,10.2833,-9.50,7.53,87.0,11.19,0.00,-0.00,194.1,1.22,-12.18,11.93,78.5,4.78
619,10.3000,0.01,0.02,84.5,11.17,0.00,0.00,221.1,1.20,-12.03,11.86,64.9,4.75
620,10.3167,-9.77,7.65,108.4,11.13,0.00,0.00,215.2,1.19,0.25,0.22,74.7,4.72
621,10.3333,-9.61,7.76,110.1,11.13,0.00,-0.00,196.0,1.19,0.02,0.70,64.2,4.70
622,10.3500,-9.18,7.19,91.2,11.17,-0.00,-0.00,236.6,1.19,0.54,0.18,77.6,4.69
623,10.3667,-9.92,7.88,170.6,11.21,-0.00,0.00,241.0,1.16,0.39,0.32,79.3,4.58
624,10.3833,-9.62,7.41,120.8,11.29,0.00,-0.00,242.3,1.19,0.58,0.50,69.9,4.57
625,10.4000,-9.90,7.83,168.9,11.41,0.00,0.00,215.8,1.20,0.34,0.37,86.8,4.55
626,10.4167,-10.00,7.90,213.3,11.51,0.00,-0.00,241.2,1.19,0.67,0.21,79.2,4.52
627,10.4333,-9.85,7.77,179.7,11.61,0.00,0.00,227.7,1.21,0.81,0.45,68.6,4.50
628,10.4500,-9.95,7.90,230.0,11.68,-0.00,-0.00,227.0,1.20,0.79,0.12,86.4,4.45
629,10.4667,-9.99,7.94,248.0,11.77,0.01,-0.00,215.8,1.19,1.32,0.09,90.6,4.43
630,10.4833,-10.02,7.99,261.4,11.82,0.00,0.00,213.6,1.20,1.40,0.04,105.8,4.40
631,10.5000,-10.03,7.93,266.9,11.83,-0.00,-0.00,229.1,1.21,1.11,-0.03,76.3,4.38
632,10.5167,-10.04,7.99,283.6,11.85,0.00,-0.00,215.6,1.23,1.81,0.07,111.8,4.37
633,10.5333,-10.09,8.00,278.9,11.92,-0.00,0.00,204.0,1.30,1.38,0.04,91.8,4.37
634,10.5500,-10.12,8.01,276.3,12.00,0.00,0.00,218.0,1.44,1.59,0.05,101.5,4.37
635,10.5667,-10.17,8.08,252.6,12.01,0.00,0.00,209.3,1.56,1.69,0.06,98.2,4.36
636,10.5833,-10.18,8.06,268.7,12.09,-0.00,0.00,192.6,1.63,1.54,0.06,104.1,4.36
637,10.6000,-10.26,8.13,249.2,12.24,-0.00,0.00,180.2,1.70,1.19,0.15,73.1,4.36
638,10.6167,-10.22,8.11,252.5,12.36,-0.00,0.00,162.3,1.80,1.53,0.03,113.5,4.36
639,10.6333,-10.29,8.10,256.9,12.42,-0.00,-0.01,145.7,1.85,0.90,0.72,65.0,4.35
640,10.6500,-10.31,8.16,239.7,12.42,0.02,0.01,122.1,1.91,1.37,0.07,75.7,4.34
641,10.6667,-10.41,8.18,219.6,12.48,0.00,0.01,124.2,1.98,1.53,0.06,106.1,4.35
642,10.6833,-10.44,8.21,207.5,12.48,0.00,0.01,111.5,2.07,1.69,0.03,113.9,4.37
643,10.7000,-11.25,8.88,146.0,12.46,0.01,-0.02,101.6,2.16,1.30,0.03,86.8,4.40
644,10.7167,-10.35,8.15,244.9,12.45,-0.02,-0.03,97.7,2.24,1.74,0.06,94.8,4.42
645,10.7333,-12.06,10.07,279.5,12.36,-0.02,-0.02,93.0,2.36,1.35,-0.03,71.0,4.34
646,10.7500,-13.82,11.71,169.9,12.31,-0.01,0.00,80.7,2.40,1.87,0.08,88.4,4.34
647,10.7667,-14.40,11.95,195.5,12.31,0.00,-0.06,63.9,2.48,0.48,-0.01,71.4,4.33
648,10.7833,-11.91,9.39,204.5,12.26,0.04,0.01,57.7,2.51,2.00,0.08,66.8,4.33
649,10.8000,-17.50,14.07,144.4,12.30,-0.05,0.03,47.3,2.60,1.57,-0.01,51.7,4.34
650,10.8167,-18.49,21.56,122.4,12.40,0.05,-0.07,45.5,2.71,1.85,-0.02,51.2,4.34
651,10.8333,-24.04,18.30,102.2,12.59,-0.03,0.01,32.8,2.89,-11.75,11.38,50.7,4.34
652,10.8500,-23.37,28.31,59.3,12.67,-22.30,27.96,42.8,3.08,-11.79,11.81,73.0,4.34
653,10.8667,-29.64,42.18,43.6,12.98,-14.04,29.96,41.5,3.13,-11.67,11.70,69.2,4.34
654,10.8833,-12.36,9.92,191.9,13.10,-10.04,8.01,49.2,3.15,-11.83,12.02,89.2,4.32
655,10.9000,-7.88,7.63,52.2,13.12,-8.05,30.69,19.3,3.18,-11.67,11.88,64.9,4.32
656,10.9167,-8.00,7.52,71.2,13.06,-1.91,31.97,45.5,3.15,-11.97,11.81,86.0,4.33
657,10.9333,-7.96,7.44,98.8,13.09,4.42,30.02,39.4,3.06,-11.46,11.66,54.0,4.32
658,10.9500,-8.06,7.42,114.9,13.09,0.07,0.08,18.9,2.93,-11.94,11.86,74.6,4.32
659,10.9667,-8.17,7.52,105.7,13.46,19.11,31.70,14.3,2.75,-11.95,11.98,92.7,4.31
660,10.9833,-8.04,7.05,103.5,13.82,0.03,-0.02,62.5,2.83,-11.55,11.95,56.0,4.31
661,11.0000,-8.12,7.56,109.5,14.08,0.23,0.05,17.2,2.47,3.98,-1.93,71.6,4.33
662,11.0167,-8.18,7.33,93.4,14.23,0.02,0.06,46.8,2.16,1.77,0.07,81.3,4.33
663,11.0333,-8.14,7.60,105.3,14.38,-0.02,0.00,107.6,1.87,1.86,0.09,81.8,4.30
664,11.0500,-8.35,7.71,107.6,14.30,-0.00,0.00,191.6,1.43,1.98,0.03,95.8,4.30
665,11.0667,-8.16,7.66,116.0,14.04,0.00,-0.00,235.2,1.16,1.74,0.07,80.9,4.31
666,11.0833,-8.37,7.77,103.7,13.86,0.00,0.00,239.4,1.15,1.88,0.02,138.4,4.32
667,11.1000,-8.35,7.74,96.9,14.22,0.00,0.00,236.2,1.14,1.97,0.00,170.4,4.30
668,11.1167,-8.28,7.83,82.4,14.45,-0.00,0.00,230.9,1.15,1.97,-0.00,178.8,4.28
669,11.1333,-8.19,7.98,76.1,14.54,-0.00,0.00,207.1,1.16,1.92,0.02,179.1,4.25
670,11.1500,-8.18,7.80,64.6,14.57,0.00,0.00,234.7,1.17,1.89,0.02,167.4,4.22
671,11.1667,-8.45,7.83,53.2,14.64,0.00,0.00,225.5,1.18,1.95,-0.00,204.3,4.23
672,11.1833,-7.91,6.42,40.9,14.94,0.00,-0.00,218.3,1.20,1.94,0.00,180.2,4.22
673,11.2000,-13.80,4.36,43.6,15.36,0.00,0.01,185.9,1.19,1.94,-0.00,202.3,4.21
674,11.2167,-13.71,4.30,42.2,15.62,-0.00,-0.00,210.1,1.20,1.96,0.00,191.7,4.20
675,11.2333,-8.57,7.63,39.4,15.81,-0.00,-0.00,221.8,1.22,1.96,0.00,189.0,4.20
676,11.2500,-12.22,6.04,80.7,15.78,0.00,-0.00,204.3,1.25,1.90,0.01,163.7,4.19
677,11.2667,-12.38,6.57,67.8,15.81,-0.00,-0.00,194.0,1.26,1.89,-0.00,136.2,4.18
678,11.2833,-12.01,7.69,73.9,15.84,0.00,0.00,185.1,1.27,1.62,0.07,115.5,4.18
679,11.3000,-12.08,7.68,63.2,15.97,0.00,-0.00,166.0,1.28,1.25,0.07,97.9,4.17
680,11.3167,-14.07,9.50,113.0,15.97,-0.00,0.00,151.9,1.30,1.21,-0.00,97.5,4.19
681,11.3333,-14.07,9.79,144.2,16.01,-0.00,0.00,135.0,1.33,1.02,0.04,109.5,4.18
682,11.3500,-13.91,9.65,135.6,16.00,0.00,0.01,117.1,1.35,0.19,0.07,71.8,4.13
683,11.3667,-14.13,9.67,169.6,15.91,-0.00,-0.01,100.6,1.35,0.69,0.24,62.4,4.22
684,11.3833,-13.67,12.44,97.4,15.89,-0.01,-0.02,98.5,1.36,0.85,0.05,91.0,4.23
685,11.4000,-14.43,12.65,94.0,15.90,-0.01,0.01,95.8,1.38,0.73,-0.05,70.2,4.24
686,11.4167,-13.95,12.12,131.4,15.97,-0.01,-0.01,85.2,1.38,0.06,0.03,149.0,4.23
687,11.4333,-14.27,12.26,121.9,15.97,0.02,-0.04,80.8,1.39,0.11,-0.04,109.0,4.25
688,11.4500,-15.34,14.11,71.9,15.93,0.01,-0.00,80.6,1.39,0.23,-0.02,116.4,4.26
689,11.4667,-14.53,14.27,82.2,15.86,0.02,-0.01,81.1,1.39,0.05,-0.02,111.0,4.26
690,11.4833,-15.55,14.21,91.5,15.95,0.00,-0.02,84.9,1.38,0.02,0.02,143.4,4.28
691,11.5000,-15.68,14.35,98.7,15.87,0.01,0.02,85.4,1.41,0.03,0.02,117.0,4.30
692,11.5167,-14.66,16.03,63.9,15.70,0.03,-0.01,99.1,1.39,0.01,-0.01,116.5,4.30
693,11.5333,-14.71,15.97,58.5,15.60,0.01,-0.00,105.6,1.38,0.06,0.00,112.7,4.30
694,11.5500,-19.51,18.42,59.2,15.51,0.01,0.00,109.4,1.39,0.04,0.01,110.4,4.28
695,11.5667,-18.50,18.08,80.7,15.47,-0.02,-0.00,120.9,1.39,0.02,-0.00,80.9,4.32
696,11.5833,-25.29,22.51,84.4,15.37,0.01,0.01,128.4,1.38,0.02,-0.07,85.8,4.45
697,11.6000,-26.11,23.19,91.3,15.13,-0.01,0.00,143.5,1.37,0.19,-0.01,62.3,4.72
698,11.6167,-25.74,22.66,108.1,14.68,0.00,-0.00,162.1,1.38,0.43,-0.00,63.6,4.91
699,11.6333,-26.13,23.06,91.1,14.43,0.00,0.00,172.8,1.38,-11.88,11.98,76.3,4.87
700,11.6500,-17.80,16.66,129.4,14.39,0.00,0.00,191.9,1.42,-12.04,12.02,73.9,4.77
701,11.6667,-17.60,16.44,136.6,14.44,-0.00,0.00,198.4,1.54,0.03,1.86,58.1,4.82
702,11.6833,-17.43,16.91,105.8,14.34,-0.00,0.00,204.1,1.72,0.07,1.88,62.5,4.78
703,11.7000,-16.78,16.41,113.1,14.04,-0.00,-0.00,208.3,1.82,-0.24,3.64,45.7,4.73
704,11.7167,-8.88,3.67,159.7,14.19,-0.00,0.00,204.5,1.91,0.20,4.10,57.2,4.66
705,11.7333,85.66,12.08,34.1,14.79,0.00,-0.00,184.8,2.95,6.02,-0.02,125.6,4.60
706,11.7500,-4.12,23.16,109.3,14.32,0.00,0.01,142.9,4.36,-1.20,7.99,48.2,4.55
707,11.7667,-3.93,33.16,114.4,13.58,-0.00,0.02,119.4,4.83,8.02,0.00,112.7,4.48
708,11.7833,-2.21,25.24,107.1,13.01,-0.00,0.02,94.5,5.08,9.92,-0.09,83.0,4.40
709,11.8000,-1.82,45.93,85.0,12.33,0.02,-0.01,78.9,5.04,-0.30,9.95,59.0,4.32
710,11.8167,-0.05,-0.02,86.9,11.74,-0.00,0.03,73.0,4.96,12.00,-0.06,92.5,4.32
711,11.8333,-0.01,-0.02,136.4,10.59,0.01,0.02,88.8,4.17,13.13,-0.01,69.6,4.34
712,11.8500,0.03,0.03,139.8,10.51,-0.01,-0.00,110.5,3.72,12.24,1.85,89.8,4.35
713,11.8667,0.03,-0.01,136.9,10.53,-0.00,0.00,154.4,1.31,4.18,9.95,60.6,4.28
714,11.8833,-0.04,6.16,136.3,10.47,-0.00,-0.00,225.3,1.32,15.81,-0.01,125.4,4.24
715,11.9000,0.00,0.01,143.7,10.33,0.00,0.00,221.2,1.34,15.82,0.23,90.5,4.20
716,11.9167,0.03,5.94,122.4,10.29,0.00,0.00,230.5,1.35,17.24,-0.28,59.5,4.19
717,11.9333,0.02,0.04,130.1,10.05,-0.00,0.00,226.7,1.36,8.01,8.40,42.0,4.07
718,11.9500,0.06,6.68,118.3,9.80,0.00,0.00,232.7,1.37,1.91,14.31,49.9,4.14
719,11.9667,0.03,0.03,153.5,9.54,0.00,-0.00,231.2,1.38,-0.01,-0.02,33.9,4.14
720,11.9833,0.01,0.01,143.8,9.37,-0.00,-0.00,225.3,1.39,3.89,13.95,108.7,4.17
721,12.0000,-0.04,9.38,84.0,9.19,-0.00,-0.01,188.9,1.35,5.26,14.24,49.3,4.16
722,12.0167,0.02,0.02,84.9,9.10,-0.00,-0.00,218.4,1.35,-0.02,-0.01,47.1,4.17
723,12.0333,-0.02,8.07,101.3,9.02,-0.00,-0.00,210.0,1.37,4.07,14.10,41.2,4.17
724,12.0500,-0.08,8.22,99.1,8.99,-0.00,-0.00,205.3,1.40,5.21,14.12,60.7,4.18
725,12.0667,-0.04,8.27,94.6,8.98,0.00,0.00,199.8,1.40,3.97,15.17,71.8,4.18
726,12.0833,-0.09,7.79,140.4,9.00,-0.01,-0.00,189.2,1.38,4.10,14.16,104.0,4.18
727,12.1000,-0.00,0.08,119.4,9.03,-0.00,-0.00,174.5,1.38,1.35,13.99,86.1,4.16
728,12.1167,-0.04,-0.08,174.4,9.06,0.00,0.01,169.0,1.40,-0.10,12.12,91.9,4.16
729,12.1333,-0.12,0.34,71.6,9.12,-0.01,0.01,152.0,1.39,-3.88,12.05,80.3,4.16
730,12.1500,0.04,0.04,228.0,9.23,0.01,0.01,150.2,1.39,-5.94,10.20,92.0,4.16
731,12.1667,0.03,0.02,254.5,9.34,-0.00,0.00,138.8,1.38,0.10,-0.01,80.5,4.14
732,12.1833,-0.03,-0.01,292.9,9.42,-0.00,-0.00,127.8,1.38,-0.29,-0.04,77.3,4.15
733,12.2000,-0.02,-0.02,282.8,9.53,-0.01,0.01,114.0,1.38,-0.04,-0.01,65.1,4.21
734,12.2167,-0.01,-0.04,161.7,9.65,-0.01,0.02,107.5,1.38,-0.03,0.03,63.5,4.33
735,12.2333,0.02,0.02,156.3,9.78,0.00,0.01,103.5,1.37,-0.08,0.00,61.1,4.43
736,12.2500,-7.53,0.03,106.4,9.79,-0.02,0.02,104.5,1.37,-14.05,3.97,91.7,5.63
737,12.2667,-8.38,0.08,98.9,9.77,0.01,0.01,85.9,1.37,-14.00,1.99,105.0,7.03
738,12.2833,-8.92,-0.03,89.2,9.70,0.01,-0.01,100.3,1.38,-15.69,2.42,58.1,7.76
739,12.3000,-0.04,0.01,142.3,9.65,-0.01,0.02,97.0,1.38,-14.32,0.02,104.4,8.33
740,12.3167,-11.29,-0.01,105.0,9.58,0.03,-0.01,86.6,1.37,-15.82,0.01,129.0,8.78
741,12.3333,-0.03,-0.03,94.5,9.59,-0.02,-0.00,81.0,1.36,-15.99,-0.03,173.0,9.24
742,12.3500,-0.00,-0.03,104.0,9.57,0.00,0.01,91.3,1.36,-16.05,-0.26,105.3,9.59
743,12.3667,0.01,-0.04,85.1,9.57,0.03,-0.02,80.6,1.37,-16.00,-1.86,79.0,9.80
744,12.3833,-0.01,0.02,119.0,9.66,0.02,-0.03,66.3,1.37,-16.08,-1.94,102.8,10.03
745,12.4000,-13.21,-0.11,85.2,9.83,-0.01,-0.01,106.4,1.40,-16.93,-2.02,63.4,10.18
746,12.4167,-12.00,-0.04,106.6,9.97,-11.96,0.03,33.6,1.40,-16.09,-1.83,87.8,10.24
747,12.4333,-11.90,-0.06,103.4,9.98,0.00,0.01,105.6,1.38,-16.20,-1.95,85.3,10.08
748,12.4500,-12.99,-0.07,69.7,9.96,0.01,0.01,102.4,1.40,-16.18,-1.59,64.8,9.94
749,12.4667,-13.19,-0.25,82.3,9.97,-0.02,-0.01,108.5,1.41,-17.82,-0.05,120.4,9.62
750,12.4833,-12.12,-0.07,89.8,9.96,-0.02,0.00,112.4,1.39,-16.56,-0.26,90.6,9.23
751,12.5000,-10.44,0.01,99.6,10.16,0.00,-0.00,121.0,1.40,-16.01,0.02,139.0,8.56
752,12.5167,-12.01,-0.01,88.9,10.43,0.01,-0.01,124.2,1.38,-16.02,0.09,73.9,8.08
753,12.5333,-13.75,0.27,72.6,10.63,0.02,-0.00,133.3,1.36,-17.32,1.92,35.0,7.46
754,12.5500,-14.01,1.21,63.0,10.70,0.02,-0.01,151.3,1.36,-13.61,0.14,52.5,6.88
755,12.5667,-13.82,1.78,72.5,10.73,0.00,-0.00,157.2,1.35,-16.40,3.83,59.9,5.35
756,12.5833,0.00,0.02,116.8,10.68,0.01,-0.00,163.3,1.33,-16.00,3.98,84.8,4.53
757,12.6000,-12.59,2.16,49.6,10.62,0.00,0.01,182.5,1.33,-15.69,4.52,47.5,4.45
758,12.6167,0.01,-0.02,124.4,10.52,0.00,0.00,190.0,1.36,-10.07,-0.04,50.7,4.38
759,12.6333,-0.02,0.01,99.5,10.49,-0.00,-0.01,198.1,1.34,-8.09,-0.13,45.4,4.34
760,12.6500,-12.17,3.97,97.6,10.33,-47.99,112.08,9.5,0.77,16.04,-21.95,31.8,4.15
761,12.6667,-12.08,4.16,131.2,10.21,0.00,0.00,182.8,0.81,-14.06,6.28,44.6,4.11
762,12.6833,-11.82,4.23,105.7,10.20,-0.01,-0.00,179.0,0.82,-0.05,-5.96,109.0,4.11
763,12.7000,-11.87,4.34,110.4,10.23,0.02,0.01,141.3,0.83,-5.91,-0.05,104.8,4.10
764,12.7167,-11.63,4.52,96.2,10.13,0.01,0.02,107.8,0.85,-5.86,-0.03,81.3,4.11
765,12.7333,-11.50,4.92,80.4,10.14,-0.01,0.01,183.2,0.84,-14.00,7.94,60.8,4.12
766,12.7500,-11.45,5.32,95.2,9.99,0.01,-0.01,188.3,0.85,-5.15,0.09,85.3,4.13
767,12.7667,-11.39,5.50,97.1,9.79,0.03,0.01,144.3,0.87,-4.12,-0.07,76.0,4.13
768,12.7833,-11.14,5.59,87.6,9.62,0.01,-0.01,173.3,0.90,-2.04,-1.93,89.8,4.11
769,12.8000,-10.93,5.55,98.8,9.59,0.00,-0.00,191.0,0.91,-4.02,0.03,143.4,4.08
770,12.8167,-10.77,5.47,100.9,9.57,-0.02,0.00,190.0,0.93,-3.82,-0.05,108.8,4.07
771,12.8333,-10.68,5.79,103.4,9.51,-0.00,0.02,157.9,0.95,0.19,-3.45,92.7,4.08
772,12.8500,-10.28,5.71,130.7,9.43,0.00,0.01,182.5,0.96,-2.15,-0.40,84.0,4.08
773,12.8667,-10.83,5.81,108.2,9.50,0.00,0.00,178.4,0.99,-2.43,-0.09,99.5,4.07
774,12.8833,-10.41,5.62,115.7,9.56,-0.01,0.01,156.8,0.99,-2.75,0.04,97.8,4.08
775,12.9000,-10.30,5.87,112.2,9.44,0.00,-0.00,197.6,1.01,1.96,-4.01,126.9,4.08
776,12.9167,-10.92,5.76,104.7,9.55,0.00,0.01,167.7,1.05,2.01,-3.94,105.5,4.06
777,12.9333,-10.35,5.84,109.2,9.69,0.00,-0.01,159.3,1.07,-0.01,-1.88,126.8,4.07
778,12.9500,-10.46,5.88,113.5,9.80,0.00,-0.00,144.2,1.10,0.01,-1.94,133.6,4.08
779,12.9667,-10.83,5.89,85.3,9.87,-0.01,0.00,135.3,1.12,-0.02,-1.93,145.4,4.08
780,12.9833,-10.63,5.92,91.6,9.98,-0.01,-0.01,101.3,1.15,-0.00,-1.92,165.1,4.10
781,13.0000,-8.17,4.17,81.6,10.09,0.01,-0.00,104.7,1.19,-1.94,-0.03,175.2,4.10
782,13.0167,-10.53,5.96,89.2,10.19,-0.01,-0.02,112.4,1.21,-1.92,-0.01,150.2,4.11
783,13.0333,-8.09,4.27,92.6,10.34,0.01,-0.02,91.4,1.22,-1.61,-0.06,100.5,4.13
784,13.0500,-10.49,6.10,82.2,10.56,-0.01,-0.05,76.5,1.25,-1.70,-0.04,104.2,4.15
785,13.0667,-10.35,6.18,96.5,10.79,0.03,-0.00,40.3,1.32,14.06,-14.14,34.8,4.09
786,13.0833,-11.45,8.03,106.3,10.90,-0.02,-0.03,83.2,1.32,-0.01,-1.78,82.6,4.22
787,13.1000,-10.11,7.96,97.3,11.62,0.03,-0.00,86.5,1.35,-0.12,-2.37,88.9,4.38
788,13.1167,-13.92,11.92,119.2,13.06,-0.01,0.02,84.3,1.37,0.08,-3.79,87.3,5.90
789,13.1333,-13.43,12.36,86.7,13.72,0.02,-0.06,77.6,1.69,-14.04,8.07,62.9,7.80
790,13.1500,-11.96,13.85,76.0,14.22,0.02,-0.01,80.7,2.01,-15.64,8.73,42.4,11.16
791,13.1667,-7.36,14.04,59.8,14.63,0.00,-0.01,82.8,2.47,0.16,16.68,49.3,12.81
792,13.1833,-9.98,16.03,104.6,15.04,0.02,-0.00,87.1,5.88,0.06,13.40,112.3,13.34
793,13.2000,-8.13,15.95,122.1,15.24,-0.01,0.00,108.1,9.06,-0.18,9.89,179.7,13.78
794,13.2167,-7.70,16.15,89.8,15.66,0.00,0.01,114.7,10.67,-0.48,6.41,138.8,13.75
795,13.2333,-7.62,16.22,93.9,15.93,-0.00,0.01,99.4,11.62,-0.62,4.02,173.0,13.74
796,13.2500,-7.58,16.26,89.8,16.20,-0.00,0.01,88.0,12.43,-0.62,2.16,161.6,13.80
797,13.2667,-7.16,16.33,93.6,16.49,0.01,-0.01,76.3,13.00,-1.21,1.61,126.7,13.73
798,13.2833,-7.50,16.51,88.0,16.75,-5.98,1.25,65.0,13.37,-0.77,0.72,110.6,13.77
799,13.3000,-8.05,16.06,157.6,16.70,-3.25,-0.47,43.0,13.47,-1.01,1.52,115.3,13.73
800,13.3167,-8.11,16.07,141.7,16.66,-0.18,0.21,80.6,13.57,-0.89,1.33,116.5,13.74
801,13.3333,-8.20,15.87,122.1,16.75,0.77,-0.30,61.2,13.48,-0.71,0.27,148.3,13.72
802,13.3500,-8.38,15.51,103.6,16.87,1.74,-0.44,51.4,13.31,-0.67,-0.09,174.4,13.68
803,13.3667,-7.85,14.52,113.8,16.99,3.93,-0.19,64.8,13.04,-0.49,-1.09,123.7,13.75
804,13.3833,-8.10,14.13,159.2,17.03,-0.17,0.00,63.9,12.73,-0.47,-1.70,162.7,13.95
805,13.4000,-8.19,13.87,149.1,17.00,-0.34,-0.03,72.4,12.31,-0.45,-1.96,203.7,13.84
806,13.4167,-8.22,13.38,126.8,17.18,-0.53,-0.02,69.5,11.72,-0.34,-2.12,196.5,13.99
807,13.4333,-7.92,12.32,162.8,17.20,-1.11,0.04,82.8,11.13,-0.31,-2.31,169.4,13.97
808,13.4500,-8.05,12.07,201.6,16.91,-0.27,-0.01,120.1,10.24,-0.37,-2.98,127.3,13.79
809,13.4667,-8.14,11.88,190.2,16.74,-0.15,0.01,127.2,9.39,-0.21,-3.62,166.5,13.84
810,13.4833,-8.17,11.50,162.8,16.65,-0.03,0.01,166.7,7.89,-0.27,-3.79,168.4,14.00
811,13.5000,-7.87,10.41,178.2,16.65,0.00,0.02,196.2,6.20,-0.22,-3.89,177.6,14.07
812,13.5167,-7.99,10.16,234.6,16.57,0.01,0.01,215.5,4.58,-0.19,-3.97,172.8,13.76
813,13.5333,-8.04,10.01,256.1,16.65,0.02,0.04,167.9,3.31,-0.19,-4.03,165.2,13.54
814,13.5500,-8.09,9.92,258.8,16.77,0.16,0.05,100.0,2.80,-0.21,-4.06,153.1,13.10
815,13.5667,-8.17,9.65,216.8,16.95,0.28,0.05,96.8,2.63,-0.18,-4.04,135.9,12.86
816,13.5833,-8.27,9.14,180.4,17.26,0.25,0.09,89.7,2.58,0.02,-0.19,135.9,12.73
817,13.6000,-7.93,8.48,210.7,17.57,0.27,0.02,95.8,2.61,0.09,-0.38,115.0,12.47
818,13.6167,-7.99,8.24,252.5,17.60,0.26,-0.00,94.5,2.71,0.07,-0.51,106.0,12.33
819,13.6333,-8.04,8.14,293.5,17.41,0.27,0.03,78.5,2.97,1.05,-0.38,68.8,12.07
820,13.6500,-8.06,8.04,347.7,17.04,0.08,0.04,108.1,3.26,0.67,-0.53,94.9,11.91
821,13.6667,-8.11,8.01,335.0,16.91,0.12,0.06,88.1,3.60,0.85,-0.36,90.3,11.63
822,13.6833,-8.16,7.95,301.9,16.96,0.11,0.06,71.7,3.84,0.62,-0.07,120.6,11.42
823,13.7000,-8.23,7.93,295.9,16.58,0.01,0.02,94.2,3.60,0.55,0.03,133.7,11.32
824,13.7167,-8.29,7.88,275.9,16.24,0.20,0.03,70.0,3.48,0.54,0.17,81.2,11.31
825,13.7333,-8.31,7.81,268.0,16.27,0.02,-0.01,101.3,3.29,0.69,0.13,78.0,11.23
826,13.7500,-8.33,7.77,248.3,16.16,0.09,0.00,76.1,3.20,1.77,0.01,122.6,11.18
827,13.7667,-8.44,7.65,219.7,16.21,0.03,0.01,116.7,3.13,0.10,-0.10,93.4,11.13
828,13.7833,-8.38,7.53,209.4,16.44,0.06,0.04,103.0,2.94,2.16,1.13,62.2,11.09
829,13.8000,-8.81,7.61,175.2,16.75,0.02,0.01,128.7,2.87,1.76,0.18,76.7,11.06
830,13.8167,-8.55,7.34,161.3,16.97,0.01,-0.00,133.4,2.76,1.68,-0.03,87.6,11.03
831,13.8333,-8.05,6.77,141.9,17.06,0.06,-0.02,125.8,2.61,1.66,0.08,75.7,11.01
832,13.8500,-8.13,6.71,130.9,17.19,0.00,0.00,156.7,2.40,-11.95,12.03,85.5,11.00
833,13.8667,-8.20,6.56,129.2,17.31,0.02,-0.02,147.4,2.39,1.32,-0.09,72.2,11.02
834,13.8833,-8.25,6.39,127.9,17.88,0.01,-0.00,176.6,2.81,-11.93,11.86,88.1,11.07
835,13.9000,-8.25,6.41,116.1,17.96,0.00,0.00,173.6,3.53,1.61,0.04,66.2,11.04
836,13.9167,-8.16,6.26,138.6,17.80,0.00,0.00,192.7,3.99,0.71,-0.02,72.9,11.05
837,13.9333,-8.30,6.32,97.3,17.60,0.00,0.00,204.6,4.36,-12.02,12.06,70.3,11.08
838,13.9500,-8.22,6.22,105.1,17.41,0.00,0.00,212.9,4.58,0.11,0.15,87.6,11.09
839,13.9667,-8.25,6.21,101.2,17.44,-0.00,-0.00,210.7,4.65,0.22,0.39,78.0,11.08
840,13.9833,-8.25,6.21,83.1,17.48,0.00,-0.00,160.7,4.60,0.38,0.29,66.4,11.10
841,14.0000,-8.17,6.16,82.1,17.55,-0.01,-0.00,183.5,4.58,0.15,0.65,92.2,11.08
842,14.0167,-8.61,6.05,67.7,17.51,-0.01,0.01,172.6,4.56,-0.11,0.46,103.2,11.11
843,14.0333,-8.35,6.06,60.4,17.46,-0.01,0.00,163.8,4.56,0.03,0.54,134.0,11.10
844,14.0500,-8.57,5.96,51.2,17.48,0.01,-0.02,148.2,4.56,0.04,0.56,124.0,11.10
845,14.0667,-19.23,9.55,47.6,17.54,0.02,0.01,131.8,4.51,0.20,0.29,140.1,11.10
846,14.0833,-17.68,10.37,59.7,17.66,0.00,0.01,118.5,4.48,0.05,0.48,156.5,11.11
847,14.1000,-17.83,10.06,96.0,17.71,-0.02,0.02,103.3,4.44,0.08,0.49,140.9,11.10
848,14.1167,-17.93,10.25,97.1,17.89,-0.02,0.02,92.8,4.40,0.07,0.47,149.7,11.10
849,14.1333,-18.57,10.65,71.4,18.07,-0.00,-0.02,81.6,4.39,0.07,0.41,153.9,11.09
850,14.1500,-18.14,12.03,105.1,17.99,-0.05,-0.04,67.2,4.34,0.07,0.38,148.8,11.08
851,14.1667,-18.08,12.90,95.0,17.85,-0.02,0.01,63.9,4.23,-0.01,0.40,128.5,11.08
852,14.1833,-17.89,13.33,99.5,17.78,-0.03,0.06,44.3,4.14,0.02,0.45,131.3,11.11
853,14.2000,-17.85,13.52,116.4,17.72,0.01,0.03,43.7,4.15,1.89,-0.05,139.5,10.90
854,14.2167,-16.59,14.23,95.8,17.70,-0.00,0.01,114.4,4.28,2.74,0.04,63.4,10.71
855,14.2333,-15.88,14.21,108.0,17.64,0.00,0.00,130.0,4.55,-0.01,3.99,97.7,10.49
856,14.2500,-15.38,14.91,65.8,17.23,0.01,0.01,132.6,5.10,-8.22,12.25,59.5,10.23
857,14.2667,-14.30,15.70,98.1,17.16,-0.01,-0.01,133.0,6.27,7.88,-0.00,40.7,10.00
858,14.2833,-12.64,15.79,102.5,17.24,0.00,-0.01,151.5,7.47,-6.01,14.01,88.8,9.78
859,14.3000,-10.51,15.74,90.3,17.38,0.00,0.00,136.9,8.82,-4.07,13.99,104.6,9.80
860,14.3167,-9.39,15.55,82.8,17.67,-0.00,0.02,110.3,9.72,-2.02,13.96,115.1,9.91
861,14.3333,-7.75,15.96,96.5,17.88,-0.47,7.03,23.8,10.43,-0.00,13.94,116.2,10.00
862,14.3500,-6.01,15.31,78.5,17.55,0.01,0.00,115.9,11.11,0.67,14.15,56.2,10.21
863,14.3667,1.77,7.19,94.8,17.36,0.01,0.00,114.7,11.72,2.71,13.94,43.6,10.35
864,14.3833,3.07,6.52,80.1,17.29,0.03,-0.00,91.9,13.06,5.84,10.09,35.2,10.61
865,14.4000,3.96,6.42,143.3,17.22,0.04,0.03,71.1,14.50,24.09,-0.69,25.0,10.98
866,14.4167,4.44,6.14,144.1,16.94,0.14,0.09,40.3,15.80,20.60,0.17,61.1,11.15
867,14.4333,5.78,6.25,191.8,16.60,-4.06,1.60,62.3,16.69,21.71,-0.25,41.7,11.25
868,14.4500,6.11,6.08,226.9,16.17,-3.95,1.65,75.8,17.40,0.12,19.99,83.2,11.49
869,14.4667,6.58,5.94,182.7,15.53,-3.56,-0.13,40.0,17.65,11.88,9.97,43.8,11.62
870,14.4833,7.52,6.11,184.5,15.06,-2.41,1.93,46.2,18.64,13.99,8.00,68.8,11.79
871,14.5000,7.88,5.92,211.7,14.81,-2.07,1.55,74.1,19.06,-1.01,0.49,46.1,11.96
872,14.5167,8.12,5.80,206.4,14.34,-1.92,0.45,88.0,19.39,-0.96,0.27,51.1,12.09
873,14.5333,8.59,5.85,181.4,14.15,-1.85,1.29,68.0,19.51,-0.55,0.18,70.1,12.13
874,14.5500,8.56,5.64,170.2,14.07,-1.40,0.71,55.4,19.43,-0.40,0.09,85.8,12.20
875,14.5667,9.16,5.81,147.0,13.90,-0.86,0.51,59.7,19.31,-0.33,0.08,97.3,12.24
876,14.5833,9.76,5.88,218.3,13.80,-0.56,0.55,64.0,19.37,-0.25,0.06,105.5,12.26
877,14.6000,9.67,5.83,197.7,13.73,-0.28,0.21,73.2,19.41,-0.22,0.08,109.6,12.30
878,14.6167,9.77,5.89,213.7,13.67,-0.12,-0.19,67.3,19.45,-0.07,0.01,128.4,12.29
879,14.6333,9.83,5.84,222.9,13.65,-0.05,-0.22,62.5,19.07,-0.04,0.00,128.0,12.27
880,14.6500,9.85,5.92,228.8,13.64,10.17,7.64,70.6,18.43,-0.05,-0.02,148.1,12.30
881,14.6667,9.86,5.93,230.5,13.90,10.17,7.64,77.5,18.32,-0.02,-0.04,150.6,12.30
882,14.6833,9.85,5.94,233.1,14.12,10.17,7.88,96.1,18.30,-0.00,-0.03,153.4,12.29
883,14.7000,9.81,5.97,218.5,14.18,10.24,7.88,94.0,18.19,0.06,-0.11,161.8,12.18
884,14.7167,9.79,6.05,224.6,14.20,10.27,8.06,96.0,17.96,0.14,-0.13,164.5,12.09
885,14.7333,9.51,6.23,195.7,14.31,10.18,8.13,86.5,17.73,0.26,-0.26,134.9,12.00
886,14.7500,8.61,6.03,187.3,14.31,10.01,8.36,75.6,17.57,0.11,-0.12,95.2,11.66
887,14.7667,7.93,6.57,199.2,14.38,8.13,9.58,92.6,17.25,-0.03,0.01,112.2,11.33
888,14.7833,6.00,7.31,178.9,14.41,5.93,9.64,96.5,16.60,-0.00,0.01,98.1,11.19
889,14.8000,2.29,6.17,223.5,14.67,2.36,8.95,91.3,15.51,17.59,4.29,85.1,11.69
890,14.8167,-0.14,5.87,238.8,14.53,-0.74,7.65,97.2,15.08,15.73,5.58,111.2,12.37
891,14.8333,-2.33,5.06,149.6,14.39,-3.23,6.60,76.8,14.94,12.91,5.77,93.1,12.68
892,14.8500,-4.28,4.17,242.3,14.37,-5.90,5.94,119.6,14.61,11.06,4.36,98.6,12.82
893,14.8667,-6.22,3.91,211.3,14.39,-6.80,4.03,89.0,14.14,9.15,3.99,153.7,12.98
894,14.8833,-7.76,3.46,157.0,14.33,-8.29,3.67,102.7,13.77,7.71,3.80,200.1,13.19
895,14.9000,-8.42,2.53,147.6,14.33,-10.05,3.49,106.7,13.62,6.09,2.98,154.0,13.45
896,14.9167,-9.68,2.17,168.1,14.36,-10.52,2.36,84.2,13.61,5.52,2.11,182.9,13.62
897,14.9333,-10.16,2.07,218.1,14.35,-11.81,2.07,119.3,13.73,4.08,2.02,264.7,13.90
898,14.9500,-10.86,2.10,141.5,14.30,-12.12,1.92,157.3,13.78,3.78,1.87,229.6,14.16
899,14.9667,-11.75,1.77,158.9,14.26,-12.76,1.93,108.9,13.87,2.60,1.77,158.3,14.45
900,14.9833,-11.92,1.71,156.7,14.17,-13.19,1.55,99.1,13.93,2.20,1.66,191.1,14.38
901,15.0000,-12.20,1.68,158.2,14.13,-13.82,1.39,123.3,14.10,2.00,1.91,264.4,14.52
902,15.0167,-12.18,1.36,134.9,14.10,-13.98,0.55,125.1,14.19,1.83,1.87,244.6,14.62
903,15.0333,-12.05,0.48,144.5,14.07,-14.02,0.30,147.7,14.25,1.59,1.92,213.5,14.69
904,15.0500,-12.20,0.20,184.3,14.06,-14.14,0.07,175.4,14.31,1.15,1.95,179.6,14.75
905,15.0667,-12.31,0.12,204.3,13.98,-14.24,-0.01,169.4,14.29,0.87,2.00,177.7,14.97
906,15.0833,-12.41,0.07,200.6,13.89,-14.16,-0.14,162.8,14.25,0.39,1.97,222.3,15.05
907,15.1000,-12.40,0.02,186.6,13.80,-14.21,-0.42,117.9,14.24,0.17,2.06,255.6,15.07
908,15.1167,-12.61,-0.09,159.6,13.71,-14.40,-1.05,89.6,14.27,0.17,1.96,256.8,15.12
909,15.1333,-13.39,-0.34,146.5,13.60,-14.48,-1.63,114.2,14.09,0.12,1.89,245.0,15.14
910,15.1500,-12.32,-0.35,154.5,13.49,-14.01,-1.92,155.7,13.81,0.10,1.64,212.7,15.02
911,15.1667,-13.64,-0.35,133.8,13.38,-14.21,-1.92,163.9,13.53,0.06,1.38,188.8,15.03
912,15.1833,-13.77,-0.36,130.2,13.29,-14.26,-1.96,153.4,13.44,0.05,0.97,167.1,15.24
913,15.2000,-12.25,-1.74,114.6,13.10,-14.28,-2.00,140.4,13.33,0.05,0.62,187.6,15.28
914,15.2167,-12.41,-1.65,112.8,12.87,-14.29,-2.00,136.7,13.09,0.06,0.35,212.3,15.06
915,15.2333,-12.23,-1.71,119.8,12.65,-14.42,-2.03,118.7,12.76,0.03,0.23,227.5,15.30
916,15.2500,-12.21,-1.77,117.9,12.46,-14.41,-2.05,112.0,12.50,0.02,0.21,235.1,15.32
917,15.2667,-12.19,-1.78,110.6,12.30,-14.46,-2.13,94.2,12.34,0.02,0.15,242.8,15.32
918,15.2833,-12.12,-1.85,110.4,12.11,-14.33,-2.08,96.1,12.24,0.02,0.12,249.3,15.09
919,15.3000,-12.13,-1.90,117.9,11.92,-14.62,-2.08,83.7,12.01,0.02,0.08,252.6,15.07
920,15.3167,-12.18,-1.86,123.1,11.76,-12.14,-3.91,70.4,11.81,0.00,0.09,255.1,15.06
921,15.3333,-12.08,-1.87,115.4,11.69,-12.18,-3.91,77.8,11.61,0.01,0.06,255.4,15.07
922,15.3500,-12.15,-1.85,109.5,11.63,-12.17,-3.91,70.8,11.38,0.00,0.05,253.3,14.99
923,15.3667,-11.82,-1.91,122.5,11.62,-12.13,-3.99,68.5,11.11,0.01,0.04,252.4,15.06
924,15.3833,-12.00,-1.89,115.3,11.59,-12.12,-3.89,92.1,10.97,0.01,0.03,253.8,14.99
925,15.4000,-11.96,-1.81,101.2,11.64,-12.07,-3.90,66.7,10.77,-0.00,0.03,253.9,14.85
926,15.4167,-12.28,-1.85,101.0,11.66,0.02,0.00,50.7,10.55,-0.01,0.01,255.0,14.75
927,15.4333,-11.92,-1.82,125.6,11.70,-13.94,-2.16,65.3,10.25,0.00,-0.00,254.4,14.65
928,15.4500,-13.97,-0.24,88.2,11.78,-13.84,-2.11,47.2,9.97,0.09,-0.27,208.5,14.47
929,15.4667,-13.72,-0.23,109.3,11.90,-13.74,-1.93,55.7,9.57,0.11,-1.82,217.4,14.55
930,15.4833,-13.41,-0.15,116.2,12.01,-12.43,-2.17,48.1,9.13,0.09,-2.97,150.9,14.35
931,15.5000,-12.32,-0.07,144.4,12.19,-15.29,-0.01,39.3,8.64,-0.12,-4.54,168.2,14.39
932,15.5167,-11.85,0.04,177.8,12.30,-12.84,-0.66,46.0,8.16,-0.40,-4.48,139.5,14.29
933,15.5333,-13.92,1.83,96.7,12.36,-11.79,-0.09,57.6,7.68,-0.42,-4.15,159.0,14.17
934,15.5500,-10.05,0.01,164.3,12.40,-13.89,1.56,51.3,7.16,-0.78,-4.03,137.5,14.06
935,15.5667,-12.06,1.79,110.4,12.40,0.02,0.00,126.7,6.55,-0.71,-3.98,139.4,13.83
936,15.5833,-11.91,1.98,117.2,12.40,0.01,0.01,172.3,5.88,-0.83,-3.70,109.7,13.38
937,15.6000,-11.45,1.98,97.7,12.44,0.00,-0.00,188.4,5.26,-1.21,-3.60,105.7,13.23
938,15.6167,-9.98,1.98,173.5,12.33,0.01,-0.00,145.4,4.78,-1.23,-2.50,90.0,13.16
939,15.6333,-6.06,0.05,93.9,12.26,-0.00,0.00,207.1,4.28,-1.03,-2.11,100.1,13.09
940,15.6500,-11.94,3.92,71.3,12.21,-0.00,-0.00,206.3,3.67,-0.90,-2.13,104.4,13.06
941,15.6667,-11.74,3.89,71.3,12.17,-0.00,-0.00,200.3,2.03,-0.55,-2.01,111.5,13.01
942,15.6833,-8.23,1.98,76.0,12.11,-0.00,-0.00,193.8,1.48,-0.47,-1.85,106.0,12.99
943,15.7000,-11.01,4.21,73.4,12.08,0.01,-0.00,176.1,1.48,-0.76,-1.85,86.9,12.92
944,15.7167,-3.99,0.02,93.3,13.00,0.00,-0.01,177.6,1.48,-0.66,-1.76,78.4,12.83
945,15.7333,-10.47,3.93,79.9,13.22,-0.00,-0.00,167.9,1.48,-1.03,-1.74,72.0,12.78
946,15.7500,-10.12,3.97,136.8,13.20,-0.01,-0.01,152.2,1.45,0.01,-3.54,110.2,12.65
947,15.7667,-10.11,4.00,120.2,13.21,-0.00,0.00,148.9,1.46,-0.02,-3.67,125.1,12.58
948,15.7833,-10.05,4.07,107.3,13.19,-0.02,-0.00,138.3,1.46,-0.33,-1.01,68.8,12.51
949,15.8000,-11.83,5.90,85.3,13.19,-0.00,-0.01,120.2,1.44,-3.80,-0.08,99.5,12.53
950,15.8167,-11.80,5.95,94.1,13.06,0.00,0.03,118.2,1.43,-0.13,-0.41,87.3,12.48
951,15.8333,-11.73,5.99,101.1,12.96,0.01,0.00,106.5,1.45,-0.07,-1.41,94.5,12.41
952,15.8500,-11.67,6.03,108.9,12.98,-0.01,-0.01,98.8,1.46,-0.04,-1.58,99.6,12.37
953,15.8667,-11.75,6.00,111.1,13.09,-0.01,0.01,96.0,1.47,-0.46,-0.82,88.2,12.35
954,15.8833,-11.89,6.13,131.8,13.10,0.01,-0.02,103.3,1.48,-0.11,-0.57,98.0,12.36
955,15.9000,-11.51,6.03,107.6,13.08,-0.01,-0.01,110.3,1.50,-0.51,-0.30,92.4,12.32
956,15.9167,-11.79,6.08,128.8,13.04,-0.01,0.01,116.0,1.52,-0.47,-0.29,93.2,12.33
957,15.9333,-11.94,6.27,139.9,12.97,0.01,-0.00,120.8,1.54,-1.31,-0.00,94.9,12.28
958,15.9500,-11.58,6.08,128.7,12.91,-0.02,-0.01,133.5,1.54,-0.32,-0.09,100.8,12.29
959,15.9667,-11.97,6.34,151.8,12.86,-0.00,0.00,145.6,1.53,-0.68,-0.12,91.6,12.24
960,15.9833,-11.79,6.20,154.9,12.86,-0.00,-0.01,153.8,1.52,-0.41,-0.17,86.8,12.24
961,16.0000,-11.90,6.26,158.0,12.92,-0.00,0.00,173.0,1.53,-0.68,-0.20,81.7,12.18
962,16.0167,-11.83,6.24,155.7,12.95,-0.00,-0.00,181.1,1.51,-0.17,-0.32,88.7,12.19
963,16.0333,-11.85,6.33,160.7,13.92,0.01,-0.01,198.7,1.50,-0.07,-0.10,146.3,12.15
964,16.0500,-11.83,6.36,158.8,14.04,0.00,-0.00,207.5,1.50,-0.03,-1.27,96.1,12.13
965,16.0667,-11.78,6.44,144.5,14.14,-0.00,-0.00,212.8,1.49,-0.29,-0.47,94.3,12.13
966,16.0833,-11.72,6.48,140.5,14.19,0.00,-0.00,212.4,1.48,-1.18,-0.11,90.1,12.11
967,16.1000,-11.88,7.27,118.5,14.22,0.00,0.00,215.5,1.47,-1.40,-0.11,97.7,12.05
968,16.1167,-11.77,7.31,106.9,14.21,-0.00,0.00,205.8,1.47,-0.26,-0.14,100.5,11.98
969,16.1333,-11.74,7.55,112.3,14.25,0.00,0.00,195.6,1.45,-0.25,-0.28,107.0,11.93
970,16.1500,-11.72,7.68,111.6,14.38,0.00,0.01,189.9,1.44,-0.43,-0.19,115.3,11.87
971,16.1667,-11.63,7.73,106.9,14.49,-0.00,-0.00,178.8,1.43,-0.49,-0.11,119.3,11.77
972,16.1833,-11.64,7.81,111.1,14.46,-0.00,0.00,163.2,1.44,-0.08,-0.08,164.8,11.69
973,16.2000,-11.34,7.96,99.8,14.44,0.00,-0.01,156.3,1.44,-0.08,-0.03,179.8,11.60
974,16.2167,0.00,-0.15,118.4,14.40,0.01,-0.00,143.5,1.43,-0.04,-0.04,254.7,11.56
975,16.2333,0.04,-0.16,113.5,14.30,-0.01,-0.00,135.6,1.47,-0.04,-0.03,247.0,11.48
976,16.2500,0.08,-0.16,111.5,14.17,-0.00,0.00,126.6,1.49,-0.00,-0.04,204.5,11.39
977,16.2667,0.12,-0.32,80.9,14.14,-0.00,0.01,125.8,1.51,0.09,-0.08,167.1,11.34
978,16.2833,0.04,-0.22,109.3,14.34,0.00,0.00,113.8,1.54,0.14,-0.04,172.0,11.32
979,16.3000,-8.26,5.67,102.9,14.07,0.01,0.02,107.5,1.56,0.55,-0.05,137.6,11.27
980,16.3167,-8.22,5.77,117.8,13.92,0.01,-0.01,98.8,1.58,0.46,-0.03,155.7,11.26
981,16.3333,-8.20,5.77,129.3,13.49,0.00,0.02,91.3,1.60,0.17,-0.19,86.0,11.26
982,16.3500,-8.22,5.87,131.7,13.28,0.00,0.02,104.1,1.61,0.16,-0.06,112.8,11.23
983,16.3667,-8.17,5.84,132.5,13.20,-0.00,0.00,107.8,1.65,0.32,-0.13,99.1,11.19
984,16.3833,-8.22,5.92,139.6,13.12,-0.02,-0.00,114.6,1.65,0.53,-0.01,127.8,11.17
985,16.4000,-8.36,6.01,122.6,13.09,0.01,-0.00,128.9,1.66,0.93,0.04,99.0,11.14
986,16.4167,-8.10,5.88,142.0,13.07,-0.00,0.00,138.7,1.67,0.16,0.13,106.1,11.11
987,16.4333,-8.23,5.94,132.1,13.10,-0.00,-0.01,155.3,1.67,0.24,0.31,73.2,11.11
988,16.4500,0.09,-0.16,120.9,13.12,0.01,-0.00,167.5,1.67,-0.04,-0.04,91.1,11.10
989,16.4667,-8.14,5.92,152.1,13.14,0.00,0.00,183.9,1.66,0.41,-0.06,66.4,11.08
990,16.4833,-8.27,5.95,131.7,13.18,-0.00,0.00,175.3,1.66,0.42,0.00,67.5,11.08
991,16.5000,-8.34,6.08,123.8,13.25,0.00,-0.00,202.4,1.67,0.92,0.08,63.0,11.08
992,16.5167,-8.37,6.11,121.8,13.33,-0.00,0.00,210.0,1.65,0.59,-0.05,70.9,11.06
993,16.5333,-8.22,6.03,142.3,13.37,-0.00,0.00,210.4,1.65,0.25,-0.02,66.2,11.06
994,16.5500,-8.32,6.03,129.8,13.36,-0.00,0.00,194.5,1.64,1.26,0.04,57.8,11.07
995,16.5667,-8.33,6.02,125.6,13.85,-0.00,0.00,196.1,1.67,0.96,0.06,66.3,11.05
996,16.5833,-8.37,6.08,127.1,14.14,-0.00,-0.00,183.9,1.68,1.60,0.03,87.5,11.05
997,16.6000,-8.38,6.05,124.1,14.35,-0.01,-0.00,166.6,1.67,1.54,0.02,91.3,11.05
998,16.6167,-8.49,6.11,120.0,14.43,-0.01,-0.00,155.8,1.67,1.57,-0.04,82.8,11.06
999,16.6333,-8.29,6.12,127.1,14.54,0.00,-0.01,143.2,1.68,1.80,-0.06,99.0,11.05
1000,16.6500,-8.32,6.06,119.2,14.55,-0.00,0.00,136.8,1.69,1.61,-0.00,112.4,11.04
1001,16.6667,-8.37,6.09,110.8,14.52,0.00,-0.01,125.7,1.68,1.81,-0.02,113.3,11.05
1002,16.6833,-8.47,6.14,110.2,14.48,-0.03,-0.01,111.9,1.71,1.75,-0.01,131.1,11.04
1003,16.7000,0.18,-0.14,100.4,14.47,0.00,0.01,100.9,1.71,1.83,-0.02,166.7,11.04
1004,16.7167,-8.39,6.11,106.8,14.54,0.00,0.01,105.6,1.71,1.73,0.03,89.4,11.04
1005,16.7333,0.18,-0.06,109.4,14.57,0.00,0.00,97.2,1.71,1.62,0.12,82.8,11.03
1006,16.7500,0.16,-0.07,114.2,14.57,0.01,0.01,89.5,1.72,1.79,0.04,156.8,11.04
1007,16.7667,0.11,-0.04,106.6,14.61,0.02,-0.01,90.5,1.72,1.80,-0.01,161.9,11.03
1008,16.7833,0.16,-0.06,119.3,14.63,0.02,0.01,91.7,1.73,1.67,0.01,112.9,11.03
1009,16.8000,0.13,-0.06,108.9,14.67,0.01,-0.02,97.5,1.74,1.75,0.10,115.9,11.01
1010,16.8167,-8.53,6.28,91.9,14.59,15.92,31.99,9.7,1.39,1.49,-0.02,56.0,10.93
1011,16.8333,0.12,-0.08,116.0,14.75,-0.06,0.10,41.1,1.43,1.82,0.00,170.2,10.93
1012,16.8500,0.11,-0.16,102.5,14.87,-0.02,-0.00,68.0,1.48,1.76,-0.00,128.3,10.94
1013,16.8667,0.13,-0.07,111.6,14.98,0.02,-0.01,81.0,1.52,1.83,0.04,142.2,10.94
1014,16.8833,0.18,-0.04,84.0,15.03,-0.02,0.01,85.0,1.51,1.84,-0.01,144.8,10.94
1015,16.9000,0.13,-0.11,101.9,15.03,-0.00,0.01,108.1,1.51,1.75,-0.05,81.1,10.92
1016,16.9167,0.16,-0.03,91.8,15.01,0.01,0.00,124.2,1.53,1.80,0.04,100.5,10.94
1017,16.9333,0.12,-0.08,100.4,14.99,0.01,0.00,145.8,1.54,-11.77,10.63,48.7,10.95
1018,16.9500,0.13,-0.05,103.1,14.91,-0.01,-0.00,166.6,1.55,-11.76,12.10,47.3,10.95
1019,16.9667,0.10,-0.06,102.0,15.04,0.00,0.01,176.9,1.56,-11.92,12.02,88.1,10.94
1020,16.9833,0.16,-0.01,98.4,15.14,-0.00,0.00,193.2,1.58,1.79,0.03,103.1,10.93
1021,17.0000,0.10,-0.06,98.9,15.18,0.00,0.00,194.6,1.57,1.72,-0.05,80.5,10.94
1022,17.0167,0.09,0.02,96.4,15.06,-0.00,0.01,188.4,1.57,1.80,-0.06,89.2,10.95
1023,17.0333,0.09,-0.07,95.6,15.06,-0.00,0.00,170.8,1.62,0.05,1.77,101.1,10.94
1024,17.0500,-6.57,5.95,114.1,15.06,-0.00,-0.01,151.7,1.65,0.01,1.79,128.0,10.94
1025,17.0667,-6.49,5.76,102.9,15.05,-0.01,0.00,139.9,1.65,1.78,-0.05,90.3,10.93
1026,17.0833,-6.42,5.73,117.0,15.05,-0.01,-0.01,128.6,1.64,0.01,1.82,134.4,10.93
1027,17.1000,-6.50,5.84,130.1,15.08,-0.01,-0.00,109.3,1.65,0.04,1.79,137.4,10.91
1028,17.1167,-6.73,5.85,119.2,14.94,0.00,-0.02,101.6,1.66,0.01,1.78,156.2,10.91
1029,17.1333,-6.72,5.74,124.3,14.87,0.00,-0.02,97.2,1.66,0.03,1.79,147.4,10.92
1030,17.1500,-6.95,5.83,132.4,14.77,0.00,0.02,91.5,1.68,0.00,1.81,156.9,10.90
1031,17.1667,-6.44,5.81,144.4,14.80,-0.01,0.01,86.2,1.69,0.01,1.83,179.6,10.90
1032,17.1833,-6.73,5.78,145.1,14.75,0.01,-0.02,86.3,1.69,0.00,1.83,188.1,10.89
1033,17.2000,-6.68,5.87,165.1,14.70,0.00,0.01,88.7,1.71,0.01,1.79,170.3,10.86
1034,17.2167,-7.06,5.83,149.6,14.55,0.01,-0.03,87.7,1.73,0.02,1.82,158.1,10.89
1035,17.2333,-6.65,5.83,160.6,14.57,-0.01,-0.00,87.3,1.75,0.01,1.81,153.7,10.89
1036,17.2500,-6.65,5.85,168.6,14.59,0.00,-0.03,92.9,1.77,0.04,1.73,135.1,10.88
1037,17.2667,-7.36,5.92,183.1,14.50,0.01,-0.01,99.0,1.80,-0.00,1.71,109.3,10.86
1038,17.2833,-6.72,5.78,164.8,14.63,-0.02,0.01,109.6,1.80,0.01,1.71,105.2,10.85
1039,17.3000,-6.79,5.86,183.7,14.75,-0.01,-0.00,117.3,1.81,-0.08,1.64,90.3,10.83
1040,17.3167,-6.99,5.86,165.0,14.80,0.01,0.00,125.2,1.84,0.02,1.63,93.7,10.82
1041,17.3333,-7.00,5.90,183.9,14.87,0.00,-0.00,140.3,1.84,-10.81,12.03,60.6,10.80
1042,17.3500,-7.44,5.99,210.3,14.96,0.00,0.00,154.6,1.86,0.03,0.29,77.3,10.82
1043,17.3667,-7.06,5.77,172.9,15.06,0.00,-0.00,167.8,1.86,0.05,-0.06,49.5,10.82
1044,17.3833,-6.98,5.88,181.1,15.07,0.00,-0.00,183.2,1.85,0.03,1.49,65.2,10.81
1045,17.4000,-7.23,5.91,188.8,15.08,0.00,0.01,193.8,1.86,0.04,1.38,67.4,10.80
1046,17.4167,-7.30,5.98,202.4,15.18,0.00,-0.00,208.4,1.87,-11.29,12.20,73.1,10.81
1047,17.4333,-7.58,6.01,214.0,15.17,0.00,0.00,214.3,1.87,-11.97,12.32,56.1,10.80
1048,17.4500,-7.07,5.79,176.8,15.14,-0.00,0.00,219.5,1.86,0.02,1.71,85.7,10.80
1049,17.4667,-7.49,6.01,219.3,15.09,0.00,0.01,210.8,1.86,-11.74,12.79,49.7,10.79
1050,17.4833,-7.21,5.95,199.7,15.06,-0.00,0.00,208.6,1.85,0.09,1.78,56.4,10.78
1051,17.5000,-7.67,6.02,242.8,15.02,0.00,0.00,201.1,1.88,3.34,0.08,48.1,10.75
1052,17.5167,-7.28,5.96,206.2,15.01,0.00,0.01,185.0,1.90,2.45,-0.07,54.9,10.74
1053,17.5333,-7.60,6.05,232.0,15.03,0.01,-0.01,179.4,1.88,0.02,1.72,58.5,10.74
1054,17.5500,-7.36,6.02,208.8,15.03,0.01,0.01,164.9,1.88,2.47,-0.02,80.8,10.74
1055,17.5667,-7.53,6.03,224.7,14.93,-0.01,0.00,156.8,1.91,2.70,0.13,89.8,10.74
1056,17.5833,-7.73,6.11,230.6,14.84,-0.01,0.00,119.2,1.90,2.77,0.04,107.3,10.75
1057,17.6000,-7.56,6.06,210.8,14.78,0.00,0.01,140.0,1.93,2.66,0.04,115.5,10.74
1058,17.6167,-7.51,6.06,209.8,14.77,-0.00,-0.00,128.3,1.94,2.73,0.05,117.0,10.76
1059,17.6333,-7.63,6.10,221.6,14.75,0.01,0.01,120.9,1.95,2.70,0.05,120.3,10.74
1060,17.6500,-7.66,6.11,222.3,14.79,0.03,0.04,83.9,1.96,2.74,0.05,111.9,10.73
1061,17.6667,-7.72,6.13,236.6,14.78,-0.01,-0.01,98.9,1.94,2.62,0.07,109.8,10.74
1062,17.6833,-7.69,6.13,234.4,14.83,0.02,-0.01,102.8,1.96,2.81,0.05,101.9,10.79
1063,17.7000,-7.77,6.17,240.1,14.83,-0.01,0.00,97.4,1.95,1.86,0.72,45.8,10.79
1064,17.7167,-7.74,6.16,239.7,14.87,0.00,0.01,102.0,1.97,2.55,0.26,60.5,10.77
1065,17.7333,-7.81,6.18,238.0,14.89,0.00,0.02,89.8,1.95,2.18,0.48,52.7,10.76
1066,17.7500,-0.00,-0.00,470.2,14.89,0.00,0.00,243.2,1.95,-0.00,0.00,314.6,10.76
1067,17.7667,-0.00,-0.00,470.2,14.89,0.00,0.00,243.2,1.95,-0.00,0.00,314.6,10.76
1068,17.7833,-0.00,-0.00,470.2,14.89,0.00,0.00,243.2,1.95,-0.00,0.00,314.6,10.76
1069,17.8000,-32.12,26.48,96.3,15.08,0.06,-0.10,31.7,3.18,1.94,9.94,55.5,11.48
1070,17.8167,-6.18,5.37,181.2,15.10,0.00,0.00,177.6,2.92,0.09,1.53,65.6,11.34
1071,17.8333,-7.48,6.02,224.8,15.13,0.00,0.00,182.1,2.71,2.66,-0.25,59.5,11.20
1072,17.8500,-7.53,6.06,221.8,15.19,0.00,0.01,183.2,2.53,2.46,-0.15,67.8,11.16
1073,17.8667,-7.75,6.10,232.8,15.21,0.00,-0.01,182.3,2.45,2.38,-0.03,68.9,11.13
1074,17.8833,-7.84,6.12,230.8,15.27,0.00,0.01,199.9,2.30,2.30,-0.00,72.0,11.05
1075,17.9000,-7.83,6.16,248.7,15.25,0.00,0.01,212.7,2.24,2.48,-0.02,95.7,11.06
1076,17.9167,-7.92,6.23,251.2,15.27,0.00,0.01,197.1,2.16,2.30,0.06,94.4,11.07
1077,17.9333,-7.92,6.32,241.0,15.29,-0.00,-0.00,207.1,2.07,2.65,0.05,57.6,11.03
1078,17.9500,-7.95,6.34,234.4,15.25,-0.00,0.00,199.4,2.04,2.38,-0.07,49.9,11.01
1079,17.9667,-7.99,6.42,227.8,15.37,0.00,0.01,194.6,2.04,5.29,0.01,61.7,11.04
1080,17.9833,-8.03,6.48,207.5,15.47,0.00,0.01,181.8,2.03,2.51,-0.00,108.7,11.05
1081,18.0000,-8.06,6.58,186.9,15.49,-0.00,0.00,176.1,2.00,2.85,0.10,86.9,11.02
1082,18.0167,-8.05,6.44,190.0,15.46,-0.00,0.00,159.7,1.99,2.39,0.00,63.7,11.05
1083,18.0333,-8.09,6.53,180.6,15.50,0.00,0.01,142.6,1.98,2.11,-0.07,57.7,11.01
1084,18.0500,-8.13,6.73,167.1,15.41,-0.00,0.01,137.2,1.94,2.50,0.08,98.4,11.02
1085,18.0667,-8.23,6.71,150.1,15.29,0.01,0.04,121.6,1.91,3.11,0.03,91.0,11.09
1086,18.0833,-8.30,6.96,134.7,15.29,-0.00,0.01,108.2,1.89,2.74,0.19,66.1,11.11
1087,18.1000,-8.25,6.62,145.7,15.35,-0.00,0.01,103.2,1.89,-9.97,12.01,59.4,11.17
1088,18.1167,-9.09,7.60,137.1,15.17,0.00,0.01,104.8,1.92,1.46,-0.05,59.7,11.16
1089,18.1333,-8.00,6.66,171.2,14.97,-0.01,0.00,97.8,2.00,-0.17,-0.16,37.3,11.17
1090,18.1500,-8.18,7.57,179.8,14.92,0.02,0.02,95.8,2.37,1.98,1.92,81.0,11.07
1091,18.1667,-7.97,7.67,228.8,14.90,0.01,0.00,85.9,2.98,-10.22,13.55,32.5,10.84
1092,18.1833,-7.48,7.86,183.4,14.76,0.01,0.02,89.9,4.03,-8.17,12.78,43.8,10.55
1093,18.2000,-6.15,8.02,207.4,14.68,-0.01,0.02,33.8,5.30,7.96,0.00,68.6,10.34
1094,18.2167,-5.69,7.98,205.2,14.50,-0.00,0.02,85.1,6.39,-5.98,13.97,114.7,10.21
1095,18.2333,-4.18,8.17,200.7,14.48,-0.00,7.84,56.7,7.52,-4.26,14.11,76.8,10.00
1096,18.2500,-2.73,8.19,159.9,14.28,-0.03,7.81,76.3,8.53,-2.26,14.13,65.2,10.04
1097,18.2667,-1.83,8.15,207.7,13.99,-0.01,8.05,86.1,9.39,-0.17,14.09,94.4,10.08
1098,18.2833,-0.04,8.27,195.8,13.96,0.04,10.10,47.0,9.90,16.04,0.00,89.4,10.22
1099,18.3000,1.42,8.06,176.3,13.97,-0.03,9.92,33.1,10.33,2.54,14.09,50.6,10.30
1100,18.3167,2.15,7.95,225.1,13.88,-0.08,10.46,39.9,10.76,3.99,14.08,67.4,10.53
1101,18.3333,3.71,8.02,186.7,13.85,-5.98,1.82,66.0,11.76,0.08,18.09,65.0,10.78
1102,18.3500,4.26,7.68,184.6,13.71,-5.99,2.03,80.8,13.26,7.92,11.97,55.2,11.15
1103,18.3667,5.64,7.70,162.2,13.52,0.17,-0.05,37.5,14.35,9.48,11.65,49.2,11.40
1104,18.3833,6.08,7.32,152.5,13.40,-4.04,1.82,82.0,15.30,7.98,13.31,45.0,11.57
1105,18.4000,6.57,6.40,128.1,13.24,-3.77,0.33,69.5,15.74,9.64,12.03,52.2,11.69
1106,18.4167,7.71,6.35,156.8,13.10,-2.75,1.30,44.4,16.19,10.04,12.11,95.5,11.86
1107,18.4333,7.97,6.25,171.5,13.05,-2.16,1.17,69.3,16.39,12.01,10.34,72.5,11.97
1108,18.4500,8.11,6.22,188.4,12.95,-1.84,0.49,106.6,16.57,-0.69,0.10,68.8,12.12
1109,18.4667,8.40,6.08,150.0,12.90,-1.94,1.03,73.6,16.66,-0.59,0.06,82.2,12.18
1110,18.4833,8.55,6.11,147.8,12.88,-1.34,0.34,83.4,16.68,-0.40,0.11,101.7,12.20
1111,18.5000,9.00,6.20,130.5,12.88,-0.85,0.28,94.5,16.85,-0.36,0.03,116.1,12.21
1112,18.5167,9.20,6.18,140.3,12.87,-0.44,0.12,113.4,16.84,-0.23,0.02,130.2,12.20
1113,18.5333,9.09,6.15,134.2,12.86,-0.24,0.11,117.6,16.82,-0.16,0.03,140.5,12.21
1114,18.5500,9.67,6.08,158.7,12.81,-0.08,-0.07,130.6,16.77,-0.10,-0.01,157.3,12.20
1115,18.5667,9.75,6.25,148.7,12.76,-0.07,0.03,151.7,16.71,-0.08,-0.01,163.1,12.20
1116,18.5833,9.66,6.14,164.3,12.72,-0.04,0.01,160.0,16.69,-0.08,-0.01,159.7,12.19
1117,18.6000,9.34,5.98,144.1,12.71,-0.06,-0.00,145.4,16.64,-0.08,0.01,175.1,12.16
1118,18.6167,9.90,6.24,179.1,13.66,0.00,0.01,190.7,16.63,-0.05,-0.01,177.0,12.12
1119,18.6333,9.58,5.96,139.1,13.72,-0.02,0.01,176.0,16.67,-0.04,-0.00,196.3,12.09
1120,18.6500,9.91,6.27,166.9,13.66,0.02,-0.05,203.8,16.70,-0.03,-0.02,202.1,12.04
1121,18.6667,9.65,6.06,166.7,13.56,0.01,-0.07,205.6,16.75,-0.01,-0.02,192.6,11.98
1122,18.6833,9.95,6.20,166.2,13.63,0.02,-0.03,208.3,16.77,-0.02,-0.02,201.1,11.92
1123,18.7000,9.58,6.09,149.1,13.75,0.01,-0.08,186.5,16.78,-0.00,-0.02,207.1,11.86
1124,18.7167,9.98,6.13,152.3,13.78,0.02,-0.07,185.8,16.80,0.01,-0.01,220.7,11.79
1125,18.7333,9.68,6.22,143.5,13.81,0.01,-0.04,196.7,16.83,0.00,-0.01,228.8,11.75
1126,18.7500,9.71,6.11,155.0,13.81,0.02,-0.15,163.1,16.83,0.02,-0.02,230.8,11.82
1127,18.7667,9.85,6.26,138.1,13.68,0.03,-0.08,158.4,16.80,0.02,-0.02,238.4,12.04
1128,18.7833,9.73,6.19,135.6,13.57,0.03,-0.18,156.2,16.81,0.02,-0.02,239.9,12.19
1129,18.8000,9.84,6.20,156.0,13.48,0.04,-0.15,144.6,16.80,0.03,-0.02,244.0,12.19
1130,18.8167,9.46,6.19,127.9,13.43,0.02,-0.13,146.9,16.78,0.02,-0.02,247.4,12.09
1131,18.8333,9.80,6.26,117.0,13.38,0.07,-0.32,132.2,16.81,0.04,-0.03,241.2,12.03
1132,18.8500,9.72,6.19,135.1,13.30,0.06,-0.29,123.8,16.80,0.04,-0.03,241.8,11.98
1133,18.8667,9.47,6.44,105.6,13.33,0.05,-0.26,115.9,16.70,0.04,-0.02,261.0,11.95
1134,18.8833,9.75,6.28,121.0,13.27,0.03,-0.29,119.7,16.51,0.05,-0.04,245.4,11.79
1135,18.9000,9.43,6.40,105.2,13.30,0.09,-0.36,108.6,16.37,0.06,-0.03,235.0,11.67
1136,18.9167,9.45,6.29,112.1,13.20,0.05,-0.29,118.4,16.26,0.05,-0.04,226.8,11.55
1137,18.9333,9.06,6.43,93.0,13.16,0.05,-0.24,113.5,16.27,0.05,-0.03,219.9,11.44
1138,18.9500,-0.19,-0.33,115.0,13.12,0.08,-0.29,118.6,16.28,0.05,-0.04,249.1,11.25
1139,18.9667,-0.06,-0.81,90.9,13.17,0.09,-0.45,101.9,16.35,0.05,-0.03,249.1,11.16
1140,18.9833,-0.11,-0.46,111.9,14.03,0.03,-0.28,112.0,16.35,0.06,-0.03,243.7,11.12
1141,19.0000,-0.07,-0.50,111.8,14.00,0.06,-0.32,100.9,16.30,0.04,-0.02,241.6,11.09
1142,19.0167,8.37,6.33,106.9,13.96,0.09,-0.26,112.3,16.21,0.04,-0.02,242.9,11.02
1143,19.0333,-0.10,-0.47,112.0,13.90,0.08,-0.25,120.4,16.17,0.06,-0.02,204.1,11.01
1144,19.0500,-0.38,-0.38,104.0,13.92,0.07,-0.16,117.8,16.26,0.04,-0.02,232.4,10.98
1145,19.0667,-0.09,-0.70,93.4,13.84,0.08,-0.26,113.3,16.21,0.05,-0.02,223.1,10.98
1146,19.0833,8.09,6.39,131.0,13.80,0.02,-0.15,147.8,16.22,0.03,-0.02,219.1,10.93
1147,19.1000,8.09,6.39,102.9,13.83,0.01,-0.13,134.0,16.20,0.03,-0.01,219.8,10.94
1148,19.1167,8.05,6.42,114.3,13.67,0.02,-0.22,123.5,16.02,0.03,-0.02,196.1,10.89
1149,19.1333,0.10,-1.15,105.2,13.67,0.03,-0.26,127.6,15.94,0.03,-0.01,175.2,10.87
1150,19.1500,-0.32,-0.90,99.8,13.65,0.04,-0.19,121.6,15.78,0.03,-0.03,151.3,10.85
1151,19.1667,0.20,-1.48,121.2,13.74,0.07,-0.28,106.8,15.69,0.02,-0.02,170.0,10.83
1152,19.1833,0.02,-1.25,112.8,13.77,0.05,-0.34,100.9,15.63,0.07,-0.03,153.7,10.78
1153,19.2000,0.22,-1.51,130.8,13.75,0.06,-0.27,104.8,15.61,0.04,-0.02,155.5,10.74
1154,19.2167,0.05,-1.27,115.7,13.78,0.03,-0.16,120.2,15.60,0.07,-0.02,158.1,10.70
1155,19.2333,0.20,-1.61,136.6,13.74,0.06,-0.28,102.2,15.55,0.04,-0.02,179.1,10.67
1156,19.2500,0.01,-1.34,119.5,13.61,0.07,-0.22,109.6,15.63,0.05,-0.03,190.6,10.66
1157,19.2667,-0.24,-0.88,110.7,13.50,0.07,-0.26,101.8,15.46,0.04,-0.03,181.0,10.67
1158,19.2833,0.22,-1.68,140.2,13.40,0.07,-0.29,95.2,15.46,0.04,-0.02,200.8,10.63
1159,19.3000,0.02,-1.43,118.1,13.36,0.02,-0.18,105.2,15.37,0.03,-0.02,205.7,10.61
1160,19.3167,0.21,-1.64,129.9,13.49,0.08,-0.23,92.8,15.37,0.03,-0.02,207.5,10.58
1161,19.3333,8.10,7.49,127.6,13.76,0.04,-0.22,111.3,15.34,0.04,-0.02,203.7,10.54
1162,19.3500,8.13,7.49,134.9,13.93,0.02,-0.24,99.7,15.37,0.04,-0.03,221.3,10.49
1163,19.3667,8.13,7.64,145.2,13.98,0.01,-0.33,99.8,15.29,0.03,-0.01,216.4,10.46
1164,19.3833,8.09,7.75,156.6,13.98,0.04,-0.21,109.4,15.11,0.03,-0.02,221.7,10.40
1165,19.4000,8.09,7.82,158.9,14.05,0.06,-0.08,119.0,15.05,0.03,-0.01,228.7,10.38
1166,19.4167,8.12,7.80,173.5,14.15,0.06,-0.18,105.0,15.00,0.04,-0.02,200.4,10.37
1167,19.4333,8.09,7.88,175.9,14.23,0.07,-0.25,108.3,14.99,0.03,-0.01,210.1,10.35
1168,19.4500,8.06,7.98,188.3,14.21,0.29,-0.37,81.2,14.82,0.07,-0.03,183.6,10.27
1169,19.4667,8.02,8.04,197.5,14.18,0.96,-0.23,68.7,14.76,0.06,-0.05,191.9,10.20
1170,19.4833,7.97,8.13,183.1,14.13,0.53,-0.19,83.2,14.68,0.20,-0.08,117.6,10.05
1171,19.5000,7.81,8.10,187.8,14.06,1.68,0.01,78.3,14.50,0.23,-0.06,105.8,9.96
1172,19.5167,7.45,8.22,148.0,14.04,1.80,-0.21,97.2,14.15,0.75,-0.13,43.3,9.78
1173,19.5333,6.97,8.23,115.3,14.01,1.91,-0.69,100.3,13.76,0.21,-0.06,77.2,9.66
1174,19.5500,6.05,8.50,158.6,14.04,3.77,-0.29,72.1,13.28,0.06,-0.05,95.0,9.43
1175,19.5667,5.61,8.99,116.4,14.06,3.78,-0.12,74.9,12.90,0.04,-0.10,48.2,9.30
1176,19.5833,4.65,9.12,113.7,14.36,3.80,-0.16,60.4,12.43,0.05,-0.05,58.0,9.06
1177,19.6000,4.03,9.78,187.4,14.65,3.87,0.19,49.7,12.13,0.14,-0.07,44.6,8.96
1178,19.6167,3.67,9.97,171.9,14.77,3.60,-0.12,40.7,11.86,0.04,-0.02,67.2,8.77
1179,19.6333,2.53,9.75,153.7,14.70,3.45,0.38,34.0,11.68,0.02,-0.03,73.2,8.67
1180,19.6500,2.03,10.01,217.9,14.66,3.42,0.73,32.8,11.49,1.47,-0.73,21.3,8.62
1181,19.6667,1.74,10.05,192.8,14.57,0.18,10.11,42.5,11.31,0.03,15.96,121.1,8.52
1182,19.6833,0.55,10.04,156.9,14.54,0.04,11.45,41.7,11.09,0.05,15.89,89.9,8.47
1183,19.7000,0.19,10.09,197.6,14.45,0.05,10.43,44.3,10.90,0.02,-0.00,106.6,8.36
1184,19.7167,-0.03,10.14,201.2,14.29,1.77,-0.10,35.0,10.76,0.57,-0.00,65.1,8.36
1185,19.7333,-0.21,10.17,186.9,14.12,15.59,0.06,27.2,10.61,0.01,-0.01,113.8,8.32
1186,19.7500,-0.38,10.27,153.8,14.02,0.08,9.90,51.9,10.47,-0.01,15.93,104.0,8.28
1187,19.7667,-0.79,10.23,126.2,13.88,0.04,9.95,71.6,10.43,0.01,0.01,116.8,8.25
1188,19.7833,-1.54,11.83,138.6,13.76,-0.04,10.00,62.7,10.37,0.00,0.01,111.6,8.28
1189,19.8000,-1.78,11.96,165.3,13.64,-0.08,9.66,47.4,10.38,0.05,0.00,106.5,8.26
1190,19.8167,-0.02,11.95,178.5,13.52,-0.15,10.86,34.2,10.35,0.34,0.05,64.9,8.30
1191,19.8333,-0.17,11.10,115.0,13.36,-0.16,9.79,47.7,10.60,0.08,0.03,99.2,8.30
1192,19.8500,-2.00,11.21,111.4,13.17,-0.27,10.23,51.5,10.99,0.00,-0.00,160.6,8.31
1193,19.8667,-1.81,10.04,152.3,12.99,-0.13,9.95,33.5,11.19,-0.01,0.01,115.2,8.35
1194,19.8833,-0.09,-0.42,143.5,12.85,-0.24,10.22,24.2,11.29,0.00,0.02,107.1,8.41
1195,19.9000,0.32,-0.11,137.9,12.64,-6.85,10.30,28.2,11.40,0.01,0.03,110.6,8.45
1196,19.9167,-0.04,-0.36,162.3,12.43,-3.84,11.52,31.2,11.60,-0.01,0.01,94.5,8.49
1197,19.9333,0.61,0.04,138.7,12.17,-3.91,11.93,99.8,11.99,-0.01,0.02,106.4,8.53
1198,19.9500,0.65,0.10,156.2,11.99,-3.88,11.77,76.6,12.30,-0.01,0.02,100.2,8.57
1199,19.9667,0.75,0.09,157.7,11.81,-3.60,11.52,54.4,12.57,0.01,0.02,101.0,8.62
1200,19.9833,0.63,0.12,175.4,11.65,-3.65,11.38,58.2,12.89,0.02,0.01,83.4,8.69
1201,20.0000,0.85,0.19,170.9,11.43,-3.87,11.72,96.3,13.49,0.00,15.83,73.5,8.78
1202,20.0167,1.91,0.01,241.3,11.14,-3.55,10.60,59.5,14.01,0.02,15.84,89.1,8.82
1203,20.0333,0.67,0.18,200.5,10.89,-3.99,11.62,85.3,14.34,-0.01,0.01,85.6,8.85
1204,20.0500,1.92,0.03,254.3,10.73,-3.95,11.69,106.5,14.73,-0.01,0.00,89.6,8.91
1205,20.0667,1.93,0.03,258.8,10.57,-4.02,11.35,80.2,15.15,0.02,0.03,108.9,8.92
1206,20.0833,3.20,-0.15,165.2,10.40,-4.06,11.59,105.7,15.71,-0.01,0.01,112.1,9.00
1207,20.1000,1.91,0.02,261.9,10.17,-4.05,11.56,113.0,15.97,0.04,-0.01,102.9,9.05
1208,20.1167,1.89,0.02,260.7,9.96,-4.21,11.48,103.8,16.28,0.01,0.01,93.1,9.07
1209,20.1333,2.96,0.38,159.6,9.74,-4.22,11.77,117.9,16.48,-0.01,0.02,112.5,9.17
1210,20.1500,1.87,0.02,250.9,9.58,-4.67,11.65,80.4,16.99,0.03,0.03,89.4,9.18
1211,20.1667,2.90,0.35,151.4,9.42,-4.91,11.91,82.0,17.84,0.03,0.03,100.7,9.24
1212,20.1833,3.11,-0.20,149.7,9.33,-5.66,11.92,82.0,18.85,0.06,0.00,69.0,9.31
1213,20.2000,2.97,0.37,143.2,9.24,-5.65,12.11,74.2,19.10,-0.59,16.00,45.0,9.37
1214,20.2167,3.04,-0.25,140.8,9.18,-5.86,12.23,69.3,19.13,0.08,0.01,56.9,9.40
1215,20.2333,4.05,0.13,199.8,9.05,-5.89,12.90,66.7,19.20,0.17,-0.02,39.0,9.46
1216,20.2500,2.85,0.31,139.6,8.96,-6.03,12.57,84.4,19.18,-2.10,15.97,40.1,9.51
1217,20.2667,4.97,0.76,118.4,8.89,-6.35,12.76,62.6,18.98,-4.02,14.04,47.2,9.58
1218,20.2833,4.72,0.53,130.9,8.83,-7.37,13.59,57.8,18.38,11.64,-0.03,35.4,9.54
1219,20.3000,5.98,0.24,154.9,8.78,-7.52,13.48,71.9,17.96,-2.54,15.89,49.7,9.57
1220,20.3167,5.88,0.11,157.5,8.77,-7.77,13.44,79.7,17.71,-5.30,14.04,38.7,9.58
1221,20.3333,5.89,0.08,154.6,8.73,-8.04,13.88,125.1,17.20,-4.06,15.67,58.3,10.04
1222,20.3500,5.86,0.04,149.4,8.74,-8.41,13.94,85.6,16.40,-3.92,15.97,64.2,10.45
1223,20.3667,6.32,0.52,111.4,8.74,-8.94,13.86,78.5,15.94,-5.67,15.53,54.0,10.70
1224,20.3833,4.16,-0.16,117.4,8.74,-9.97,14.01,124.0,15.57,-7.04,13.95,44.3,10.90
1225,20.4000,5.33,-0.58,89.4,8.71,-10.13,13.85,119.5,15.08,-7.46,13.69,61.1,11.14
1226,20.4167,4.16,-0.29,87.0,8.66,-10.90,13.82,78.3,14.60,-8.10,13.52,66.3,11.63
1227,20.4333,5.84,-0.15,113.1,8.66,-11.77,13.89,105.6,13.97,-8.25,13.75,86.6,11.93
1228,20.4500,-0.06,-0.30,82.7,8.66,-11.93,13.82,116.0,13.54,-8.41,13.71,75.1,12.10
1229,20.4667,4.16,-1.87,90.2,8.70,-12.26,13.28,89.2,13.10,-9.78,12.37,83.4,12.34
1230,20.4833,-0.15,-0.27,97.5,8.69,-12.21,12.83,66.5,12.74,-10.11,12.31,95.2,12.54
1231,20.5000,3.77,-2.24,104.3,8.66,-12.44,12.19,70.6,12.33,-10.25,12.23,111.6,12.76
1232,20.5167,0.17,-0.18,106.5,8.68,-13.85,13.10,69.8,11.70,-10.63,12.14,90.8,12.97
1233,20.5333,0.18,-0.17,108.1,8.72,-13.84,12.61,94.6,11.34,-11.73,12.30,87.3,13.14
1234,20.5500,0.18,-0.01,157.3,8.79,-13.96,12.35,109.8,11.13,-11.74,12.10,89.6,13.33
1235,20.5667,0.36,-0.05,128.0,8.82,-14.09,12.11,110.3,10.84,-12.00,12.11,121.8,13.53
1236,20.5833,0.21,-0.01,185.4,8.90,-14.35,12.08,98.2,10.42,-12.14,11.85,101.0,13.62
1237,20.6000,0.21,0.03,210.3,8.96,-14.60,12.01,103.7,9.83,-12.02,11.95,128.8,13.80
1238,20.6167,0.17,0.02,228.2,9.07,-15.26,12.12,98.2,9.31,-12.03,11.92,130.0,13.98
1239,20.6333,0.02,-0.06,266.3,9.16,-15.46,12.01,102.1,9.07,-12.17,11.89,120.3,14.19
1240,20.6500,0.01,-0.03,288.0,9.23,-15.67,12.02,121.1,8.79,-12.18,11.98,138.6,14.37
1241,20.6667,0.16,0.06,260.6,9.33,-15.76,12.05,123.2,8.52,-14.08,10.33,83.5,14.56
1242,20.6833,0.13,0.06,264.0,9.40,-15.77,11.90,125.2,8.10,-13.97,10.46,60.2,14.58
1243,20.7000,0.02,-0.03,301.0,9.47,-15.88,12.00,161.8,7.84,-24.05,-0.02,73.6,14.51
1244,20.7167,0.02,-0.02,292.6,9.53,-15.92,11.91,157.9,7.62,-14.10,10.17,61.2,14.27
1245,20.7333,0.13,0.06,260.0,9.60,-16.17,12.17,169.3,7.31,0.13,0.08,74.0,13.70
1246,20.7500,0.02,-0.01,288.0,9.66,-16.04,11.96,182.1,7.01,-14.05,10.08,105.1,13.16
1247,20.7667,0.02,-0.01,286.1,9.73,-16.22,12.16,144.7,6.12,0.15,0.04,101.4,12.97
1248,20.7833,0.12,0.07,251.3,9.80,-16.97,12.36,100.7,5.31,0.06,0.06,122.8,12.56
1249,20.8000,0.02,-0.01,267.9,9.88,-16.09,12.02,160.5,4.46,0.11,0.03,138.7,12.35
1250,20.8167,0.01,-0.02,260.2,9.95,-17.49,11.89,96.7,4.03,0.07,0.06,156.8,12.17
1251,20.8333,0.01,-0.02,238.5,10.02,-17.62,11.85,90.5,3.64,0.05,0.03,172.9,12.04
1252,20.8500,-0.01,-0.01,244.6,10.13,0.00,0.00,124.0,3.21,0.04,0.03,189.3,11.90
1253,20.8667,0.01,-0.00,239.5,10.17,0.00,0.01,182.2,2.65,0.03,0.02,201.9,11.69
1254,20.8833,-0.00,0.00,226.8,10.12,0.00,-0.00,216.0,2.10,0.02,0.01,226.0,11.54
1255,20.9000,-0.00,0.01,221.4,10.08,0.00,0.00,236.9,1.80,0.02,0.02,245.3,11.44
1256,20.9167,-0.01,0.01,221.2,10.06,0.00,-0.00,242.8,1.42,0.02,0.01,259.7,11.37
1257,20.9333,0.01,-0.00,212.6,10.08,-0.00,0.00,243.2,0.46,0.02,0.01,275.6,11.34
1258,20.9500,-0.01,0.01,202.6,10.09,-0.00,0.00,243.2,0.38,0.01,0.00,289.2,11.28
1259,20.9667,-0.00,0.01,190.9,10.10,-0.00,-0.00,243.2,0.45,0.02,0.00,295.3,11.25
1260,20.9833,0.16,0.13,168.0,10.10,0.00,0.00,243.2,0.58,0.01,0.01,300.5,11.19
1261,21.0000,-0.01,-0.00,181.7,10.11,-0.00,0.00,243.1,0.71,0.01,0.01,306.1,11.15
1262,21.0167,0.02,-0.02,182.1,10.14,0.00,-0.00,243.1,0.83,0.01,0.01,305.2,11.08
1263,21.0333,0.02,-0.03,138.6,10.05,55.87,-15.96,17.9,0.94,0.04,0.02,241.6,11.09
1264,21.0500,0.02,0.00,167.0,10.08,0.01,-0.00,223.1,1.10,0.00,0.00,311.0,11.06
1265,21.0667,0.33,0.20,124.2,10.07,-0.01,-0.00,196.5,1.24,-0.00,0.00,303.7,11.03
1266,21.0833,0.01,-0.01,131.1,10.09,-0.02,-0.01,168.1,1.38,0.02,0.01,295.5,11.01
1267,21.1000,0.02,-0.00,132.9,10.10,-0.01,-0.00,131.9,1.48,0.04,0.01,280.8,11.03
1268,21.1167,0.02,-0.00,135.9,10.12,-0.05,-0.04,103.6,1.60,0.01,0.01,270.4,11.04
1269,21.1333,0.01,-0.01,125.8,10.12,-0.07,-0.05,75.6,1.70,0.02,0.02,250.4,11.05
1270,21.1500,0.29,0.24,106.0,10.09,-11.93,7.71,76.0,1.82,0.01,0.01,237.5,11.06
1271,21.1667,0.03,-0.03,121.7,10.06,-10.28,7.29,54.5,1.89,0.03,0.01,225.1,11.05
1272,21.1833,0.00,-0.02,116.6,10.10,-11.09,7.81,64.1,1.96,0.02,-0.00,207.5,11.04
1273,21.2000,0.01,0.00,113.4,10.18,-11.76,7.90,73.7,1.97,0.03,0.02,189.9,11.05
1274,21.2167,-0.01,-0.02,117.9,10.23,-11.75,7.70,71.1,2.00,0.00,0.01,180.4,11.06
1275,21.2333,0.35,0.25,96.6,10.23,-12.00,7.86,111.5,2.00,0.02,-0.01,163.6,11.07
1276,21.2500,0.01,-0.05,106.0,10.25,-10.95,7.94,80.3,2.02,0.02,-0.01,147.0,11.06
1277,21.2667,-8.09,5.70,108.8,10.31,-11.79,7.94,112.6,2.01,0.01,0.01,139.0,11.03
1278,21.2833,-0.03,-0.04,104.2,10.35,-12.06,7.73,97.8,2.06,0.01,0.01,127.4,10.99
1279,21.3000,-0.02,-0.02,100.6,10.46,-11.51,7.97,89.9,2.11,-0.00,-0.00,122.4,11.00
1280,21.3167,-8.54,5.57,88.8,10.56,-12.56,8.11,89.5,2.17,0.03,-0.02,129.8,11.02
1281,21.3333,-0.02,-0.04,97.8,10.57,-11.62,7.74,79.8,2.20,0.02,-0.01,131.5,11.08
1282,21.3500,-7.96,5.51,115.3,10.56,-11.99,7.97,120.7,2.24,-0.04,0.00,126.4,11.09
1283,21.3667,-8.25,5.35,93.3,10.49,-12.03,8.17,75.9,2.29,-0.03,-0.01,127.7,11.15
1284,21.3833,-7.88,5.19,102.2,10.50,-11.97,8.00,123.4,2.35,0.01,-0.02,125.0,11.15
1285,21.4000,-8.09,5.31,101.6,10.47,-11.96,8.05,98.0,2.40,-0.01,-0.01,124.2,11.19
1286,21.4167,-8.14,5.39,109.7,10.42,-12.37,8.19,81.6,2.41,0.01,0.02,128.5,11.20
1287,21.4333,-7.89,5.14,95.4,10.35,-12.39,8.02,59.0,2.40,-0.01,0.01,130.5,11.21
1288,21.4500,-7.81,5.07,109.1,10.32,-12.13,8.04,107.7,2.41,-0.01,-0.00,138.1,11.22
1289,21.4667,-8.08,5.40,117.0,10.28,-11.82,8.41,41.6,2.37,0.02,-0.00,135.8,11.23
1290,21.4833,-7.98,5.31,128.6,10.26,-12.73,8.10,61.7,2.32,-0.00,0.01,121.2,11.22
1291,21.5000,-7.96,5.14,112.6,10.24,-12.20,7.99,62.8,2.24,0.01,-0.01,120.6,11.25
1292,21.5167,-8.15,5.40,115.9,10.26,-13.71,8.12,78.4,2.15,0.02,0.01,114.7,11.24
1293,21.5333,-8.00,5.07,112.6,10.26,-0.02,-0.01,80.4,2.08,0.02,0.02,116.0,11.23
1294,21.5500,-8.07,5.37,132.1,10.25,-0.01,-0.01,96.9,1.95,0.03,0.01,117.1,11.21
1295,21.5667,-8.24,5.58,132.8,10.27,-0.01,-0.00,117.9,1.93,0.00,-0.02,117.4,11.22
1296,21.5833,-8.01,5.25,136.2,10.26,-0.01,-0.00,142.4,1.88,0.02,0.02,123.6,11.22
1297,21.6000,-8.41,5.62,134.7,10.28,-0.01,-0.01,168.3,1.84,0.01,-0.00,131.9,11.23
1298,21.6167,-8.16,5.46,146.2,10.28,-0.01,-0.00,188.8,1.77,0.03,0.00,144.4,11.24
1299,21.6333,-8.12,5.44,154.3,10.32,-0.00,-0.00,206.9,1.65,0.00,0.00,151.2,11.27
1300,21.6500,-8.47,5.71,148.5,10.34,-0.00,0.00,219.5,1.51,-0.00,0.02,159.5,11.27
1301,21.6667,-8.13,5.37,158.2,10.33,-0.00,-0.00,231.9,1.33,0.01,0.01,169.6,11.31
1302,21.6833,-8.32,5.59,158.1,10.35,0.00,-0.00,238.1,1.20,0.01,0.02,187.7,11.32
1303,21.7000,-8.78,5.77,144.6,10.36,0.00,0.00,241.4,1.08,0.01,0.01,201.2,11.34
1304,21.7167,-8.24,5.49,155.9,10.39,-0.00,0.00,242.7,0.96,0.02,0.01,221.7,11.34
1305,21.7333,-8.80,5.72,146.3,10.43,-0.00,0.00,243.1,0.81,0.00,0.01,240.9,11.37
1306,21.7500,-8.60,5.61,155.3,10.48,0.00,-0.00,243.1,0.57,0.02,0.01,256.4,11.37
1307,21.7667,-8.96,5.69,142.0,10.52,-0.00,0.00,243.2,0.52,0.02,0.02,273.3,11.40
1308,21.7833,-8.48,5.49,156.9,10.51,0.00,-0.00,243.2,0.52,0.02,0.02,283.2,11.40
1309,21.8000,-9.37,5.63,164.7,10.52,-0.00,0.00,243.2,0.52,0.03,0.02,286.3,11.45
1310,21.8167,-8.66,5.58,155.7,10.49,-0.00,0.00,243.2,0.52,0.02,0.02,293.2,11.47
1311,21.8333,-9.57,5.71,178.9,10.48,-0.00,0.00,243.2,0.52,0.02,0.02,299.2,11.52
1312,21.8500,-9.35,5.50,160.6,10.45,-0.00,0.00,243.2,0.61,0.04,0.02,297.8,11.53
1313,21.8667,-9.33,5.50,158.6,10.42,-0.00,0.00,243.2,1.06,0.02,0.03,299.8,11.58
1314,21.8833,-9.70,5.69,193.8,10.40,-0.00,0.00,243.2,1.49,0.04,0.03,302.9,11.62
1315,21.9000,-9.49,5.60,174.8,10.39,0.00,-0.00,243.2,1.89,0.03,0.02,301.5,11.69
1316,21.9167,-9.64,5.62,183.8,10.36,-0.00,0.00,243.1,2.25,0.03,0.02,296.4,11.72
1317,21.9333,-9.70,5.71,194.9,10.35,0.00,-0.00,242.8,2.57,0.04,0.03,293.5,11.79
1318,21.9500,-9.86,5.72,205.8,10.34,0.00,-0.00,241.6,2.85,0.02,0.02,294.9,11.83
1319,21.9667,-9.82,5.68,204.3,10.32,-0.00,0.00,239.5,3.12,0.03,0.03,288.2,11.89
1320,21.9833,-9.98,5.72,209.3,10.32,0.00,0.00,235.0,3.36,0.03,0.03,282.0,11.91
1321,22.0000,-9.95,5.75,218.5,10.31,-0.00,0.00,228.5,3.60,0.02,0.02,274.8,11.99
1322,22.0167,-9.92,5.65,206.6,10.31,-0.00,-0.00,221.3,3.78,0.03,0.03,264.2,12.02
1323,22.0333,-10.02,5.75,233.2,10.31,-0.00,-0.00,211.4,3.99,0.05,0.03,249.0,12.07
1324,22.0500,-10.08,5.76,228.2,10.28,-0.00,0.00,192.2,4.19,0.03,0.03,232.9,12.11
1325,22.0667,-10.04,5.68,213.4,10.26,-0.01,0.00,171.9,4.37,0.05,0.04,191.8,12.13
1326,22.0833,-10.24,5.74,228.9,10.22,-0.01,-0.01,147.6,4.54,0.05,0.04,184.4,12.12
1327,22.1000,-10.07,5.66,224.7,10.20,-0.01,-0.02,117.5,4.73,0.06,0.04,189.0,12.17
1328,22.1167,-10.20,5.72,228.5,10.17,-0.03,-0.01,98.0,4.90,0.03,0.05,175.8,12.18
1329,22.1333,-10.26,5.68,226.5,10.13,-0.06,-0.05,76.5,5.04,0.04,0.04,149.7,12.21
1330,22.1500,-10.33,5.74,223.6,10.13,-0.03,-0.05,61.8,5.21,0.06,0.04,137.0,12.18
1331,22.1667,-10.19,5.54,208.1,10.07,-12.16,6.32,49.0,5.37,0.05,0.03,145.8,12.17
1332,22.1833,-10.56,5.76,209.3,10.02,-12.12,7.23,46.1,5.53,0.07,0.05,121.1,12.13
1333,22.2000,-10.23,5.52,210.3,9.95,-12.28,7.81,49.9,5.64,0.05,0.02,117.6,12.18
1334,22.2167,-10.83,5.75,194.9,9.89,-12.34,7.70,62.1,5.81,0.06,0.05,114.6,12.17
1335,22.2333,-10.28,5.47,199.0,9.88,-12.62,6.02,73.0,5.88,0.07,-0.01,105.1,12.19
1336,22.2500,-10.89,5.71,183.2,9.88,-12.58,7.49,50.6,5.96,0.01,0.03,113.7,12.19
1337,22.2667,-10.54,5.58,195.3,9.87,-12.13,7.45,56.8,6.05,0.07,0.03,112.5,12.25
1338,22.2833,-10.49,5.58,197.8,9.87,-12.20,7.59,61.9,6.11,0.06,0.06,110.9,12.32
1339,22.3000,-11.14,5.98,176.3,9.89,0.01,18.40,51.0,6.12,0.03,0.03,107.7,12.44
1340,22.3167,-10.67,5.39,174.3,9.89,-0.05,18.30,47.1,6.12,0.05,0.04,101.3,12.47
1341,22.3333,-11.23,5.99,170.1,9.93,-14.29,6.05,79.0,6.14,0.04,0.06,93.2,12.48
1342,22.3500,-10.83,5.26,167.8,9.95,-12.08,7.88,85.2,6.16,0.02,0.04,97.7,12.48
1343,22.3667,-11.46,5.96,173.4,9.97,-14.16,6.23,66.3,6.16,0.03,0.01,92.1,12.54
1344,22.3833,-11.47,5.96,177.1,10.02,-14.38,6.45,51.4,6.10,0.03,0.05,87.7,12.56
1345,22.4000,-9.91,4.89,160.0,10.08,-16.17,4.06,62.2,6.03,0.07,0.03,88.9,12.59
1346,22.4167,-11.72,5.95,191.0,10.13,-10.58,9.98,66.2,5.92,0.04,0.01,88.4,12.58
1347,22.4333,-9.92,4.74,164.5,10.17,-12.10,7.95,83.2,5.81,-0.01,0.02,83.8,12.60
1348,22.4500,-11.92,5.93,207.1,10.21,-13.87,7.90,83.0,5.68,0.04,-0.03,78.2,12.59
1349,22.4667,-11.76,5.90,172.9,10.29,-13.77,7.59,64.5,5.46,0.06,0.03,81.3,12.63
1350,22.4833,-11.73,5.84,160.1,10.38,-14.04,6.70,56.3,5.26,0.06,0.00,90.2,12.63
1351,22.5000,-11.97,5.83,195.9,10.45,-13.90,7.97,89.6,5.08,0.08,0.03,92.8,12.65
1352,22.5167,-10.01,4.37,159.0,10.53,-13.30,7.91,62.2,4.91,0.09,0.08,87.4,12.61
1353,22.5333,-12.02,5.70,174.8,10.39,-13.90,7.97,69.5,4.71,0.05,0.09,97.9,12.66
1354,22.5500,-11.95,5.68,161.4,10.35,-13.90,7.82,49.0,4.53,0.06,0.02,99.9,12.65
1355,22.5667,-10.18,4.19,151.9,10.25,-0.03,-0.05,87.7,4.31,0.12,0.09,96.7,12.60
1356,22.5833,-12.09,5.47,188.5,10.20,-0.03,-0.14,66.4,4.08,0.12,0.08,102.5,12.66
1357,22.6000,-10.23,4.14,155.7,10.28,0.01,-0.05,119.3,3.87,0.10,0.07,108.4,12.69
1358,22.6167,-12.13,5.40,181.4,10.33,-0.00,-0.01,73.8,3.65,0.07,0.10,115.2,12.77
1359,22.6333,-12.04,5.15,137.2,10.45,0.01,-0.08,83.0,3.40,0.09,0.07,123.8,12.85
1360,22.6500,-12.20,5.21,157.4,10.52,-0.02,-0.05,67.7,3.12,0.10,0.09,125.0,12.93
1361,22.6667,-11.34,4.90,147.6,10.55,0.01,-0.02,64.0,2.81,0.07,0.09,133.5,13.06
1362,22.6833,-11.45,4.95,151.1,10.61,-0.02,-0.02,69.7,2.43,0.08,0.08,134.9,13.07
1363,22.7000,-11.55,4.50,173.9,10.69,-0.02,0.02,52.7,2.32,0.10,0.09,141.2,13.08
1364,22.7167,-11.39,4.55,158.2,10.74,-0.02,-0.04,54.7,2.15,0.10,0.10,149.9,13.06
1365,22.7333,-11.62,4.55,168.7,10.81,-0.02,-0.00,108.0,1.98,0.09,0.12,149.7,13.01
1366,22.7500,-11.60,4.34,182.4,10.91,-10.59,5.05,27.9,1.80,0.08,0.08,152.3,13.02
1367,22.7667,-11.74,4.28,191.0,11.06,0.00,-0.03,123.2,1.90,0.07,0.10,149.9,12.96
1368,22.7833,-11.53,4.37,167.4,11.13,0.01,-0.02,138.7,2.34,0.11,0.10,147.6,12.94
1369,22.8000,-11.53,4.16,166.3,11.16,-0.01,-0.03,116.0,2.91,0.08,0.09,151.1,12.95
1370,22.8167,-11.69,4.25,165.8,11.15,-11.90,5.03,34.0,3.71,0.07,0.08,152.0,12.90
1371,22.8333,-11.71,4.12,171.9,11.13,-11.95,5.06,49.0,4.65,0.08,0.07,149.5,12.90
1372,22.8500,-11.71,4.15,180.6,11.09,-12.26,5.10,29.7,5.27,0.05,0.06,150.6,12.86
1373,22.8667,-11.62,4.09,173.8,11.07,-12.04,5.00,41.9,5.64,0.10,0.07,146.8,12.81
1374,22.8833,-11.96,4.13,175.7,11.10,-0.00,0.00,153.8,5.77,0.06,0.07,151.7,12.71
1375,22.9000,-11.79,4.06,185.7,11.15,0.00,-0.01,139.6,5.87,0.08,0.08,140.5,12.64
1376,22.9167,-11.93,4.03,179.9,11.19,-0.00,-0.02,139.0,5.89,0.08,0.06,140.7,12.60
1377,22.9333,-11.94,4.04,178.2,11.20,-0.01,-0.02,132.5,5.88,0.09,0.08,138.0,12.58
1378,22.9500,-11.79,4.02,179.9,11.26,-0.01,-0.03,140.3,5.86,0.07,0.07,136.5,12.54
1379,22.9667,-12.18,4.06,160.3,11.31,-0.00,-0.02,133.3,5.92,0.08,0.09,136.5,12.54
1380,22.9833,-12.08,3.97,170.6,11.40,-0.00,-0.01,132.5,5.90,0.08,0.08,134.4,12.57
1381,23.0000,-11.82,3.94,163.2,11.47,-0.01,-0.03,125.3,5.85,0.09,0.08,135.5,12.61
1382,23.0167,-12.36,4.04,139.4,11.40,-0.01,-0.02,127.4,5.79,0.06,0.07,133.9,12.58
1383,23.0333,-12.09,4.01,165.7,11.40,-0.01,-0.05,117.4,5.76,0.07,0.08,128.7,12.60
1384,23.0500,-12.12,3.98,141.2,11.46,-0.01,-0.01,116.3,5.72,0.10,0.11,121.7,12.58
1385,23.0667,-12.20,3.90,144.4,11.48,-0.03,-0.03,107.6,5.68,0.12,0.16,113.5,12.61
1386,23.0833,-12.17,3.90,142.9,11.52,-0.02,-0.00,103.9,5.63,0.17,0.19,110.0,12.66
1387,23.1000,-12.24,3.96,135.5,11.42,-0.01,-0.02,101.1,5.59,0.20,0.20,107.2,12.69
1388,23.1167,-12.31,3.84,141.8,11.33,0.00,-0.00,91.1,5.63,0.22,0.38,99.4,12.68
1389,23.1333,-12.32,3.73,128.8,11.18,-0.01,-0.02,82.7,5.62,0.23,0.46,96.9,12.71
1390,23.1500,-12.33,3.78,126.9,11.06,-0.01,0.02,99.2,5.57,0.37,0.66,85.2,12.80
1391,23.1667,-12.35,3.85,142.2,11.01,0.03,-0.01,57.7,5.44,0.41,1.41,83.9,12.79
1392,23.1833,-12.43,3.65,108.9,11.01,-0.00,0.04,49.2,5.22,0.31,1.56,92.8,12.28
1393,23.2000,-12.51,3.56,95.9,10.94,0.01,0.02,82.1,4.96,0.41,1.59,88.7,11.49
1394,23.2167,-13.57,2.43,91.9,10.91,0.03,0.02,59.9,4.71,0.33,1.66,87.3,11.26
1395,23.2333,-13.80,2.30,95.0,10.81,-0.01,0.02,80.8,4.43,0.27,1.71,78.5,10.21
1396,23.2500,-13.70,2.20,119.8,10.81,-0.01,0.02,103.1,4.14,0.21,1.66,77.0,9.29
1397,23.2667,-13.80,2.10,126.1,10.80,0.00,0.01,101.7,3.80,0.33,1.85,72.4,8.05
1398,23.2833,-13.88,1.95,122.5,10.76,-0.01,0.01,94.1,3.36,-20.36,5.97,76.7,6.72
1399,23.3000,-13.82,2.02,139.4,10.66,-0.01,0.01,102.5,3.02,-19.72,4.74,49.4,5.40
1400,23.3167,-14.09,1.88,143.5,10.59,0.01,0.00,108.1,2.72,-20.24,4.20,97.2,5.18
1401,23.3333,-14.14,1.79,116.5,10.60,0.01,0.04,74.4,2.38,-20.90,4.10,74.5,5.46
1402,23.3500,-14.03,1.84,117.1,10.48,0.00,-0.00,87.4,1.93,-21.24,4.04,84.0,5.46
1403,23.3667,-15.49,0.31,105.8,10.33,-12.11,0.02,42.5,1.46,-21.89,4.03,89.0,5.11
1404,23.3833,-15.59,0.16,145.2,10.14,-0.05,0.07,39.0,1.45,-20.34,2.16,88.9,4.68
1405,23.4000,-15.51,0.20,144.6,10.06,-12.60,-0.03,41.9,1.44,-21.53,2.44,89.2,4.28
1406,23.4167,-14.77,0.19,138.8,10.13,-13.95,0.01,74.9,1.45,-21.70,2.25,99.1,4.09
1407,23.4333,-15.40,0.08,165.0,10.23,-14.26,0.00,78.9,1.44,-21.87,2.10,88.0,4.07
1408,23.4500,-14.32,0.03,187.5,10.17,-14.14,0.04,65.1,1.44,-21.60,1.97,63.6,4.08
1409,23.4667,-14.71,-0.05,157.4,10.10,-15.30,0.03,69.9,1.45,-22.17,1.83,98.5,4.08
1410,23.4833,-14.65,-0.04,152.2,10.05,-15.25,-0.03,71.6,1.46,-22.18,1.62,87.8,4.24
1411,23.5000,-14.52,-0.07,168.3,10.01,-15.69,0.01,101.9,1.46,-22.15,1.64,92.9,4.37
1412,23.5167,-14.43,-0.08,170.7,9.96,-15.33,0.01,83.5,1.61,-21.67,0.44,84.6,4.55
1413,23.5333,-14.62,-0.08,150.2,9.91,-15.60,-0.02,88.4,2.99,-21.72,0.61,75.2,4.95
1414,23.5500,-14.58,-0.12,146.2,9.86,-15.90,0.02,106.4,3.84,-21.30,0.71,56.7,5.19
1415,23.5667,-14.95,-0.13,125.6,9.80,0.03,0.01,53.1,4.49,-22.14,0.40,62.5,5.13
1416,23.5833,-14.21,-0.13,159.5,9.78,-0.00,-0.01,75.3,5.09,-20.40,-0.19,57.7,5.13
1417,23.6000,-14.61,-0.13,135.0,9.72,0.03,-0.03,77.9,5.69,-26.02,3.54,35.3,5.15
1418,23.6167,-14.52,-0.13,137.6,9.68,0.02,-0.04,80.9,6.31,-28.83,-0.30,29.6,5.22
1419,23.6333,-15.42,-0.69,132.8,9.65,0.05,-0.02,77.4,7.02,-24.53,-0.14,31.4,5.27
1420,23.6500,-14.28,-0.17,136.9,9.62,0.01,-0.00,106.9,7.46,-24.00,-0.19,38.2,5.30
1421,23.6667,-14.46,-0.09,134.9,9.54,-0.01,0.02,85.4,7.82,-24.06,-0.28,43.2,5.30
1422,23.6833,-14.38,-0.13,137.2,9.49,-0.01,-0.01,89.0,8.13,-23.82,-1.71,46.8,5.33
1423,23.7000,-14.39,-0.10,124.5,9.49,-24.00,-1.99,64.3,8.32,-25.35,-0.15,33.2,5.39
1424,23.7167,-14.28,-0.11,141.1,9.47,-24.05,-2.00,64.8,8.43,-23.87,-2.56,35.3,5.40
1425,23.7333,-14.27,-0.10,143.8,9.45,-24.00,-2.00,75.6,8.55,-25.78,-0.42,33.3,5.34
1426,23.7500,-15.88,-1.64,120.0,9.43,-23.91,-2.04,70.2,8.74,-22.67,-1.89,32.4,5.26
1427,23.7667,-14.57,-0.08,116.3,9.40,-23.98,-2.02,85.9,9.02,-23.91,-3.24,31.1,5.31
1428,23.7833,-14.26,-0.10,131.1,9.38,-23.66,-2.02,74.5,9.30,-22.19,-1.74,59.7,4.59
1429,23.8000,-14.26,-0.10,150.8,9.32,-23.55,-2.02,86.8,9.49,-22.21,-1.71,57.7,4.76
1430,23.8167,-14.27,-0.20,125.0,9.29,-23.56,-2.01,91.2,9.38,-22.15,-2.11,65.6,5.00
1431,23.8333,-14.47,-0.14,117.5,9.25,-23.77,-2.04,105.4,9.26,-22.22,-1.91,60.6,5.37
1432,23.8500,-15.67,-1.74,118.5,9.20,-23.56,-1.88,91.2,9.20,-22.10,-2.36,82.6,5.63
1433,23.8667,-15.62,-1.95,148.3,9.17,-23.92,-2.07,81.3,9.06,-22.05,-3.89,79.5,5.88
1434,23.8833,-14.74,-1.70,116.9,9.14,-21.46,-3.73,51.4,8.99,-22.13,-4.67,61.0,6.44
1435,23.9000,-14.22,-1.96,150.7,9.10,-22.10,-4.00,131.1,8.84,-21.85,-5.58,33.3,7.55
1436,23.9167,-13.97,-2.08,138.1,9.03,-19.93,-5.73,48.5,8.67,-1.41,3.49,64.5,8.97
1437,23.9333,-14.14,-3.74,146.0,8.94,-19.80,-6.01,83.3,8.52,-1.98,3.77,129.3,9.50
1438,23.9500,-13.78,-4.03,148.3,8.85,-23.95,-7.92,55.1,8.31,-2.04,3.80,140.9,10.34
1439,23.9667,-12.18,-3.97,163.3,8.72,-17.88,-8.05,87.0,8.23,-2.41,3.96,151.8,11.10
1440,23.9833,-11.85,-4.35,124.5,8.67,-21.90,-9.94,49.7,8.07,-2.52,3.87,149.3,12.04
