frame,t,screen_diam_px(extent),run_px,vext_px,rim_w,rim_h,zoom_flow_cum,world_diam_est(extent/zoom),norm_screen,norm_world
770,12.9265,294,294,164,267.2,342.3,1.0,294.0,0.0,0.0
771,12.9434,294,294,141,266.8,342.2,1.0,294.0,0.0,0.0
772,12.9602,294,294,115,266.5,342.4,1.0,294.0,0.0,0.0
773,12.977,294,140,84,266.4,342.5,1.0,294.0,0.0,0.0
774,12.9938,294,120,70,267.0,342.3,1.0,294.0,0.0,0.0
775,13.0106,293,88,44,266.3,342.3,1.0,293.0,-0.008,-0.003
776,13.0274,294,76,12,265.7,342.4,1.0,294.0,0.0,0.0
777,13.0442,106,106,137,267.8,338.6,1.0,106.0,-1.554,-0.493
778,13.061,120,120,144,267.4,331.3,1.0,120.0,-1.438,-0.457
779,13.0778,294,132,32,281.2,360.1,1.0,294.0,0.0,0.0
780,13.0946,294,144,48,281.0,360.1,1.0,294.0,0.0,0.0
781,13.1114,294,167,188,280.9,360.3,1.0,294.0,0.0,0.0
782,13.1283,294,294,188,280.9,360.3,1.0,294.0,0.0,0.0
783,13.1451,294,294,189,280.9,360.1,1.0,294.0,0.0,0.0
784,13.1619,294,294,188,280.9,360.2,1.0,294.0,0.0,0.0
785,13.1787,336,336,221,319.4,409.6,0.9923,338.6,0.347,0.117
786,13.1955,354,354,233,335.9,431.5,0.9886,358.1,0.496,0.168
787,13.2123,370,370,245,338.2,455.8,0.983,376.4,0.628,0.216
788,13.2291,384,384,258,341.5,442.6,0.9757,393.6,0.744,0.261
789,13.2459,398,396,264,354.3,457.2,0.9654,412.2,0.86,0.31
790,13.2627,416,416,278,370.0,476.0,0.9532,436.4,1.008,0.374
791,13.2795,434,434,294,388.7,495.1,0.9389,462.3,1.157,0.442
792,13.2964,454,454,307,394.0,505.8,0.9215,492.7,1.322,0.521
793,13.3132,468,468,321,401.5,521.3,0.9071,515.9,1.438,0.582
794,13.33,488,474,331,409.9,539.5,0.8927,546.6,1.603,0.663
795,13.3468,502,484,342,415.4,550.5,0.8776,572.0,1.719,0.73
796,13.3636,516,236,154,430.3,567.5,0.8616,598.9,1.835,0.8
797,13.3804,527,214,126,441.5,580.8,0.8468,622.3,1.926,0.862
798,13.3972,534,207,120,445.0,588.9,0.8318,642.0,1.983,0.913
799,13.414,538,202,368,450.0,595.6,0.8165,658.9,2.017,0.958
800,13.4308,538,212,368,464.3,603.0,0.8029,670.1,2.017,0.987
801,13.4476,534,221,367,468.4,603.1,0.7898,676.1,1.983,1.003
802,13.4644,528,235,309,471.1,602.3,0.7757,680.7,1.934,1.015
803,13.4813,522,495,360,461.4,590.4,0.7648,682.6,1.884,1.02
804,13.4981,512,493,352,451.3,578.6,0.7499,682.7,1.802,1.02
805,13.5149,504,486,346,444.9,571.7,0.7371,683.8,1.736,1.023
806,13.5317,487,487,338,430.6,554.9,0.7262,670.6,1.595,0.988
807,13.5485,481,481,331,424.5,543.8,0.7168,671.0,1.545,0.99
808,13.5653,470,470,324,419.4,533.6,0.7098,662.2,1.455,0.966
809,13.5821,459,459,314,408.4,519.5,0.6986,657.1,1.364,0.953
810,13.5989,448,448,307,399.9,509.3,0.6891,650.1,1.273,0.935
811,13.6157,438,438,300,394.9,507.5,0.6833,641.1,1.19,0.911
812,13.6325,428,428,295,385.4,497.2,0.6789,630.4,1.107,0.883
813,13.6494,420,418,289,377.2,485.9,0.6749,622.3,1.041,0.862
814,13.6662,416,416,285,370.2,478.5,0.6683,622.5,1.008,0.862
815,13.683,412,412,284,383.2,496.1,0.6647,619.8,0.975,0.855
816,13.6998,411,411,282,361.8,471.5,0.6586,624.1,0.967,0.866
817,13.7166,411,411,284,362.2,470.3,0.6559,626.7,0.967,0.873
818,13.7334,414,414,284,368.7,477.0,0.6526,634.4,0.992,0.893
819,13.7502,416,281,286,370.9,478.9,0.6499,640.1,1.008,0.908
820,13.767,418,240,288,373.4,481.0,0.6472,645.8,1.025,0.923
821,13.7838,421,224,289,373.3,483.2,0.6455,652.2,1.05,0.94
822,13.8006,421,218,290,371.0,483.2,0.6399,657.9,1.05,0.955
823,13.8174,421,225,290,374.0,483.3,0.6346,663.4,1.05,0.97
824,13.8343,223,223,252,374.2,465.7,0.6332,352.2,-0.587,0.153
825,13.8511,209,209,245,374.3,472.1,0.6314,331.0,-0.702,0.097
826,13.8679,418,186,63,394.8,505.5,0.6282,665.4,1.025,0.975
827,13.8847,417,158,111,394.0,504.9,0.6271,665.0,1.017,0.974
828,13.9015,416,151,122,393.4,504.4,0.6263,664.2,1.008,0.972
829,13.9183,416,414,189,358.4,483.8,0.6211,669.8,1.008,0.986
830,13.9351,416,416,262,392.5,503.1,0.6205,670.4,1.008,0.988
831,13.9519,416,416,285,391.9,502.6,0.6181,673.0,1.008,0.995
832,13.9687,416,416,285,391.5,502.2,0.6178,673.4,1.008,0.996
833,13.9855,415,415,285,391.1,501.9,0.6171,672.5,1.0,0.994
834,14.0024,414,414,284,390.4,501.6,0.6153,672.8,0.992,0.994
835,14.0192,414,414,284,388.6,501.6,0.6143,673.9,0.992,0.997
836,14.036,414,414,285,386.7,501.3,0.6137,674.6,0.992,0.999
837,14.0528,414,414,285,386.2,501.1,0.6132,675.1,0.992,1.0
838,14.0696,414,414,285,388.4,498.9,0.613,675.4,0.992,1.001
839,14.0864,414,414,285,368.4,473.6,0.6126,675.8,0.992,1.002
840,14.1032,412,412,285,367.9,474.0,0.6128,672.4,0.975,0.993
841,14.12,412,412,285,368.1,474.1,0.6127,672.4,0.975,0.993
842,14.1368,412,412,285,367.8,474.4,0.6114,673.8,0.975,0.997
843,14.1536,412,412,284,367.8,475.0,0.6117,673.5,0.975,0.996
844,14.1704,412,412,284,367.7,474.8,0.6121,673.1,0.975,0.995
845,14.1873,412,412,284,367.7,474.4,0.6081,677.5,0.975,1.007
846,14.2041,412,412,284,367.4,474.2,0.6078,677.8,0.975,1.007
847,14.2209,412,412,284,367.1,474.0,0.6084,677.1,0.975,1.006
848,14.2377,412,287,284,388.8,499.2,0.6084,677.1,0.975,1.006
849,14.2545,412,254,284,388.7,499.1,0.6084,677.2,0.975,1.006
850,14.2713,412,246,284,388.6,499.1,0.6082,677.4,0.975,1.006
851,14.2881,412,254,284,388.6,499.1,0.6085,677.1,0.975,1.006
852,14.3049,412,246,284,388.4,499.1,0.6076,678.1,0.975,1.008
853,14.3217,412,239,284,387.9,499.0,0.6077,678.0,0.975,1.008
854,14.3385,411,245,283,386.8,498.1,0.6079,676.1,0.967,1.003
855,14.3554,410,410,284,385.6,497.7,0.6078,674.5,0.959,0.999
856,14.3722,410,410,284,386.0,497.0,0.6075,674.9,0.959,1.0
857,14.389,410,410,282,384.7,495.7,0.6075,674.9,0.959,1.0
858,14.4058,411,411,283,384.2,494.0,0.6077,676.3,0.967,1.003
859,14.4226,409,409,282,364.6,470.0,0.6056,675.4,0.95,1.001
860,14.4394,410,410,282,364.9,470.9,0.605,677.7,0.959,1.007
