frame,t_s,base_x,base_y,r,score,knob_x,knob_y,dist
271,4.5000,658.8,2150.0,165,40.62,661.8,2141.0,9.5
272,4.5167,658.8,2150.0,165,40.83,661.8,2141.0,9.5
273,4.5333,658.8,2149.2,165,41.20,661.8,2141.2,8.5
274,4.5500,659.8,2149.3,165,42.26,661.8,2141.3,8.2
275,4.5667,658.8,2149.2,165,42.71,660.8,2141.2,8.2
276,4.5833,659.4,2149.0,165,42.65,660.4,2141.0,8.1
277,4.6000,659.4,2149.0,165,42.72,660.4,2141.0,8.1
278,4.6167,659.4,2149.0,165,42.72,660.4,2141.0,8.1
279,4.6333,659.4,2149.0,165,42.72,660.4,2141.0,8.1
280,4.6500,659.4,2149.0,165,42.72,660.4,2141.0,8.1
281,4.6667,659.8,2149.1,165,42.59,659.8,2141.1,8.0
282,4.6833,659.8,2149.1,165,42.59,659.8,2141.1,8.0
283,4.7000,659.8,2149.1,165,42.59,659.8,2141.1,8.0
284,4.7167,658.8,2149.1,165,42.60,659.8,2141.1,8.1
285,4.7333,658.8,2149.1,165,42.60,659.8,2141.1,8.1
286,4.7500,658.8,2149.1,165,42.60,659.8,2141.1,8.1
287,4.7667,658.8,2149.1,165,42.60,659.8,2141.1,8.1
288,4.7833,658.8,2149.1,165,42.60,659.8,2141.1,8.1
289,4.8000,658.8,2149.1,165,42.60,659.8,2141.1,8.1
290,4.8167,660.0,2149.6,165,42.67,660.0,2141.6,8.0
291,4.8333,660.0,2149.6,165,42.67,660.0,2141.6,8.0
292,4.8500,660.0,2149.6,165,42.67,660.0,2141.6,8.0
293,4.8667,660.0,2149.6,165,42.67,660.0,2141.6,8.0
294,4.8833,660.0,2149.6,165,42.67,660.0,2141.6,8.0
295,4.9000,660.0,2149.6,165,42.67,660.0,2141.6,8.0
296,4.9167,659.9,2150.1,165,42.69,659.9,2141.1,9.0
297,4.9333,659.9,2150.1,165,42.67,659.9,2141.1,9.0
298,4.9500,659.9,2150.1,165,42.67,659.9,2141.1,9.0
299,4.9667,659.9,2150.1,165,42.67,659.9,2141.1,9.0
300,4.9833,659.9,2150.1,165,42.68,659.9,2141.1,9.0
301,5.0000,658.5,2150.0,165,42.69,659.5,2142.0,8.1
302,5.0167,658.5,2150.0,165,42.69,659.5,2142.0,8.1
303,5.0333,658.5,2150.0,165,42.69,659.5,2142.0,8.1
304,5.0500,658.5,2150.0,165,42.69,659.5,2142.0,8.1
305,5.0667,658.5,2150.0,165,42.69,659.5,2142.0,8.1
306,5.0833,658.5,2150.0,165,42.69,659.5,2142.0,8.1
307,5.1000,658.5,2150.0,165,42.69,659.5,2142.0,8.1
308,5.1167,658.5,2150.0,165,42.69,659.5,2142.0,8.1
309,5.1333,658.5,2150.0,165,42.69,659.5,2142.0,8.1
310,5.1500,658.5,2150.0,165,42.69,659.5,2142.0,8.1
311,5.1667,658.5,2150.0,165,42.69,659.5,2142.0,8.1
312,5.1833,658.5,2150.0,165,42.69,659.5,2142.0,8.1
313,5.2000,658.5,2150.0,165,42.69,659.5,2142.0,8.1
314,5.2167,957.9,2030.7,165,45.12,960.9,2020.7,10.4
315,5.2333,957.9,2030.7,165,45.35,960.9,2020.7,10.4
316,5.2500,958.0,2030.7,165,45.53,961.0,2020.7,10.4
317,5.2667,957.1,2030.6,165,45.51,961.1,2020.6,10.8
318,5.2833,957.1,2030.6,165,45.66,961.1,2020.6,10.8
319,5.3000,956.9,2030.1,165,45.85,983.9,2002.1,38.9
320,5.3167,957.7,2030.7,165,45.90,987.7,1998.7,43.9
321,5.3333,958.0,2030.7,165,45.80,993.0,1993.7,50.9
322,5.3500,957.9,2030.4,165,45.82,997.9,1987.4,58.7
323,5.3667,958.1,2030.8,165,45.36,1002.1,1980.8,66.6
324,5.3833,957.3,2030.6,165,45.64,1006.3,1973.6,75.2
325,5.4000,957.5,2030.2,165,44.65,1009.5,1967.2,81.7
326,5.4167,957.9,2030.9,165,44.47,1010.9,1961.9,87.0
327,5.4333,957.2,2030.9,165,43.76,1014.2,1957.9,92.6
328,5.4500,957.4,2031.1,165,44.20,1016.4,1953.1,97.8
329,5.4667,957.4,2030.3,165,44.47,1017.4,1948.3,101.6
330,5.4833,957.3,2031.2,165,45.30,1018.3,1943.2,107.1
331,5.5000,957.5,2030.7,165,45.72,1018.5,1938.7,110.4
332,5.5167,957.2,2030.7,165,41.91,1018.2,1932.7,115.4
333,5.5333,957.2,2030.8,165,37.11,1018.2,1924.8,122.3
334,5.5500,957.2,2030.8,165,35.02,1018.2,1914.8,131.1
335,5.5667,957.4,2030.9,165,35.84,1011.4,1900.9,140.8
336,5.5833,957.1,2030.8,165,35.57,1004.1,1886.8,151.5
337,5.6000,956.6,2030.0,165,37.53,995.6,1872.0,162.7
338,5.6167,958.0,2030.0,165,40.52,990.0,1856.0,176.9
339,5.6333,958.0,2029.2,165,39.24,983.0,1852.2,178.8
340,5.6500,957.6,2023.7,165,41.50,977.6,1846.7,178.1
341,5.6667,958.6,2015.8,165,44.37,974.6,1838.8,177.7
342,5.6833,959.1,2007.3,165,44.90,972.1,1829.3,178.5
343,5.7000,961.3,1997.3,165,45.68,971.3,1819.3,178.3
344,5.7167,961.8,1986.7,165,48.61,970.8,1808.7,178.2
345,5.7333,962.2,1974.9,165,52.79,971.2,1797.9,177.2
346,5.7500,962.3,1966.0,165,57.09,971.3,1788.0,178.2
347,5.7667,962.4,1956.8,165,56.67,971.4,1778.8,178.2
348,5.7833,963.3,1949.7,165,58.48,971.3,1771.7,178.2
349,5.8000,963.6,1943.8,165,57.03,971.6,1765.8,178.2
350,5.8167,962.9,1938.7,165,56.59,971.9,1760.7,178.2
351,5.8333,963.6,1934.5,165,58.90,971.6,1756.5,178.2
352,5.8500,963.7,1929.6,165,58.84,971.7,1752.6,177.2
353,5.8667,964.3,1926.5,165,57.77,971.3,1749.5,177.1
354,5.8833,963.7,1923.8,165,60.10,972.7,1746.8,177.2
355,5.9000,964.3,1922.7,165,61.89,974.3,1743.7,179.3
356,5.9167,964.1,1918.6,165,64.01,975.1,1741.6,177.3
357,5.9333,964.0,1916.3,165,64.86,977.0,1739.3,177.5
358,5.9500,964.1,1915.0,165,64.13,981.1,1737.0,178.8
359,5.9667,964.1,1913.0,165,65.57,986.1,1736.0,178.4
360,5.9833,964.7,1912.1,165,64.22,992.7,1736.1,178.2
361,6.0000,965.0,1910.3,165,64.33,1001.0,1736.3,177.7
362,6.0167,964.8,1909.5,165,67.28,1007.8,1736.5,178.3
363,6.0333,965.7,1907.6,165,66.64,1013.7,1736.6,177.6
364,6.0500,966.5,1906.8,165,67.98,1021.5,1737.8,177.7
365,6.0667,966.7,1905.2,165,66.20,1027.7,1738.2,177.8
366,6.0833,966.9,1903.6,165,67.65,1032.9,1738.6,177.7
367,6.1000,967.4,1902.4,165,62.85,1038.4,1738.4,178.7
368,6.1167,968.3,1899.6,165,63.11,1041.3,1737.6,177.7
369,6.1333,969.5,1898.7,165,63.16,1044.5,1737.7,177.6
370,6.1500,969.4,1896.7,165,61.82,1046.4,1736.7,177.6
371,6.1667,969.0,1895.0,165,61.51,1047.0,1735.0,178.0
372,6.1833,970.4,1894.6,165,61.61,1047.4,1734.6,177.6
373,6.2000,971.2,1894.2,165,61.67,1047.2,1734.2,177.1
374,6.2167,971.1,1894.2,165,61.76,1047.1,1734.2,177.1
375,6.2333,971.2,1894.1,165,61.28,1047.2,1734.1,177.1
376,6.2500,971.2,1894.0,165,61.14,1047.2,1734.0,177.1
377,6.2667,971.2,1894.0,165,61.38,1047.2,1734.0,177.1
378,6.2833,971.2,1894.0,165,61.68,1047.2,1734.0,177.1
379,6.3000,971.2,1893.9,165,62.25,1047.2,1733.9,177.1
380,6.3167,971.2,1893.9,165,63.00,1047.2,1733.9,177.1
381,6.3333,971.4,1893.4,165,63.02,1047.4,1734.4,176.2
382,6.3500,970.3,1893.9,165,63.61,1046.3,1733.9,177.1
383,6.3667,971.9,1893.3,165,64.05,1034.9,1728.3,176.6
384,6.3833,971.8,1890.4,165,64.01,1017.8,1719.4,177.1
385,6.4000,972.4,1885.5,165,64.12,999.4,1709.5,178.1
386,6.4167,974.3,1876.2,165,63.47,982.3,1699.2,177.2
387,6.4333,976.3,1865.7,165,61.99,967.3,1688.7,177.2
388,6.4500,974.6,1853.1,165,59.83,953.6,1677.1,177.2
389,6.4667,975.0,1839.3,165,60.40,942.0,1666.3,176.1
390,6.4833,972.5,1826.7,165,62.86,930.5,1654.7,177.1
391,6.5000,970.3,1813.4,165,62.97,920.3,1643.4,177.2
392,6.5167,966.9,1798.8,165,63.43,908.9,1632.8,175.8
393,6.5333,963.1,1786.3,165,65.70,900.1,1621.3,176.6
394,6.5500,959.0,1774.3,165,66.17,890.0,1611.3,177.0
395,6.5667,953.9,1761.7,165,65.63,881.9,1601.7,175.5
396,6.5833,950.5,1752.4,165,66.32,875.5,1593.4,175.8
397,6.6000,947.2,1744.8,165,66.74,870.2,1586.8,175.8
398,6.6167,943.1,1738.1,165,68.56,866.1,1581.1,174.9
399,6.6333,941.8,1732.6,165,68.07,863.8,1576.6,174.4
400,6.6500,939.5,1729.9,165,68.72,861.5,1572.9,175.3
401,6.6667,938.9,1727.0,165,69.45,860.9,1570.0,175.3
402,6.6833,937.1,1725.3,165,68.33,860.1,1567.3,175.8
403,6.7000,936.9,1723.1,165,64.62,858.9,1567.1,174.4
404,6.7167,936.5,1721.6,165,65.35,858.5,1565.6,174.4
405,6.7333,935.5,1721.8,165,67.21,858.5,1564.8,174.9
406,6.7500,935.1,1721.2,165,67.37,858.1,1564.2,174.9
407,6.7667,935.3,1721.2,165,67.69,858.3,1563.2,175.8
408,6.7833,934.8,1720.6,165,65.81,857.8,1562.6,175.8
409,6.8000,935.1,1720.6,165,64.02,858.1,1562.6,175.8
410,6.8167,934.6,1719.3,165,62.35,857.6,1562.3,174.9
411,6.8333,935.0,1719.7,165,61.61,858.0,1561.7,175.8
412,6.8500,934.5,1719.5,165,60.92,857.5,1561.5,175.8
413,6.8667,933.9,1718.6,165,60.85,857.9,1560.6,175.3
414,6.8833,933.9,1718.0,165,60.63,857.9,1560.0,175.3
415,6.9000,933.3,1717.4,165,60.50,858.3,1558.4,175.8
416,6.9167,932.0,1717.4,165,60.56,860.0,1556.4,176.4
417,6.9333,933.2,1716.0,165,60.33,866.2,1553.0,176.2
418,6.9500,931.8,1714.9,165,60.79,873.8,1548.9,175.8
419,6.9667,931.8,1715.7,165,61.06,880.8,1545.7,177.5
420,6.9833,931.3,1713.7,165,61.25,887.3,1542.7,176.6
421,7.0000,930.9,1713.5,165,61.12,891.9,1540.5,177.3
422,7.0167,932.0,1711.3,165,61.44,896.0,1538.3,176.7
423,7.0333,931.1,1709.8,165,61.28,899.1,1535.8,176.9
424,7.0500,930.9,1708.9,165,61.19,901.9,1533.9,177.4
425,7.0667,929.3,1708.0,165,61.16,904.3,1532.0,177.8
426,7.0833,929.9,1705.4,165,61.17,905.9,1529.4,177.6
427,7.1000,930.2,1703.9,165,61.15,906.2,1527.9,177.6
428,7.1167,929.3,1703.6,165,61.30,905.3,1526.6,178.6
429,7.1333,929.2,1701.5,165,61.49,905.2,1525.5,177.6
430,7.1500,928.4,1700.6,165,61.48,905.4,1524.6,177.5
431,7.1667,929.1,1701.3,165,60.98,905.1,1523.3,179.6
432,7.1833,928.7,1698.5,165,61.00,905.7,1522.5,177.5
433,7.2000,928.6,1698.7,165,60.87,906.6,1521.7,178.4
434,7.2167,928.3,1697.9,165,61.08,906.3,1520.9,178.4
435,7.2333,928.8,1698.0,165,61.01,907.8,1520.0,179.2
436,7.2500,928.4,1696.8,165,61.31,907.4,1519.8,178.2
437,7.2667,927.9,1695.7,165,61.44,907.9,1518.7,178.1
438,7.2833,927.9,1695.9,165,61.53,908.9,1517.9,179.0
439,7.3000,928.0,1693.4,165,61.12,910.0,1517.4,176.9
440,7.3167,927.9,1693.6,165,61.31,910.9,1516.6,177.8
441,7.3333,927.5,1693.0,165,61.06,912.5,1516.0,177.6
442,7.3500,927.9,1691.9,165,61.29,912.9,1514.9,177.6
443,7.3667,927.9,1692.2,165,61.36,913.9,1514.2,178.5
444,7.3833,927.6,1692.5,165,60.83,914.6,1513.5,179.5
445,7.4000,927.1,1689.7,165,60.85,916.1,1513.7,176.3
446,7.4167,927.9,1690.1,165,60.75,915.9,1513.1,177.4
447,7.4333,927.8,1690.4,165,60.72,916.8,1512.4,178.3
448,7.4500,928.0,1688.6,165,60.90,918.0,1511.6,177.3
449,7.4667,926.3,1688.7,165,60.78,920.3,1510.7,178.1
450,7.4833,927.6,1688.4,165,60.94,922.6,1509.4,179.1
451,7.5000,927.6,1688.4,165,60.64,925.6,1508.4,180.0
452,7.5167,926.5,1687.0,165,60.62,928.5,1508.0,179.0
453,7.5333,927.0,1684.9,165,60.62,930.0,1506.9,178.0
454,7.5500,927.9,1683.7,165,60.58,932.9,1505.7,178.1
455,7.5667,927.3,1682.2,165,60.94,934.3,1505.2,177.1
456,7.5833,928.2,1682.2,165,60.61,937.2,1504.2,178.2
457,7.6000,927.2,1680.0,165,60.24,939.2,1503.0,177.4
458,7.6167,927.5,1680.4,165,60.46,939.5,1501.4,179.4
459,7.6333,926.7,1678.4,165,59.96,940.7,1500.4,178.5
460,7.6500,927.0,1677.4,165,59.52,943.0,1499.4,178.7
461,7.6667,927.9,1675.8,165,59.45,943.9,1498.8,177.7
462,7.6833,926.6,1675.5,165,59.58,943.6,1497.5,178.8
463,7.7000,928.5,1675.1,165,58.79,944.5,1497.1,178.7
464,7.7167,927.7,1674.7,165,58.87,945.7,1496.7,178.9
465,7.7333,927.9,1674.4,165,58.66,945.9,1496.4,178.9
466,7.7500,927.9,1674.4,165,58.66,945.9,1496.4,178.9
467,7.7667,927.9,1674.4,165,58.66,945.9,1496.4,178.9
468,7.7833,927.9,1674.4,165,58.66,945.9,1496.4,178.9
469,7.8000,927.4,1673.1,165,57.99,947.4,1496.1,178.1
470,7.8167,927.5,1674.0,165,57.75,952.5,1496.0,179.7
471,7.8333,926.8,1672.7,165,57.76,955.8,1495.7,179.4
472,7.8500,926.7,1672.4,165,57.81,958.7,1495.4,179.9
473,7.8667,926.7,1671.3,165,58.32,960.7,1494.3,180.2
474,7.8833,927.5,1669.8,165,58.75,962.5,1493.8,179.4
475,7.9000,928.0,1669.2,165,58.61,964.0,1493.2,179.6
476,7.9167,928.2,1667.7,165,58.59,966.2,1493.7,178.1
477,7.9333,928.4,1668.1,165,58.55,968.4,1493.1,179.5
478,7.9500,928.7,1667.5,165,57.01,969.7,1492.5,179.7
479,7.9667,929.0,1666.4,165,56.78,972.0,1492.4,179.2
480,7.9833,929.5,1666.3,165,55.08,974.5,1492.3,179.7
481,8.0000,929.3,1665.5,165,54.49,975.3,1491.5,180.0
482,8.0167,929.2,1663.3,165,54.50,977.2,1491.3,178.6
483,8.0333,930.0,1663.8,165,54.19,979.0,1490.8,179.8
484,8.0500,930.5,1662.5,165,53.49,980.5,1490.5,179.1
485,8.0667,929.8,1662.5,165,52.91,982.8,1490.5,180.0
486,8.0833,930.4,1661.9,165,51.58,985.4,1490.9,179.6
487,8.1000,930.3,1661.8,165,50.88,987.3,1490.8,180.2
488,8.1167,930.7,1660.4,165,50.46,991.7,1491.4,179.7
489,8.1333,930.5,1659.5,165,50.42,997.5,1492.5,179.9
490,8.1500,932.1,1657.1,165,49.33,1005.1,1494.1,178.6
491,8.1667,932.5,1655.8,165,48.50,1010.5,1494.8,178.9
492,8.1833,933.5,1654.1,165,47.31,1016.5,1495.1,179.4
493,8.2000,935.4,1651.9,165,46.57,1022.4,1494.9,179.5
494,8.2167,936.5,1649.5,165,45.49,1026.5,1494.5,179.2
495,8.2333,937.4,1646.7,165,45.06,1029.4,1493.7,178.5
496,8.2500,938.5,1645.0,165,44.74,1032.5,1493.0,178.7
497,8.2667,939.7,1643.1,165,44.06,1034.7,1492.1,178.4
498,8.2833,940.9,1641.9,165,42.97,1036.9,1491.9,178.1
499,8.3000,940.7,1641.4,165,42.39,1038.7,1491.4,179.2
500,8.3167,941.6,1640.4,165,42.01,1039.6,1491.4,178.3
501,8.3333,941.9,1638.9,165,41.05,1040.9,1490.9,178.1
502,8.3500,942.6,1638.7,165,40.98,1041.6,1490.7,178.1
503,8.3667,942.9,1638.2,165,40.71,1041.9,1490.2,178.1
504,8.3833,942.8,1638.2,165,40.53,1042.8,1490.2,178.6
505,8.4000,942.7,1638.1,165,40.58,1043.7,1490.1,179.2
506,8.4167,943.6,1636.8,165,39.73,1045.6,1490.8,178.1
507,8.4333,944.0,1636.0,165,39.61,1047.0,1491.0,177.9
508,8.4500,944.9,1635.5,165,39.81,1048.9,1490.5,178.4
509,8.4667,945.1,1635.5,165,39.21,1051.1,1491.5,178.8
510,8.4833,946.1,1633.7,165,38.56,1053.1,1491.7,177.8
511,8.5000,947.6,1633.3,165,38.60,1055.6,1492.3,177.6
512,8.5167,948.7,1630.6,165,38.89,1059.7,1492.6,177.1
513,8.5333,949.7,1629.2,165,38.44,1062.7,1493.2,176.8
514,8.5500,951.2,1627.9,165,38.14,1067.2,1493.9,177.2
515,8.5667,952.6,1626.0,165,38.40,1070.6,1494.0,177.1
516,8.5833,953.9,1624.3,165,38.43,1073.9,1494.3,176.9
517,8.6000,955.3,1622.3,165,38.76,1078.3,1495.3,176.8
518,8.6167,957.2,1619.6,165,40.94,1082.2,1496.6,175.4
519,8.6333,958.0,1619.0,165,42.40,1086.0,1499.0,175.5
520,8.6500,959.2,1617.2,165,43.70,1088.2,1499.2,174.8
521,8.6667,960.1,1617.6,165,44.75,1091.1,1500.6,175.6
522,8.6833,960.8,1616.4,165,44.78,1093.8,1501.4,175.8
523,8.7000,962.2,1615.9,165,44.95,1095.2,1501.9,175.2
524,8.7167,962.0,1615.7,165,44.94,1096.0,1502.7,175.3
525,8.7333,962.1,1615.5,165,46.43,1097.1,1502.5,176.1
526,8.7500,963.0,1615.2,165,47.89,1097.0,1502.2,175.3
527,8.7667,963.0,1614.9,165,49.07,1097.0,1502.9,174.6
528,8.7833,963.5,1615.3,165,49.83,1097.5,1503.3,174.6
529,8.8000,963.7,1615.6,165,49.89,1097.7,1503.6,174.6
530,8.8167,962.6,1615.3,165,49.35,1097.6,1503.3,175.4
531,8.8333,962.9,1615.5,165,48.95,1097.9,1503.5,175.4
532,8.8500,962.8,1615.5,165,46.30,1097.8,1503.5,175.4
533,8.8667,963.0,1615.1,165,44.72,1097.0,1504.1,174.0
534,8.8833,963.6,1615.3,165,44.47,1097.6,1504.3,174.0
535,8.9000,963.3,1615.4,165,44.32,1097.3,1504.4,174.0
536,8.9167,964.0,1615.4,165,45.07,1097.0,1504.4,173.2
537,8.9333,964.1,1615.5,165,46.18,1097.1,1504.5,173.2
538,8.9500,964.2,1615.7,165,46.88,1097.2,1504.7,173.2
539,8.9667,963.3,1615.7,165,48.03,1097.3,1504.7,174.0
540,8.9833,964.2,1615.6,165,48.77,1097.2,1504.6,173.2
541,9.0000,963.4,1615.7,165,49.52,1097.4,1504.7,174.0
542,9.0167,963.5,1615.8,165,50.45,1097.5,1504.8,174.0
543,9.0333,964.2,1615.4,165,51.21,1097.2,1504.4,173.2
544,9.0500,963.3,1615.6,165,51.06,1097.3,1504.6,174.0
545,9.0667,963.5,1614.6,165,49.23,1097.5,1504.6,173.4
546,9.0833,963.5,1615.6,165,46.45,1097.5,1504.6,174.0
547,9.1000,963.5,1615.6,165,44.86,1097.5,1504.6,174.0
548,9.1167,963.5,1614.6,165,45.53,1097.5,1504.6,173.4
549,9.1333,963.7,1615.4,165,46.37,1097.7,1503.4,174.6
550,9.1500,963.3,1615.7,165,47.22,1097.3,1501.7,175.9
551,9.1667,963.8,1614.2,165,46.89,1095.8,1500.2,174.4
552,9.1833,963.9,1613.6,165,46.35,1094.9,1497.6,175.0
553,9.2000,965.9,1613.5,165,46.15,1094.9,1495.5,174.8
554,9.2167,966.0,1612.6,165,46.76,1095.0,1493.6,175.5
555,9.2333,967.2,1611.8,165,47.64,1095.2,1491.8,175.5
556,9.2500,967.5,1611.9,165,47.86,1095.5,1490.9,176.1
557,9.2667,968.2,1611.0,165,47.89,1096.2,1490.0,176.1
558,9.2833,969.0,1609.9,165,47.53,1096.0,1488.9,175.4
559,9.3000,969.3,1609.4,165,48.12,1096.3,1488.4,175.4
560,9.3167,969.5,1609.2,165,48.12,1096.5,1488.2,175.4
561,9.3333,969.9,1609.8,165,47.83,1096.9,1487.8,176.1
562,9.3500,970.0,1609.7,165,47.71,1097.0,1487.7,176.1
563,9.3667,969.8,1608.8,165,47.51,1096.8,1486.8,176.1
564,9.3833,970.1,1607.8,165,47.71,1097.1,1486.8,175.4
565,9.4000,970.9,1607.9,165,47.46,1096.9,1486.9,174.7
566,9.4167,970.1,1607.8,165,47.85,1097.1,1486.8,175.4
567,9.4333,970.5,1607.7,165,47.76,1097.5,1486.7,175.4
568,9.4500,970.4,1608.4,165,48.18,1097.4,1486.4,176.1
569,9.4667,970.7,1607.6,165,47.97,1096.7,1485.6,175.4
570,9.4833,971.9,1608.4,165,47.68,1096.9,1485.4,175.4
571,9.5000,971.2,1607.4,165,47.97,1097.2,1485.4,175.4
572,9.5167,970.9,1607.6,165,48.35,1097.9,1485.6,176.1
573,9.5333,971.6,1607.0,165,48.25,1098.6,1486.0,175.4
574,9.5500,974.1,1606.8,165,47.89,1099.1,1484.8,174.7
575,9.5667,973.8,1605.4,165,48.02,1100.8,1483.4,176.1
576,9.5833,975.4,1604.5,165,48.18,1102.4,1482.5,176.1
577,9.6000,976.6,1602.9,165,47.91,1103.6,1480.9,176.1
578,9.6167,978.4,1601.7,165,48.30,1104.4,1479.7,175.4
579,9.6333,979.0,1601.7,165,48.15,1105.0,1477.7,176.8
580,9.6500,980.1,1600.4,165,48.36,1106.1,1476.4,176.8
581,9.6667,980.1,1600.1,165,48.06,1106.1,1475.1,177.5
582,9.6833,982.4,1598.3,165,47.99,1106.4,1473.3,176.1
583,9.7000,983.1,1597.0,165,48.19,1106.1,1472.0,175.4
584,9.7167,984.1,1597.4,165,48.02,1106.1,1471.4,175.4
585,9.7333,984.5,1597.0,165,47.72,1106.5,1470.0,176.1
586,9.7500,984.1,1597.4,165,47.87,1106.1,1468.4,177.6
587,9.7667,985.9,1594.7,165,48.04,1105.9,1466.7,175.5
588,9.7833,985.8,1594.3,165,47.90,1105.8,1464.3,176.9
589,9.8000,987.3,1594.0,165,48.27,1106.3,1463.0,177.0
590,9.8167,988.7,1592.3,165,47.89,1105.7,1461.3,175.6
591,9.8333,988.7,1593.1,165,47.56,1105.7,1460.1,177.1
592,9.8500,990.3,1591.8,165,47.62,1106.3,1458.8,176.5
593,9.8667,990.4,1591.3,165,47.78,1106.4,1458.3,176.5
594,9.8833,990.6,1590.6,165,47.25,1106.6,1457.6,176.5
595,9.9000,992.3,1589.3,165,47.24,1106.3,1456.3,175.2
596,9.9167,991.6,1588.9,165,47.25,1106.6,1455.9,175.8
597,9.9333,992.9,1589.2,165,47.47,1106.9,1455.2,175.9
598,9.9500,992.6,1589.4,165,47.50,1106.6,1455.4,175.9
599,9.9667,992.6,1589.4,165,47.10,1106.6,1454.4,176.7
600,9.9833,992.8,1588.1,165,47.00,1106.8,1454.1,175.9
601,10.0000,993.1,1587.7,165,47.31,1107.1,1453.7,175.9
602,10.0167,993.1,1587.4,165,47.22,1107.1,1453.4,175.9
603,10.0333,993.4,1587.2,165,47.28,1107.4,1453.2,175.9
604,10.0500,994.3,1587.3,165,46.99,1107.3,1452.3,176.1
605,10.0667,994.3,1586.4,165,46.94,1107.3,1452.4,175.3
606,10.0833,994.5,1587.2,165,47.06,1107.5,1452.2,176.1
607,10.1000,994.1,1587.5,165,46.89,1107.1,1451.5,176.8
608,10.1167,994.6,1587.3,165,47.19,1107.6,1451.3,176.8
609,10.1333,994.5,1587.1,165,47.00,1107.5,1451.1,176.8
610,10.1500,994.6,1587.0,165,46.89,1108.6,1451.0,177.5
611,10.1667,994.7,1586.9,165,46.87,1108.7,1450.9,177.5
612,10.1833,994.9,1586.8,165,46.82,1108.9,1450.8,177.5
613,10.2000,994.9,1585.6,165,46.57,1108.9,1450.6,176.7
614,10.2167,995.8,1586.7,165,46.71,1108.8,1450.7,176.8
615,10.2333,995.7,1586.1,165,46.95,1109.7,1451.1,176.7
616,10.2500,995.0,1586.1,165,46.90,1110.0,1451.1,177.3
617,10.2667,995.1,1586.1,165,46.82,1110.1,1451.1,177.3
618,10.2833,996.0,1586.2,165,46.58,1110.0,1450.2,177.5
619,10.3000,995.7,1585.9,165,46.71,1109.7,1449.9,177.5
620,10.3167,996.2,1585.6,165,46.63,1109.2,1449.6,176.8
621,10.3333,996.3,1584.8,165,47.06,1109.3,1448.8,176.8
622,10.3500,996.7,1585.3,165,46.90,1109.7,1448.3,177.6
623,10.3667,997.4,1584.6,165,46.70,1110.4,1447.6,177.6
624,10.3833,997.5,1584.3,165,46.43,1110.5,1447.3,177.6
625,10.4000,997.3,1584.3,165,46.33,1110.3,1447.3,177.6
626,10.4167,997.4,1583.1,165,46.18,1109.4,1446.1,177.0
627,10.4333,997.6,1583.6,165,46.24,1109.6,1445.6,177.7
628,10.4500,998.1,1583.4,165,46.20,1110.1,1445.4,177.7
629,10.4667,997.9,1583.4,165,46.08,1109.9,1445.4,177.7
630,10.4833,998.0,1583.0,165,46.21,1110.0,1445.0,177.7
631,10.5000,998.1,1583.1,165,46.08,1110.1,1445.1,177.7
632,10.5167,998.0,1583.0,165,45.85,1110.0,1445.0,177.7
633,10.5333,998.0,1583.0,165,45.57,1110.0,1445.0,177.7
634,10.5500,998.0,1583.0,165,45.50,1110.0,1445.0,177.7
635,10.5667,997.8,1582.9,165,45.54,1109.8,1444.9,177.7
636,10.5833,997.7,1582.8,165,45.29,1109.7,1444.8,177.7
637,10.6000,997.8,1582.9,165,45.34,1109.8,1444.9,177.7
638,10.6167,997.8,1582.9,165,45.26,1109.8,1444.9,177.7
639,10.6333,997.7,1582.8,165,45.21,1109.7,1444.8,177.7
640,10.6500,997.7,1582.8,165,45.19,1109.7,1444.8,177.7
641,10.6667,997.7,1582.6,165,45.07,1109.7,1444.6,177.7
642,10.6833,997.7,1582.6,165,45.08,1109.7,1444.6,177.7
643,10.7000,997.9,1583.1,165,45.30,1110.9,1445.1,178.4
644,10.7167,998.0,1582.1,165,45.25,1111.0,1445.1,177.6
645,10.7333,998.1,1582.0,165,45.17,1111.1,1445.0,177.6
646,10.7500,997.8,1582.0,165,44.95,1110.8,1445.0,177.6
647,10.7667,998.7,1582.0,165,44.83,1110.7,1445.0,177.0
648,10.7833,999.2,1582.4,165,45.01,1110.2,1444.4,177.1
649,10.8000,998.7,1582.7,165,44.99,1109.7,1444.7,177.1
650,10.8167,998.7,1582.5,165,45.02,1109.7,1444.5,177.1
651,10.8333,998.4,1582.2,165,45.03,1109.4,1444.2,177.1
652,10.8500,998.1,1581.7,165,45.07,1109.1,1443.7,177.1
653,10.8667,999.2,1581.5,165,44.58,1109.2,1443.5,176.5
654,10.8833,999.4,1581.5,165,44.96,1109.4,1442.5,177.3
655,10.9000,999.6,1580.3,165,44.58,1109.6,1442.3,176.5
656,10.9167,1000.5,1580.5,165,44.54,1109.5,1441.5,176.6
657,10.9333,1000.7,1580.5,165,44.57,1109.7,1441.5,176.6
658,10.9500,1000.5,1580.4,165,44.69,1109.5,1441.4,176.6
659,10.9667,1000.2,1580.0,165,44.78,1110.2,1441.0,177.3
660,10.9833,1000.2,1579.7,165,44.36,1110.2,1440.7,177.3
661,11.0000,1000.1,1580.5,165,44.39,1110.1,1440.5,178.0
662,11.0167,1001.2,1579.4,165,47.25,1110.2,1440.4,176.6
663,11.0333,1001.2,1579.4,165,48.03,1110.2,1440.4,176.6
664,11.0500,1001.2,1579.1,165,48.57,1110.2,1439.1,177.4
665,11.0667,1001.5,1580.0,165,48.74,1110.5,1439.0,178.2
666,11.0833,1001.5,1578.9,165,48.91,1110.5,1438.9,177.4
667,11.1000,1001.5,1578.9,165,49.28,1110.5,1438.9,177.4
668,11.1167,1001.4,1579.0,165,49.89,1110.4,1439.0,177.4
669,11.1333,1001.3,1578.9,165,47.98,1110.3,1438.9,177.4
670,11.1500,1002.4,1578.7,165,43.76,1110.4,1438.7,176.8
671,11.1667,1001.8,1579.1,165,43.75,1111.8,1439.1,178.0
672,11.1833,1001.8,1579.1,165,43.88,1111.8,1439.1,178.0
673,11.2000,1002.5,1578.5,165,43.78,1112.5,1439.5,177.3
674,11.2167,1002.7,1578.2,165,43.99,1113.7,1440.2,177.1
675,11.2333,1002.8,1577.5,165,43.39,1114.8,1440.5,177.0
676,11.2500,1003.9,1576.7,165,43.42,1116.9,1440.7,176.8
677,11.2667,1004.1,1576.5,165,43.35,1119.1,1441.5,177.3
678,11.2833,1004.9,1575.6,165,43.28,1119.9,1441.6,176.6
679,11.3000,1005.9,1574.9,165,43.41,1121.9,1441.9,176.5
680,11.3167,1006.4,1573.7,165,43.25,1123.4,1441.7,176.4
681,11.3333,1006.6,1573.9,165,43.02,1124.6,1441.9,177.1
682,11.3500,1008.0,1572.5,165,43.15,1125.0,1441.5,175.6
683,11.3667,1008.6,1571.8,165,43.42,1125.6,1441.8,174.9
684,11.3833,,,,,,,
685,11.4000,1008.7,1571.9,165,43.09,1127.7,1441.9,176.2
686,11.4167,1008.8,1571.8,165,42.86,1127.8,1441.8,176.2
687,11.4333,1008.9,1571.4,165,42.74,1127.9,1441.4,176.2
688,11.4500,1008.4,1570.5,165,42.70,1128.4,1441.5,176.2
689,11.4667,1009.7,1569.4,165,43.02,1128.7,1441.4,174.8
690,11.4833,1009.6,1569.4,165,43.54,1128.6,1441.4,174.8
691,11.5000,1009.7,1569.3,165,43.89,1128.7,1441.3,174.8
692,11.5167,1009.7,1569.5,165,44.37,1128.7,1440.5,175.5
693,11.5333,1010.4,1569.1,165,44.62,1127.4,1438.1,175.6
694,11.5500,1011.4,1568.9,165,45.37,1126.4,1435.9,175.8
695,11.5667,1012.3,1567.1,165,46.06,1126.3,1433.1,175.9
696,11.5833,1013.7,1566.4,165,46.02,1124.7,1429.4,176.3
697,11.6000,1015.1,1563.5,165,45.20,1123.1,1424.5,176.0
698,11.6167,1017.7,1561.8,165,45.46,1119.7,1417.8,176.5
699,11.6333,1019.2,1559.3,165,45.73,1115.2,1410.3,177.2
700,11.6500,1021.3,1556.4,165,45.41,1109.3,1402.4,177.4
701,11.6667,1022.6,1554.8,165,45.22,1099.6,1394.8,177.6
702,11.6833,1023.8,1551.4,165,44.40,1090.8,1388.4,176.2
703,11.7000,1025.0,1549.6,165,43.60,1081.0,1380.6,178.0
704,11.7167,1025.3,1547.9,165,43.50,1070.3,1375.9,177.8
705,11.7333,1026.0,1547.4,165,43.16,1058.0,1371.4,178.9
706,11.7500,1026.7,1545.1,165,42.25,1047.7,1367.1,179.2
707,11.7667,1027.0,1542.5,165,41.70,1036.0,1363.5,179.2
708,11.7833,1027.5,1540.2,165,40.86,1028.5,1362.2,178.0
709,11.8000,1027.8,1537.7,165,39.32,1020.8,1359.7,178.1
710,11.8167,1027.4,1533.7,165,37.42,1015.4,1356.7,177.4
711,11.8333,1027.0,1531.0,165,36.49,1012.0,1354.0,177.6
712,11.8500,1027.5,1528.6,165,35.31,1010.5,1351.6,177.8
713,11.8667,1027.7,1526.6,165,33.74,1004.7,1351.6,176.5
714,11.8833,1027.7,1525.4,165,31.31,998.7,1350.4,177.4
715,11.9000,1026.6,1523.8,165,28.83,994.6,1350.8,175.9
716,11.9167,1027.4,1523.2,165,26.15,990.4,1351.2,175.9
717,11.9333,1027.5,1522.1,165,24.08,987.5,1350.1,176.6
718,11.9500,1027.2,1520.1,165,22.36,986.2,1350.1,174.9
719,11.9667,1026.2,1520.2,165,21.56,985.2,1349.2,175.8
720,11.9833,1026.7,1519.4,165,21.11,984.7,1349.4,175.1
721,12.0000,1025.7,1518.8,165,21.28,984.7,1354.8,169.0
722,12.0167,1026.2,1518.7,165,21.89,989.2,1363.7,159.4
723,12.0333,1026.5,1518.7,165,23.09,1009.5,1378.7,141.0
724,12.0500,1025.8,1518.6,165,25.77,1039.8,1398.6,120.8
725,12.0667,1025.9,1518.6,165,29.71,1073.9,1419.6,110.0
726,12.0833,1027.3,1519.1,165,32.28,1106.3,1441.1,111.0
727,12.1000,1026.3,1518.7,165,31.31,1131.3,1458.7,120.9
728,12.1167,1026.0,1518.5,165,29.55,1153.0,1470.5,135.8
729,12.1333,,,,,,,
730,12.1500,1027.4,1518.9,165,26.87,1184.4,1492.9,159.1
731,12.1667,1025.5,1519.2,165,27.71,1191.5,1499.2,167.2
732,12.1833,1025.6,1519.5,165,28.86,1194.6,1506.5,169.5
733,12.2000,1026.3,1518.7,165,30.23,1196.3,1515.7,170.0
734,12.2167,1028.1,1518.7,165,31.76,1196.1,1522.7,168.0
735,12.2333,1028.8,1518.8,165,33.14,1195.8,1529.8,167.4
736,12.2500,1030.2,1519.2,165,33.56,1196.2,1535.2,166.8
737,12.2667,1031.8,1519.8,165,34.21,1197.8,1540.8,167.3
738,12.2833,1033.7,1520.4,165,34.86,1199.7,1543.4,167.6
739,12.3000,1035.9,1520.2,165,34.72,1201.9,1545.2,167.9
740,12.3167,1037.6,1521.2,165,34.43,1203.6,1546.2,167.9
741,12.3333,1038.7,1521.7,165,34.09,1204.7,1546.7,167.9
742,12.3500,1039.4,1520.3,165,32.28,1205.4,1547.3,168.2
743,12.3667,1039.6,1521.9,165,28.48,1205.6,1547.9,168.0
744,12.3833,1042.0,1521.4,165,26.03,1207.0,1544.4,166.6
745,12.4000,1041.8,1521.4,165,26.43,1206.8,1531.4,165.3
746,12.4167,1041.6,1522.1,165,27.36,1206.6,1517.1,165.1
747,12.4333,1041.4,1522.0,165,29.81,1206.4,1501.0,166.3
748,12.4500,1041.6,1522.1,165,32.33,1206.6,1486.1,168.9
749,12.4667,1042.1,1521.8,165,34.70,1207.1,1474.8,171.6
750,12.4833,1042.9,1522.1,165,36.37,1204.9,1464.1,172.1
751,12.5000,1044.0,1522.0,165,38.60,1202.0,1456.0,171.2
752,12.5167,1045.0,1520.7,165,40.28,1200.0,1445.7,172.2
753,12.5333,1048.0,1519.1,165,41.59,1199.0,1437.1,171.8
754,12.5500,1050.5,1517.9,165,41.37,1198.5,1428.9,172.7
755,12.5667,1052.6,1516.7,165,41.04,1197.6,1421.7,173.3
756,12.5833,,,,,,,
757,12.6000,1058.5,1514.3,165,38.90,1199.5,1411.3,174.6
758,12.6167,1061.6,1512.1,165,39.32,1200.6,1406.1,174.8
759,12.6333,1063.2,1511.3,165,38.95,1202.2,1403.3,176.0
760,12.6500,1065.8,1510.0,165,37.31,1204.8,1402.0,176.0
761,12.6667,1069.1,1508.1,165,36.94,1206.1,1399.1,175.1
762,12.6833,1071.3,1506.5,165,37.47,1207.3,1397.5,174.3
763,12.7000,1073.2,1505.3,165,37.46,1209.2,1394.3,175.5
764,12.7167,1074.7,1503.8,165,38.01,1209.7,1390.8,176.1
765,12.7333,1076.9,1502.3,165,38.67,1210.9,1388.3,175.9
766,12.7500,1078.2,1501.1,165,39.11,1212.2,1386.1,176.6
767,12.7667,1079.9,1500.5,165,38.89,1212.9,1384.5,176.5
768,12.7833,1080.8,1499.3,165,38.94,1213.8,1383.3,176.5
769,12.8000,1082.4,1498.0,165,39.31,1214.4,1381.0,176.4
770,12.8167,1084.1,1496.8,165,39.49,1215.1,1378.8,176.3
771,12.8333,1084.6,1496.0,165,39.83,1215.6,1377.0,177.0
772,12.8500,1086.1,1495.6,165,39.99,1216.1,1375.6,176.9
773,12.8667,,,,,,,
774,12.8833,1087.8,1494.1,165,39.78,1216.8,1374.1,176.2
775,12.9000,1088.2,1493.7,165,40.05,1217.2,1373.7,176.2
776,12.9167,1087.8,1493.3,165,39.92,1216.8,1373.3,176.2
777,12.9333,1087.8,1493.2,165,40.30,1216.8,1372.2,176.9
778,12.9500,1088.9,1493.1,165,40.56,1216.9,1371.1,176.8
779,12.9667,1089.1,1492.4,165,40.32,1216.1,1369.4,176.8
780,12.9833,1089.7,1492.6,165,40.66,1215.7,1367.6,177.5
781,13.0000,1090.4,1491.9,165,40.90,1215.4,1365.9,177.5
782,13.0167,1091.3,1491.1,165,40.94,1214.3,1363.1,177.5
783,13.0333,1092.2,1489.3,165,41.57,1214.2,1361.3,176.8
784,13.0500,1093.3,1488.3,165,41.17,1213.3,1358.3,176.9
785,13.0667,1094.7,1486.7,165,40.07,1212.7,1354.7,177.1
786,13.0833,1096.3,1485.6,165,42.99,1212.3,1352.6,176.5
787,13.1000,1097.4,1484.0,165,43.81,1212.4,1349.0,177.3
788,13.1167,1099.7,1482.3,165,45.04,1212.7,1346.3,176.8
789,13.1333,1101.8,1480.4,165,45.35,1212.8,1343.4,176.3
790,13.1500,1102.9,1479.3,165,45.16,1213.9,1341.3,177.1
791,13.1667,1103.7,1476.4,165,46.19,1213.7,1339.4,175.7
792,13.1833,1103.6,1475.9,165,48.14,1214.6,1337.9,177.1
793,13.2000,1104.7,1475.9,165,51.38,1214.7,1336.9,177.3
794,13.2167,1105.4,1474.2,165,54.03,1215.4,1335.2,177.3
795,13.2333,1107.2,1473.4,165,54.40,1215.2,1333.4,176.8
796,13.2500,1107.4,1472.4,165,56.32,1216.4,1333.4,176.6
797,13.2667,1107.4,1472.0,165,57.00,1216.4,1333.0,176.6
798,13.2833,1107.3,1472.3,165,57.37,1216.3,1332.3,177.4
799,13.3000,1107.9,1472.0,165,57.76,1216.9,1332.0,177.4
800,13.3167,1108.1,1471.8,165,56.95,1217.1,1331.8,177.4
801,13.3333,1108.0,1471.9,165,55.97,1217.0,1331.9,177.4
802,13.3500,1108.3,1471.4,165,54.92,1217.3,1331.4,177.4
803,13.3667,1108.4,1471.4,165,53.58,1217.4,1331.4,177.4
804,13.3833,1108.4,1470.4,165,51.60,1217.4,1331.4,176.6
805,13.4000,1107.4,1472.3,165,49.94,1217.4,1331.3,178.8
806,13.4167,1108.3,1471.3,165,47.71,1217.3,1331.3,177.4
807,13.4333,1108.2,1472.2,165,45.34,1217.2,1331.2,178.2
808,13.4500,1108.2,1472.2,165,43.98,1217.2,1331.2,178.2
809,13.4667,1108.3,1472.2,165,41.95,1217.3,1331.2,178.2
810,13.4833,1109.3,1472.3,165,41.21,1217.3,1331.3,177.6
811,13.5000,1109.3,1472.3,165,40.69,1217.3,1331.3,177.6
812,13.5167,1108.3,1472.3,165,40.84,1217.3,1331.3,178.2
813,13.5333,1108.2,1472.3,165,40.81,1217.2,1331.3,178.2
814,13.5500,1109.3,1472.3,165,41.07,1217.3,1331.3,177.6
815,13.5667,1109.3,1472.3,165,41.16,1217.3,1331.3,177.6
816,13.5833,1109.2,1472.2,165,41.51,1217.2,1331.2,177.6
817,13.6000,1109.2,1472.3,165,41.64,1217.2,1331.3,177.6
818,13.6167,1108.2,1472.2,165,42.41,1217.2,1331.2,178.2
819,13.6333,1108.2,1472.3,165,42.75,1217.2,1331.3,178.2
820,13.6500,1109.3,1472.3,165,43.15,1217.3,1331.3,177.6
821,13.6667,1108.3,1471.4,165,43.34,1217.3,1331.4,177.4
822,13.6833,1109.3,1472.3,165,43.74,1217.3,1331.3,177.6
823,13.7000,1108.3,1471.3,165,44.05,1217.3,1331.3,177.4
824,13.7167,1108.2,1472.3,165,44.79,1217.2,1331.3,178.2
825,13.7333,1108.4,1471.4,165,44.76,1217.4,1331.4,177.4
826,13.7500,1109.2,1472.2,165,45.41,1217.2,1331.2,177.6
827,13.7667,1108.3,1472.3,165,45.52,1217.3,1331.3,178.2
828,13.7833,1109.2,1472.2,165,46.50,1217.2,1331.2,177.6
829,13.8000,1108.8,1472.2,165,46.59,1217.8,1331.2,178.2
830,13.8167,1108.5,1471.7,165,46.56,1219.5,1331.7,178.7
831,13.8333,1110.3,1470.6,165,47.03,1221.3,1332.6,177.1
832,13.8500,1110.3,1470.3,165,47.43,1222.3,1332.3,177.7
833,13.8667,1110.4,1470.1,165,47.96,1223.4,1332.1,178.4
834,13.8833,1111.4,1469.9,165,48.03,1224.4,1331.9,178.4
835,13.9000,1111.0,1469.4,165,48.32,1225.0,1331.4,179.0
836,13.9167,1111.8,1468.5,165,48.75,1225.8,1331.5,178.2
837,13.9333,1111.7,1467.9,165,48.69,1226.7,1331.9,178.1
838,13.9500,1112.1,1467.5,165,49.12,1227.1,1331.5,178.1
839,13.9667,1112.2,1467.3,165,49.04,1227.2,1331.3,178.1
840,13.9833,1112.2,1467.3,165,49.00,1227.2,1331.3,178.1
841,14.0000,1113.1,1467.4,165,48.80,1227.1,1331.4,177.5
842,14.0167,1113.1,1467.4,165,48.59,1227.1,1331.4,177.5
843,14.0333,1113.0,1467.2,165,48.55,1227.0,1331.2,177.5
844,14.0500,1113.0,1467.2,165,48.43,1227.0,1331.2,177.5
845,14.0667,1112.2,1467.4,165,48.45,1227.2,1331.4,178.1
846,14.0833,1113.1,1467.3,165,48.29,1227.1,1331.3,177.5
847,14.1000,1112.2,1467.4,165,48.40,1227.2,1331.4,178.1
848,14.1167,1113.1,1467.3,165,48.25,1227.1,1331.3,177.5
849,14.1333,1113.8,1466.5,165,49.16,1226.8,1330.5,176.8
850,14.1500,1113.4,1465.9,165,48.54,1224.4,1327.9,177.1
851,14.1667,1114.2,1466.0,165,48.90,1215.2,1319.0,178.4
852,14.1833,1114.3,1465.1,165,49.52,1199.3,1311.1,175.9
853,14.2000,1115.0,1464.5,165,50.25,1179.0,1304.5,172.3
854,14.2167,1114.5,1465.0,165,50.49,1158.5,1299.0,171.7
855,14.2333,1113.8,1464.5,165,50.00,1134.8,1295.5,170.3
856,14.2500,1114.6,1464.0,165,49.32,1108.6,1293.0,171.1
857,14.2667,1114.3,1464.8,165,48.48,1078.3,1291.8,176.7
858,14.2833,1114.2,1464.4,165,45.22,1052.2,1296.4,179.1
859,14.3000,1112.9,1460.9,165,44.37,1032.9,1301.9,178.0
860,14.3167,1110.1,1454.5,165,43.55,1017.1,1304.5,176.5
861,14.3333,1105.2,1447.3,165,42.33,1002.2,1304.3,176.2
862,14.3500,1099.8,1438.8,165,40.30,987.8,1301.8,177.0
863,14.3667,1092.8,1430.0,165,38.67,975.8,1299.0,175.6
864,14.3833,1085.6,1422.5,165,36.45,963.6,1295.5,176.1
865,14.4000,1078.4,1414.5,165,34.60,954.4,1291.5,174.7
866,14.4167,1071.1,1407.5,165,31.81,944.1,1287.5,174.7
867,14.4333,1062.6,1399.4,165,30.40,933.6,1283.4,173.5
868,14.4500,1055.1,1393.2,165,28.78,924.1,1279.2,173.7
869,14.4667,1048.3,1386.7,165,28.68,916.3,1274.7,173.1
870,14.4833,1041.1,1380.8,165,30.13,911.1,1268.8,171.6
871,14.5000,1035.7,1376.7,165,30.94,905.7,1263.7,172.2
872,14.5167,1031.8,1373.3,165,30.96,902.8,1259.3,172.2
873,14.5333,1028.0,1371.0,165,28.80,900.0,1256.0,172.1
874,14.5500,1026.4,1369.8,165,27.69,898.4,1253.8,172.7
875,14.5667,1024.5,1368.6,165,27.38,898.5,1251.6,171.9
876,14.5833,1023.5,1367.9,165,27.39,896.5,1250.9,172.7
877,14.6000,,,,,,,
878,14.6167,,,,,,,
879,14.6333,,,,,,,
880,14.6500,1022.3,1366.0,165,33.49,902.3,1247.0,169.0
881,14.6667,1022.2,1365.7,165,37.38,905.2,1247.7,166.2
882,14.6833,,,,,,,
883,14.7000,1022.6,1366.6,165,40.44,918.6,1247.6,158.0
884,14.7167,1022.4,1366.0,165,40.13,946.4,1252.0,137.0
885,14.7333,1023.8,1367.1,165,36.47,994.8,1268.1,103.2
886,14.7500,1024.2,1367.0,165,31.51,1050.2,1284.0,87.0
887,14.7667,1023.9,1367.1,165,28.69,1101.9,1306.1,99.0
888,14.7833,1024.1,1366.6,165,28.21,1140.1,1321.6,124.4
889,14.8000,1024.2,1366.5,165,30.20,1165.2,1333.5,144.8
890,14.8167,1022.1,1366.0,165,34.33,1179.1,1340.0,159.1
891,14.8333,1022.5,1367.5,165,38.50,1186.5,1344.5,165.6
892,14.8500,1022.3,1366.7,165,41.42,1191.3,1345.7,170.3
893,14.8667,1024.3,1366.6,165,40.52,1193.3,1345.6,170.3
894,14.8833,1024.3,1367.4,165,41.06,1194.3,1345.4,171.4
895,14.9000,1026.0,1366.4,165,41.20,1195.0,1345.4,170.3
896,14.9167,1027.2,1367.3,165,41.89,1195.2,1343.3,169.7
897,14.9333,1028.9,1366.7,165,43.04,1198.9,1345.7,171.3
898,14.9500,1032.0,1366.5,165,44.48,1201.0,1347.5,170.1
899,14.9667,1034.2,1366.8,165,45.34,1203.2,1349.8,169.9
900,14.9833,1037.3,1366.3,165,45.47,1207.3,1357.3,170.2
901,15.0000,1040.1,1366.0,165,45.85,1210.1,1364.0,170.0
902,15.0167,1043.8,1366.0,165,45.44,1212.8,1372.0,169.1
903,15.0333,1046.7,1366.6,165,44.70,1215.7,1378.6,169.4
904,15.0500,1050.5,1366.0,165,42.48,1218.5,1384.0,169.0
905,15.0667,1054.5,1366.9,165,42.03,1222.5,1390.9,169.7
906,15.0833,1060.2,1367.9,165,40.12,1226.2,1394.9,168.2
907,15.1000,1062.6,1367.8,165,39.92,1229.6,1397.8,169.7
908,15.1167,1066.5,1368.0,165,41.58,1232.5,1400.0,169.1
909,15.1333,1069.9,1368.8,165,43.94,1234.9,1400.8,168.1
910,15.1500,1071.5,1369.4,165,44.50,1236.5,1401.4,168.1
911,15.1667,1072.0,1370.7,165,44.92,1238.0,1401.7,168.9
912,15.1833,1072.7,1370.7,165,42.79,1238.7,1402.7,169.1
913,15.2000,1073.8,1370.2,165,40.85,1239.8,1402.2,169.1
914,15.2167,1073.1,1370.0,165,40.47,1240.1,1402.0,170.0
915,15.2333,1074.3,1370.7,165,40.12,1240.3,1401.7,168.9
916,15.2500,1073.5,1370.8,165,41.36,1240.5,1401.8,169.9
917,15.2667,1073.6,1370.7,165,43.89,1240.6,1401.7,169.9
918,15.2833,1073.6,1370.7,165,46.12,1240.6,1401.7,169.9
919,15.3000,1073.6,1370.7,165,46.97,1240.6,1401.7,169.9
920,15.3167,1074.5,1370.6,165,47.90,1240.5,1401.6,168.9
921,15.3333,1074.3,1370.8,165,48.56,1240.3,1401.8,168.9
922,15.3500,1074.3,1371.8,165,48.73,1240.3,1401.8,168.7
923,15.3667,1073.9,1370.2,165,49.39,1239.9,1402.2,169.1
924,15.3833,1074.7,1370.7,165,51.46,1239.7,1402.7,168.1
925,15.4000,1074.7,1371.9,165,53.89,1239.7,1402.9,167.9
926,15.4167,1074.9,1371.3,165,56.38,1239.9,1399.3,167.4
927,15.4333,1073.8,1371.1,165,57.41,1239.8,1378.1,166.1
928,15.4500,1073.5,1371.3,165,57.10,1239.5,1350.3,167.3
929,15.4667,1074.3,1370.8,165,55.92,1237.3,1327.8,168.6
930,15.4833,1073.8,1371.4,165,54.37,1234.8,1312.4,171.5
931,15.5000,1074.2,1371.3,165,55.65,1232.2,1299.3,173.6
932,15.5167,1074.4,1370.6,165,56.46,1229.4,1291.6,174.0
933,15.5333,,,,,,,
934,15.5500,,,,,,,
935,15.5667,1079.5,1368.2,165,55.96,1224.5,1272.2,173.9
936,15.5833,1081.2,1367.1,165,55.30,1225.2,1267.1,175.3
937,15.6000,1083.7,1366.0,165,54.31,1225.7,1263.0,175.4
938,15.6167,1085.6,1365.1,165,53.31,1226.6,1260.1,175.8
939,15.6333,1087.2,1363.5,165,51.85,1227.2,1256.5,176.2
940,15.6500,1089.3,1362.9,165,50.94,1227.3,1253.9,175.9
941,15.6667,1090.8,1361.6,165,50.41,1227.8,1250.6,176.3
942,15.6833,1093.2,1360.5,165,49.07,1228.2,1247.5,176.1
943,15.7000,1094.5,1359.1,165,48.93,1229.5,1246.1,176.1
944,15.7167,1095.4,1358.8,165,49.27,1229.4,1244.8,175.9
945,15.7333,1096.1,1357.2,165,49.09,1229.1,1242.2,175.8
946,15.7500,1097.4,1357.8,165,49.45,1229.4,1241.8,175.7
947,15.7667,1097.6,1356.7,165,49.02,1230.6,1241.7,175.8
948,15.7833,1098.0,1356.5,165,49.05,1231.0,1241.5,175.8
949,15.8000,1098.0,1356.4,165,48.79,1231.0,1241.4,175.8
950,15.8167,1098.2,1356.3,165,49.10,1231.2,1241.3,175.8
951,15.8333,1098.4,1356.2,165,48.62,1231.4,1241.2,175.8
952,15.8500,1097.8,1355.9,165,48.25,1231.8,1240.9,176.6
953,15.8667,1098.7,1355.8,165,48.48,1231.7,1240.8,175.8
954,15.8833,1098.5,1355.9,165,48.18,1231.5,1239.9,176.5
955,15.9000,1098.4,1356.8,165,48.50,1231.4,1239.8,177.1
956,15.9167,1099.3,1355.8,165,48.10,1231.3,1239.8,175.7
957,15.9333,1098.3,1356.1,165,48.38,1231.3,1239.1,177.1
958,15.9500,1099.1,1355.9,165,48.33,1231.1,1238.9,176.4
959,15.9667,1099.8,1355.3,165,48.42,1230.8,1237.3,176.3
960,15.9833,1099.5,1355.6,165,48.41,1229.5,1235.6,176.9
961,16.0000,1100.6,1354.0,165,48.46,1229.6,1234.0,176.2
962,16.0167,1101.1,1354.4,165,48.49,1229.1,1232.4,176.8
963,16.0333,1102.1,1353.0,165,47.92,1229.1,1231.0,176.1
964,16.0500,1103.2,1352.8,165,47.62,1228.2,1228.8,176.1
965,16.0667,1103.7,1352.4,165,47.99,1227.7,1225.4,177.5
966,16.0833,1104.7,1350.4,165,48.18,1227.7,1223.4,176.8
967,16.1000,1106.8,1348.4,165,48.08,1227.8,1220.4,176.1
968,16.1167,1108.4,1347.4,165,47.92,1227.4,1218.4,175.5
969,16.1333,1109.4,1346.4,165,48.30,1227.4,1216.4,175.6
970,16.1500,1110.7,1344.8,165,48.50,1228.7,1213.8,176.3
971,16.1667,1112.5,1344.0,165,48.57,1228.5,1211.0,176.5
972,16.1833,1113.8,1342.4,165,48.89,1228.8,1208.4,176.6
973,16.2000,1114.1,1340.6,165,48.16,1229.1,1205.6,177.3
974,16.2167,1116.5,1339.8,165,48.55,1229.5,1203.8,176.8
975,16.2333,1116.0,1339.3,165,48.66,1230.0,1203.3,177.5
976,16.2500,1117.5,1338.6,165,48.48,1230.5,1202.6,176.8
977,16.2667,1118.5,1336.6,165,47.98,1230.5,1201.6,175.4
978,16.2833,1118.5,1336.8,165,47.77,1230.5,1200.8,176.2
979,16.3000,1118.2,1337.1,165,47.82,1230.2,1201.1,176.2
980,16.3167,1118.4,1336.8,165,47.18,1230.4,1200.8,176.2
981,16.3333,1118.5,1336.8,165,47.21,1230.5,1200.8,176.2
982,16.3500,1118.4,1336.3,165,47.01,1230.4,1200.3,176.2
983,16.3667,1118.4,1336.3,165,47.04,1230.4,1200.3,176.2
984,16.3833,1118.4,1336.2,165,47.03,1230.4,1200.2,176.2
985,16.4000,1118.2,1336.7,165,47.13,1230.2,1199.7,177.0
986,16.4167,1119.3,1336.8,165,47.07,1230.3,1199.8,176.3
987,16.4333,1119.3,1336.5,165,47.32,1230.3,1199.5,176.3
988,16.4500,1118.8,1336.2,165,47.03,1230.8,1199.2,177.0
989,16.4667,1119.6,1336.0,165,47.01,1230.6,1199.0,176.3
990,16.4833,1119.0,1336.2,165,47.06,1231.0,1199.2,177.0
991,16.5000,1119.0,1336.1,165,46.91,1231.0,1199.1,177.0
992,16.5167,1119.6,1335.9,165,47.00,1230.6,1197.9,177.1
993,16.5333,1119.8,1335.9,165,46.89,1230.8,1197.9,177.1
994,16.5500,1119.8,1334.9,165,46.75,1230.8,1197.9,176.3
995,16.5667,1119.7,1334.7,165,47.09,1230.7,1197.7,176.3
996,16.5833,1119.6,1334.4,165,47.04,1230.6,1197.4,176.3
997,16.6000,1119.7,1334.2,165,47.31,1230.7,1197.2,176.3
998,16.6167,1119.9,1334.1,165,47.04,1230.9,1197.1,176.3
999,16.6333,1120.1,1334.0,165,46.67,1231.1,1197.0,176.3
1000,16.6500,1120.0,1333.9,165,46.70,1231.0,1196.9,176.3
1001,16.6667,1120.0,1333.9,165,46.53,1231.0,1196.9,176.3
1002,16.6833,1120.0,1333.9,165,46.68,1231.0,1196.9,176.3
1003,16.7000,1120.1,1334.5,165,46.41,1231.1,1195.5,177.9
1004,16.7167,1120.1,1333.4,165,46.27,1231.1,1195.4,177.1
1005,16.7333,1120.2,1334.2,165,46.26,1231.2,1195.2,177.9
1006,16.7500,1120.4,1333.4,165,46.49,1231.4,1195.4,177.1
1007,16.7667,1121.8,1333.1,165,46.26,1230.8,1195.1,175.9
1008,16.7833,1121.6,1334.0,165,46.14,1230.6,1195.0,176.6
1009,16.8000,1121.7,1333.9,165,46.25,1230.7,1194.9,176.6
1010,16.8167,1121.4,1333.8,165,45.71,1231.4,1193.8,178.0
1011,16.8333,1121.3,1333.7,165,45.65,1231.3,1193.7,178.0
1012,16.8500,1122.2,1333.4,165,45.48,1231.2,1193.4,177.4
1013,16.8667,1121.3,1333.4,165,45.34,1231.3,1193.4,178.0
1014,16.8833,1121.3,1333.2,165,45.27,1231.3,1193.2,178.0
1015,16.9000,1122.3,1333.1,165,45.73,1231.3,1193.1,177.4
1016,16.9167,1122.3,1333.3,165,45.51,1231.3,1193.3,177.4
1017,16.9333,1122.3,1333.2,165,45.50,1231.3,1193.2,177.4
1018,16.9500,1122.0,1332.7,165,45.96,1231.0,1192.7,177.4
1019,16.9667,1122.2,1332.7,165,45.68,1231.2,1192.7,177.4
1020,16.9833,1122.3,1332.4,165,45.44,1231.3,1192.4,177.4
1021,17.0000,1122.4,1332.4,165,45.35,1231.4,1192.4,177.4
1022,17.0167,1121.6,1332.4,165,45.16,1231.6,1192.4,178.0
1023,17.0333,1121.6,1332.2,165,45.48,1231.6,1192.2,178.0
1024,17.0500,1122.5,1332.5,165,46.19,1231.5,1191.5,178.2
1025,17.0667,1121.5,1331.5,165,46.78,1231.5,1191.5,178.0
1026,17.0833,1122.5,1331.4,165,46.64,1231.5,1191.4,177.4
1027,17.1000,1122.6,1331.3,165,47.07,1231.6,1191.3,177.4
1028,17.1167,1122.6,1331.3,165,47.87,1231.6,1191.3,177.4
1029,17.1333,1121.7,1331.1,165,48.13,1231.7,1191.1,178.0
1030,17.1500,1122.4,1331.0,165,48.11,1231.4,1190.0,178.2
1031,17.1667,1122.4,1330.8,165,47.91,1231.4,1189.8,178.2
1032,17.1833,1122.3,1330.6,165,47.56,1231.3,1189.6,178.2
1033,17.2000,1122.4,1330.5,165,47.57,1231.4,1189.5,178.2
1034,17.2167,1123.0,1330.0,165,47.07,1231.0,1189.0,177.6
1035,17.2333,1123.3,1329.7,165,46.31,1231.3,1188.7,177.6
1036,17.2500,1122.4,1329.6,165,45.87,1231.4,1188.6,178.2
1037,17.2667,1123.5,1329.2,165,45.64,1231.5,1188.2,177.6
1038,17.2833,1123.7,1330.8,165,44.85,1231.7,1187.8,179.2
1039,17.3000,1123.9,1328.8,165,45.60,1231.9,1187.8,177.6
1040,17.3167,1124.0,1328.6,165,45.92,1232.0,1187.6,177.6
1041,17.3333,1124.2,1328.6,165,46.26,1232.2,1187.6,177.6
1042,17.3500,1123.9,1329.0,165,47.00,1231.9,1187.0,178.4
1043,17.3667,1123.7,1328.8,165,47.56,1231.7,1186.8,178.4
1044,17.3833,1123.9,1329.3,165,47.16,1231.9,1186.3,179.2
1045,17.4000,1123.2,1329.1,165,46.86,1232.2,1186.1,179.8
1046,17.4167,1124.3,1328.2,165,47.17,1232.3,1186.2,178.4
1047,17.4333,1123.8,1328.8,165,46.99,1231.8,1185.8,179.2
1048,17.4500,1124.0,1328.6,165,46.94,1232.0,1185.6,179.2
1049,17.4667,1123.7,1328.1,165,46.47,1231.7,1185.1,179.2
1050,17.4833,1124.9,1329.0,165,46.49,1231.9,1185.0,179.4
1051,17.5000,1124.7,1328.0,165,46.18,1231.7,1184.0,179.4
1052,17.5167,1124.8,1327.2,165,46.29,1231.8,1184.2,178.6
1053,17.5333,1125.5,1327.6,165,46.01,1231.5,1183.6,178.8
1054,17.5500,1125.5,1327.2,165,45.75,1231.5,1183.2,178.8
1055,17.5667,1125.7,1326.3,165,45.00,1231.7,1183.3,178.0
1056,17.5833,1125.8,1326.6,165,43.89,1231.8,1182.6,178.8
1057,17.6000,1125.4,1326.2,165,42.93,1232.4,1182.2,179.4
1058,17.6167,1126.5,1326.2,165,40.75,1232.5,1182.2,178.8
1059,17.6333,1126.4,1326.2,165,38.95,1232.4,1182.2,178.8
1060,17.6500,1126.6,1326.1,165,38.14,1232.6,1182.1,178.8
1061,17.6667,1127.7,1326.0,165,36.53,1232.7,1182.0,178.2
1062,17.6833,1127.7,1325.0,165,37.35,1232.7,1182.0,177.4
1063,17.7000,1127.6,1324.9,165,37.83,1232.6,1181.9,177.4
1064,17.7167,1127.6,1324.9,165,39.09,1232.6,1181.9,177.4
1065,17.7333,1126.8,1326.1,165,39.94,1232.8,1182.1,178.8
1066,17.7500,1126.8,1326.1,165,39.94,1232.8,1182.1,178.8
1067,17.7667,1126.8,1326.1,165,39.94,1232.8,1182.1,178.8
1068,17.7833,1126.8,1326.1,165,39.94,1232.8,1182.1,178.8
1069,17.8000,1126.7,1326.0,165,40.17,1232.7,1182.0,178.8
1070,17.8167,1126.7,1326.3,165,41.12,1232.7,1182.3,178.8
1071,17.8333,1126.7,1325.5,165,41.48,1232.7,1182.5,178.0
1072,17.8500,1126.6,1326.4,165,41.94,1232.6,1182.4,178.8
1073,17.8667,1126.5,1325.5,165,41.99,1232.5,1182.5,178.0
1074,17.8833,1126.6,1325.7,165,42.47,1232.6,1182.7,178.0
1075,17.9000,1127.8,1324.8,165,42.53,1232.8,1182.8,176.6
1076,17.9167,1126.7,1325.7,165,42.54,1232.7,1182.7,178.0
1077,17.9333,1126.6,1325.7,165,42.88,1232.6,1182.7,178.0
1078,17.9500,1127.4,1325.5,165,43.47,1232.4,1182.5,177.4
1079,17.9667,1127.4,1325.6,165,43.99,1232.4,1182.6,177.4
1080,17.9833,1127.5,1324.6,165,44.50,1232.5,1182.6,176.6
1081,18.0000,1127.5,1325.6,165,44.49,1232.5,1182.6,177.4
1082,18.0167,1127.4,1325.5,165,45.56,1232.4,1182.5,177.4
1083,18.0333,1126.4,1325.4,165,47.08,1232.4,1182.4,178.0
1084,18.0500,1128.4,1325.4,165,48.24,1232.4,1182.4,176.8
1085,18.0667,1128.4,1325.4,165,48.64,1232.4,1182.4,176.8
1086,18.0833,1127.3,1325.8,165,49.66,1231.3,1181.8,177.6
1087,18.1000,1126.7,1326.2,165,49.42,1224.7,1182.2,174.2
1088,18.1167,1126.4,1325.0,165,48.94,1215.4,1182.0,168.4
1089,18.1333,1127.3,1325.9,165,48.50,1198.3,1177.9,164.1
1090,18.1500,1126.9,1325.2,165,48.21,1178.9,1172.2,161.6
1091,18.1667,1127.4,1325.0,165,47.45,1157.4,1167.0,160.8
1092,18.1833,1127.7,1324.3,165,46.24,1134.7,1161.3,163.2
1093,18.2000,1127.3,1324.3,165,45.56,1113.3,1156.3,168.6
1094,18.2167,1126.3,1325.6,165,45.55,1090.3,1153.6,175.7
1095,18.2333,1125.9,1323.5,165,44.01,1068.9,1157.5,175.5
1096,18.2500,1124.3,1320.1,165,44.26,1049.3,1161.1,175.8
1097,18.2667,1121.7,1314.9,165,42.06,1031.7,1163.9,175.8
1098,18.2833,1116.4,1305.3,165,45.31,1014.4,1164.3,174.0
1099,18.3000,1109.4,1295.4,165,48.04,998.4,1162.4,173.2
1100,18.3167,1101.5,1285.2,165,48.21,982.5,1159.2,173.3
1101,18.3333,1093.1,1275.8,165,46.50,968.1,1154.8,174.0
1102,18.3500,1084.3,1265.7,165,44.08,956.3,1148.7,173.4
1103,18.3667,1074.8,1258.1,165,43.70,946.8,1143.1,172.1
1104,18.3833,1068.1,1250.9,165,44.36,939.1,1136.9,172.2
1105,18.4000,1062.7,1245.7,165,43.88,933.7,1131.7,172.2
1106,18.4167,1058.2,1243.1,165,44.58,929.2,1127.1,173.5
1107,18.4333,1054.6,1239.5,165,44.83,925.6,1123.5,173.5
1108,18.4500,1052.5,1238.0,165,44.80,923.5,1120.0,174.8
1109,18.4667,1049.3,1234.6,165,45.24,922.3,1117.6,172.7
1110,18.4833,1047.1,1233.6,165,46.38,920.1,1115.6,173.4
1111,18.5000,1046.3,1232.7,165,47.38,920.3,1113.7,173.3
1112,18.5167,1044.7,1231.4,165,47.69,919.7,1111.4,173.3
1113,18.5333,1044.0,1230.6,165,47.43,919.0,1109.6,174.0
1114,18.5500,1043.2,1229.7,165,46.44,918.2,1108.7,174.0
1115,18.5667,1042.5,1228.8,165,44.71,917.5,1108.8,173.3
1116,18.5833,1042.5,1228.2,165,44.21,917.5,1108.2,173.3
1117,18.6000,1041.1,1228.0,165,43.60,917.1,1107.0,173.3
1118,18.6167,1041.4,1227.7,165,43.30,917.4,1105.7,174.0
1119,18.6333,1040.3,1226.8,165,42.67,917.3,1105.8,172.5
1120,18.6500,1040.3,1227.0,165,42.56,917.3,1105.0,173.2
1121,18.6667,1040.1,1226.8,165,42.57,917.1,1104.8,173.2
1122,18.6833,1040.0,1226.1,165,43.07,917.0,1104.1,173.2
1123,18.7000,1039.8,1226.1,165,42.83,916.8,1104.1,173.2
1124,18.7167,1039.1,1226.4,165,42.60,917.1,1103.4,173.2
1125,18.7333,1039.3,1225.1,165,42.55,917.3,1102.1,173.2
1126,18.7500,1038.5,1224.8,165,42.57,916.5,1101.8,173.2
1127,18.7667,1038.7,1224.6,165,42.57,916.7,1100.6,174.0
1128,18.7833,1037.9,1224.4,165,42.68,916.9,1100.4,173.3
1129,18.8000,1037.8,1224.8,165,42.29,917.8,1098.8,174.0
1130,18.8167,1036.6,1223.7,165,42.37,917.6,1097.7,173.3
1131,18.8333,1036.3,1223.3,165,42.46,917.3,1096.3,174.0
1132,18.8500,1035.4,1221.9,165,42.33,917.4,1094.9,173.4
1133,18.8667,1035.8,1222.4,165,41.93,917.8,1093.4,174.8
1134,18.8833,1033.5,1221.1,165,42.03,917.5,1092.1,173.5
1135,18.9000,1033.8,1220.9,165,42.22,917.8,1089.9,175.0
1136,18.9167,1032.5,1219.2,165,41.82,918.5,1088.2,173.7
1137,18.9333,1031.5,1218.1,165,42.10,918.5,1086.1,173.8
1138,18.9500,1031.6,1218.4,165,41.97,917.6,1085.4,175.2
1139,18.9667,1029.9,1216.9,165,42.48,917.9,1083.9,173.9
1140,18.9833,1029.4,1216.3,165,41.96,917.4,1082.3,174.6
1141,19.0000,1028.5,1215.5,165,42.25,917.5,1081.5,174.0
1142,19.0167,1028.6,1215.0,165,42.36,917.6,1081.0,174.0
1143,19.0333,1027.6,1215.3,165,42.35,917.6,1079.3,174.9
1144,19.0500,1027.0,1214.4,165,42.72,917.0,1078.4,174.9
1145,19.0667,1026.7,1212.8,165,42.36,916.7,1077.8,174.1
1146,19.0833,1027.1,1213.6,165,42.43,917.1,1076.6,175.7
1147,19.1000,1026.3,1212.7,165,42.57,917.3,1075.7,175.1
1148,19.1167,1025.7,1211.8,165,42.80,917.7,1074.8,174.5
1149,19.1333,1024.0,1211.5,165,42.74,918.0,1073.5,174.0
1150,19.1500,1023.8,1210.5,165,42.76,917.8,1072.5,174.0
1151,19.1667,1023.8,1210.4,165,43.06,917.8,1070.4,175.6
1152,19.1833,1023.7,1209.4,165,43.15,917.7,1069.4,175.6
1153,19.2000,1022.0,1208.0,165,42.95,918.0,1068.0,174.4
1154,19.2167,1021.8,1206.7,165,43.22,917.8,1066.7,174.4
1155,19.2333,1020.9,1206.8,165,43.58,917.9,1064.8,175.4
1156,19.2500,1020.3,1206.4,165,43.73,917.3,1063.4,176.2
1157,19.2667,1019.3,1205.0,165,43.62,917.3,1062.0,175.7
1158,19.2833,1018.7,1204.4,165,43.80,917.7,1060.4,175.9
1159,19.3000,1017.8,1203.2,165,44.01,917.8,1059.2,175.3
1160,19.3167,1017.3,1201.6,165,43.92,918.3,1057.6,174.7
1161,19.3333,1015.8,1201.0,165,44.60,917.8,1057.0,174.2
1162,19.3500,1016.2,1200.1,165,44.79,918.2,1055.1,175.0
1163,19.3667,1015.5,1198.7,165,44.58,917.5,1053.7,175.0
1164,19.3833,1014.4,1198.4,165,44.86,917.4,1052.4,175.3
1165,19.4000,1013.9,1197.7,165,45.08,917.9,1050.7,175.6
1166,19.4167,1013.9,1197.6,165,45.55,919.9,1048.6,176.2
1167,19.4333,1013.1,1196.1,165,45.72,922.1,1046.1,175.4
1168,19.4500,1013.9,1196.5,165,46.49,926.9,1043.5,176.0
1169,19.4667,1013.8,1196.6,165,45.78,934.8,1041.6,174.0
1170,19.4833,1013.9,1196.5,165,46.38,944.9,1039.5,171.5
1171,19.5000,1013.9,1196.4,165,46.67,956.9,1037.4,168.9
1172,19.5167,1013.6,1196.3,165,47.36,967.6,1035.3,167.4
1173,19.5333,1013.8,1196.4,165,47.56,979.8,1033.4,166.5
1174,19.5500,1013.8,1196.2,165,47.98,988.8,1031.2,166.9
1175,19.5667,1012.8,1196.3,165,49.32,997.8,1029.3,167.7
1176,19.5833,1012.9,1195.8,165,51.09,1006.9,1026.8,169.1
1177,19.6000,1012.0,1195.9,165,52.14,1014.0,1026.9,169.0
1178,19.6167,1012.1,1196.6,165,52.77,1020.1,1024.6,172.2
1179,19.6333,1011.7,1196.4,165,54.27,1024.7,1023.4,173.5
1180,19.6500,1012.1,1196.4,165,55.75,1029.1,1022.4,174.8
1181,19.6667,1012.8,1195.5,165,56.34,1030.8,1021.5,174.9
1182,19.6833,1013.8,1196.3,165,57.99,1031.8,1020.3,176.9
1183,19.7000,1013.1,1196.3,165,58.39,1033.1,1019.3,178.1
1184,19.7167,1012.2,1195.9,165,58.83,1033.2,1018.9,178.2
1185,19.7333,1013.8,1196.3,165,58.62,1033.8,1019.3,178.1
1186,19.7500,1013.6,1194.9,165,58.91,1034.6,1018.9,177.2
1187,19.7667,1013.3,1195.2,165,58.43,1034.3,1018.2,178.2
1188,19.7833,1014.0,1193.9,165,58.52,1034.0,1016.9,178.1
1189,19.8000,1013.3,1192.5,165,59.02,1034.3,1015.5,178.2
1190,19.8167,1013.3,1193.1,165,58.25,1034.3,1014.1,180.2
1191,19.8333,1013.3,1191.2,165,58.39,1034.3,1013.2,179.2
1192,19.8500,1013.8,1189.4,165,58.23,1034.8,1012.4,178.2
1193,19.8667,1013.2,1189.1,165,58.70,1035.2,1012.1,178.4
1194,19.8833,1014.5,1188.3,165,58.54,1034.5,1011.3,178.1
1195,19.9000,1014.0,1187.4,165,58.41,1035.0,1011.4,177.2
1196,19.9167,1014.4,1186.9,165,58.65,1035.4,1010.9,177.2
1197,19.9333,1013.8,1186.3,165,58.65,1035.8,1010.3,177.4
1198,19.9500,1014.7,1186.3,165,58.73,1036.7,1010.3,177.4
1199,19.9667,1014.6,1186.3,165,58.74,1038.6,1010.3,177.6
1200,19.9833,1014.6,1185.3,165,58.90,1039.6,1010.3,176.8
1201,20.0000,1014.7,1184.8,165,58.96,1041.7,1009.8,177.1
1202,20.0167,1014.0,1185.7,165,58.93,1043.0,1009.7,178.4
1203,20.0333,1014.7,1185.8,165,58.62,1043.7,1009.8,178.4
1204,20.0500,1014.1,1184.9,165,58.71,1045.1,1009.9,177.7
1205,20.0667,1014.5,1185.2,165,58.69,1047.5,1010.2,178.1
1206,20.0833,1014.6,1185.0,165,58.74,1050.6,1010.0,178.7
1207,20.1000,1014.6,1183.4,165,58.44,1052.6,1010.4,177.1
1208,20.1167,1015.0,1183.5,165,58.83,1054.0,1010.5,177.3
1209,20.1333,1014.5,1182.4,165,58.28,1056.5,1010.4,177.1
1210,20.1500,1014.7,1182.3,165,58.35,1058.7,1010.3,177.5
1211,20.1667,1015.1,1181.8,165,58.67,1062.1,1010.8,177.3
1212,20.1833,1015.0,1181.1,165,58.68,1065.0,1011.1,177.2
1213,20.2000,1015.2,1181.0,165,58.41,1068.2,1011.0,178.1
1214,20.2167,1014.6,1179.9,165,58.39,1071.6,1010.9,178.4
1215,20.2333,1016.4,1179.6,165,58.28,1075.4,1011.6,178.1
1216,20.2500,1016.7,1178.2,165,58.44,1078.7,1011.2,178.1
1217,20.2667,1016.2,1177.0,165,58.48,1083.2,1012.0,178.1
1218,20.2833,1015.9,1176.4,165,58.56,1087.9,1012.4,179.1
1219,20.3000,1017.5,1173.5,165,58.91,1092.5,1013.5,176.7
1220,20.3167,1018.6,1171.8,165,59.29,1098.6,1013.8,177.1
1221,20.3333,1018.9,1169.7,165,58.93,1103.9,1014.7,176.8
1222,20.3500,1020.2,1168.5,165,58.70,1109.2,1014.5,177.9
1223,20.3667,1021.7,1166.5,165,58.39,1115.7,1015.5,177.9
1224,20.3833,1024.4,1162.9,165,58.26,1120.4,1014.9,176.4
1225,20.4000,1024.9,1160.8,165,58.59,1125.9,1014.8,177.5
1226,20.4167,1027.2,1158.3,165,59.10,1131.2,1013.3,178.4
1227,20.4333,1028.6,1154.2,165,58.88,1136.6,1013.2,177.6
1228,20.4500,1032.0,1151.9,165,58.75,1141.0,1011.9,177.4
1229,20.4667,1034.0,1148.8,165,59.10,1145.0,1010.8,177.1
1230,20.4833,1035.5,1146.4,165,58.81,1149.5,1010.4,177.5
1231,20.5000,1037.6,1144.0,165,58.49,1152.6,1009.0,177.3
1232,20.5167,1039.9,1142.0,165,58.32,1155.9,1008.0,177.2
1233,20.5333,1041.8,1138.9,165,58.34,1159.8,1007.9,176.3
1234,20.5500,1043.7,1137.6,165,58.15,1161.7,1006.6,176.3
1235,20.5667,1045.1,1136.0,165,58.10,1164.1,1006.0,176.2
1236,20.5833,1046.4,1134.4,165,57.95,1166.4,1005.4,176.2
1237,20.6000,1046.4,1134.1,165,58.50,1168.4,1005.1,177.6
1238,20.6167,1048.2,1132.4,165,57.82,1169.2,1004.4,176.1
1239,20.6333,1048.0,1132.6,165,57.48,1170.0,1003.6,177.6
1240,20.6500,1048.2,1132.1,165,57.72,1170.2,1003.1,177.6
1241,20.6667,1048.8,1132.1,165,58.19,1170.8,1003.1,177.6
1242,20.6833,1049.7,1132.5,165,58.23,1171.7,1003.5,177.6
1243,20.7000,1049.9,1130.3,165,58.67,1171.9,1003.3,176.1
1244,20.7167,1050.3,1130.8,165,58.67,1172.3,1002.8,176.8
1245,20.7333,1050.6,1129.7,165,58.56,1173.6,1003.7,176.1
1246,20.7500,1050.8,1130.5,165,58.57,1173.8,1003.5,176.8
1247,20.7667,1051.0,1130.2,165,58.73,1174.0,1003.2,176.8
1248,20.7833,1050.6,1130.0,165,58.86,1174.6,1004.0,176.8
1249,20.8000,1051.6,1129.0,165,59.31,1174.6,1004.0,175.4
1250,20.8167,1051.6,1129.9,165,58.66,1174.6,1003.9,176.1
1251,20.8333,1051.6,1128.8,165,58.71,1174.6,1003.8,175.4
1252,20.8500,1051.8,1128.8,165,58.68,1174.8,1003.8,175.4
1253,20.8667,1051.8,1128.7,165,58.70,1174.8,1003.7,175.4
1254,20.8833,1051.8,1128.6,165,58.77,1174.8,1003.6,175.4
1255,20.9000,1051.8,1128.6,165,58.87,1174.8,1003.6,175.4
1256,20.9167,1051.8,1128.6,165,58.88,1174.8,1003.6,175.4
1257,20.9333,1052.0,1128.6,165,58.74,1175.0,1003.6,175.4
1258,20.9500,1051.9,1129.5,165,58.78,1174.9,1003.5,176.1
1259,20.9667,1051.4,1129.2,165,58.70,1175.4,1003.2,176.8
1260,20.9833,1052.1,1129.3,165,58.60,1177.1,1002.3,178.2
1261,21.0000,1052.1,1129.6,165,58.56,1176.1,1002.6,177.5
1262,21.0167,1052.1,1129.5,165,58.47,1176.1,1002.5,177.5
1263,21.0333,1051.6,1128.4,165,57.85,1173.6,1004.4,174.0
1264,21.0500,1051.5,1128.4,165,57.45,1173.5,1004.4,174.0
1265,21.0667,1051.3,1128.6,165,56.55,1174.3,1004.6,174.7
1266,21.0833,1051.7,1129.6,165,55.66,1174.7,1004.6,175.4
1267,21.1000,1052.7,1128.7,165,55.00,1174.7,1004.7,174.0
1268,21.1167,1052.6,1128.7,165,53.96,1174.6,1004.7,174.0
1269,21.1333,1052.7,1128.6,165,52.82,1174.7,1004.6,174.0
1270,21.1500,1052.2,1127.9,165,51.85,1175.2,1004.9,173.9
1271,21.1667,1052.2,1127.8,165,50.79,1175.2,1004.8,173.9
1272,21.1833,1052.4,1127.9,165,49.98,1175.4,1004.9,173.9
1273,21.2000,1052.6,1128.0,165,49.26,1175.6,1005.0,173.9
1274,21.2167,1053.6,1128.0,165,48.50,1175.6,1005.0,173.2
1275,21.2333,1053.2,1128.1,165,47.59,1176.2,1005.1,173.9
1276,21.2500,1053.3,1128.0,165,46.51,1176.3,1005.0,173.9
1277,21.2667,1054.2,1127.0,165,45.57,1176.2,1005.0,172.5
1278,21.2833,1054.2,1126.9,165,44.64,1176.2,1004.9,172.5
1279,21.3000,1053.3,1127.9,165,43.83,1176.3,1004.9,173.9
1280,21.3167,1053.5,1127.6,165,42.87,1177.5,1005.6,174.0
1281,21.3333,1053.4,1127.5,165,41.94,1177.4,1005.5,174.0
1282,21.3500,1054.5,1127.5,165,41.09,1177.5,1005.5,173.2
1283,21.3667,1053.9,1127.8,165,40.32,1178.9,1005.8,174.7
1284,21.3833,1054.8,1127.5,165,39.41,1178.8,1005.5,174.0
1285,21.4000,1053.9,1126.5,165,38.13,1178.9,1005.5,174.0
1286,21.4167,1055.1,1127.4,165,37.19,1180.1,1005.4,174.7
1287,21.4333,1055.0,1127.3,165,36.04,1180.0,1005.3,174.7
1288,21.4500,1054.3,1126.1,165,34.74,1180.3,1005.1,174.7
1289,21.4667,1055.7,1125.4,165,33.82,1180.7,1005.4,173.3
1290,21.4833,1054.9,1126.2,165,32.15,1180.9,1005.2,174.7
1291,21.5000,1056.0,1125.0,165,30.79,1181.0,1005.0,173.3
1292,21.5167,1055.6,1125.1,165,29.71,1181.6,1005.1,174.0
1293,21.5333,1056.1,1124.1,165,27.99,1182.1,1005.1,173.3
1294,21.5500,1056.1,1124.1,165,26.09,1182.1,1005.1,173.3
1295,21.5667,1056.7,1124.0,165,25.54,1182.7,1005.0,173.3
1296,21.5833,1056.9,1124.0,165,26.00,1182.9,1005.0,173.3
1297,21.6000,1057.1,1124.1,165,25.63,1184.1,1005.1,174.0
1298,21.6167,1057.1,1123.2,165,25.33,1184.1,1005.2,173.4
1299,21.6333,1058.1,1123.2,165,25.44,1184.1,1005.2,172.6
1300,21.6500,1057.7,1123.3,165,25.88,1184.7,1005.3,173.4
1301,21.6667,1057.7,1123.1,165,25.83,1184.7,1005.1,173.4
1302,21.6833,1057.9,1123.0,165,25.83,1184.9,1005.0,173.4
1303,21.7000,1057.7,1122.3,165,25.85,1185.7,1005.3,173.4
1304,21.7167,1058.6,1122.9,165,25.83,1185.6,1004.9,173.4
1305,21.7333,1059.0,1122.1,165,25.80,1187.0,1005.1,173.4
1306,21.7500,1059.8,1123.0,165,25.63,1186.8,1005.0,173.4
1307,21.7667,1059.0,1121.9,165,25.37,1187.0,1004.9,173.4
1308,21.7833,1059.1,1122.2,165,25.24,1187.1,1005.2,173.4
1309,21.8000,1059.1,1122.1,165,24.97,1188.1,1005.1,174.2
1310,21.8167,1060.0,1122.2,165,24.96,1188.0,1005.2,173.4
1311,21.8333,1060.7,1122.3,165,24.50,1188.7,1005.3,173.4
1312,21.8500,1060.9,1121.3,165,24.30,1189.9,1005.3,173.5
1313,21.8667,1061.3,1120.4,165,24.05,1190.3,1005.4,172.8
1314,21.8833,1061.9,1121.4,165,23.87,1190.9,1005.4,173.5
1315,21.9000,,,,,,,
1316,21.9167,1062.0,1120.2,165,23.90,1193.0,1005.2,174.3
1317,21.9333,1062.6,1119.1,165,23.52,1192.6,1005.1,172.9
1318,21.9500,1062.9,1120.2,165,23.66,1192.9,1005.2,173.6
1319,21.9667,1062.6,1119.9,165,23.79,1192.6,1004.9,173.6
1320,21.9833,1063.9,1118.1,165,24.46,1194.9,1005.1,173.0
1321,22.0000,1064.9,1118.5,165,24.51,1195.9,1005.5,173.0
1322,22.0167,1064.9,1118.2,165,24.93,1195.9,1005.2,173.0
1323,22.0333,1064.7,1118.1,165,24.82,1196.7,1005.1,173.8
1324,22.0500,1065.4,1117.3,165,24.84,1197.4,1005.3,173.1
1325,22.0667,1065.9,1116.9,165,25.09,1197.9,1004.9,173.1
1326,22.0833,1065.8,1116.8,165,25.34,1198.8,1004.8,173.9
1327,22.1000,1066.6,1116.2,165,25.14,1198.6,1005.2,172.5
1328,22.1167,1067.1,1116.2,165,25.84,1200.1,1005.2,173.2
1329,22.1333,1067.1,1115.9,165,25.77,1200.1,1004.9,173.2
1330,22.1500,1067.2,1116.3,165,26.02,1200.2,1004.3,173.9
1331,22.1667,1067.1,1116.0,165,26.11,1200.1,1004.0,173.9
1332,22.1833,1068.1,1115.6,165,26.18,1201.1,1004.6,173.2
1333,22.2000,1068.2,1114.7,165,25.99,1201.2,1004.7,172.6
1334,22.2167,1068.0,1114.6,165,26.34,1202.0,1004.6,173.4
1335,22.2333,1068.6,1114.4,165,25.92,1201.6,1004.4,172.6
1336,22.2500,1069.4,1114.6,165,26.04,1203.4,1005.6,172.7
1337,22.2667,,,,,,,
1338,22.2833,,,,,,,
1339,22.3000,1070.7,1113.4,165,26.02,1205.7,1005.4,172.9
1340,22.3167,1070.2,1113.7,165,26.14,1205.2,1004.7,173.5
1341,22.3333,1070.9,1114.0,165,26.20,1206.9,1005.0,174.3
1342,22.3500,1070.1,1114.2,165,26.33,1207.1,1005.2,175.1
1343,22.3667,1070.7,1113.4,165,26.25,1206.7,1005.4,173.7
1344,22.3833,,,,,,,
1345,22.4000,1071.9,1112.3,165,25.93,1207.9,1005.3,173.0
1346,22.4167,1071.7,1111.8,165,25.91,1208.7,1004.8,173.8
1347,22.4333,1072.4,1112.4,165,25.99,1209.4,1004.4,174.5
1348,22.4500,1072.4,1111.8,165,25.78,1210.4,1005.8,174.0
1349,22.4667,1074.0,1111.9,165,25.60,1212.0,1006.9,173.4
1350,22.4833,1072.2,1111.8,165,25.62,1212.2,1006.8,175.0
1351,22.5000,1072.7,1111.6,165,25.52,1212.7,1008.6,173.8
1352,22.5167,1074.0,1111.5,165,25.57,1213.0,1008.5,173.0
1353,22.5333,1074.4,1111.1,165,25.78,1213.4,1009.1,172.4
1354,22.5500,1074.4,1111.2,165,25.79,1214.4,1010.2,172.6
1355,22.5667,1074.3,1111.2,165,25.98,1214.3,1010.2,172.6
1356,22.5833,1074.9,1111.0,165,26.27,1215.9,1011.0,172.9
1357,22.6000,1074.0,1111.1,165,26.66,1216.0,1011.1,173.7
1358,22.6167,1074.8,1111.0,165,27.35,1216.8,1012.0,173.1
1359,22.6333,1074.5,1111.2,165,28.13,1216.5,1012.2,173.1
1360,22.6500,1074.5,1110.5,165,28.60,1216.5,1013.5,172.0
1361,22.6667,1073.8,1111.4,165,28.55,1216.8,1014.4,172.8
1362,22.6833,1074.5,1110.6,165,29.01,1217.5,1013.6,172.8
1363,22.7000,1074.5,1110.2,165,29.47,1218.5,1015.2,172.5
1364,22.7167,1074.2,1110.1,165,29.76,1218.2,1015.1,172.5
1365,22.7333,1074.7,1110.8,165,30.08,1219.7,1016.8,172.8
1366,22.7500,1074.5,1110.7,165,30.59,1219.5,1016.7,172.8
1367,22.7667,1074.2,1110.5,165,31.54,1221.2,1017.5,173.9
1368,22.7833,1074.1,1110.3,165,32.24,1221.1,1017.3,173.9
1369,22.8000,1074.7,1110.3,165,32.75,1220.7,1017.3,173.1
1370,22.8167,1074.0,1110.3,165,33.47,1221.0,1017.3,173.9
1371,22.8333,1075.2,1110.1,165,34.40,1222.2,1018.1,173.4
1372,22.8500,1075.4,1109.5,165,35.08,1222.4,1019.5,172.4
1373,22.8667,1075.5,1109.6,165,35.69,1222.5,1019.6,172.4
1374,22.8833,1075.5,1110.4,165,35.94,1222.5,1020.4,172.4
1375,22.9000,1075.6,1110.3,165,36.63,1222.6,1021.3,171.8
1376,22.9167,1076.0,1110.2,165,37.39,1222.0,1022.2,170.5
1377,22.9333,1076.2,1109.9,165,38.15,1223.2,1023.9,170.3
1378,22.9500,1076.3,1109.8,165,38.75,1223.3,1023.8,170.3
1379,22.9667,1076.1,1109.9,165,39.39,1224.1,1023.9,171.2
1380,22.9833,1075.8,1109.0,165,40.42,1225.8,1023.0,172.9
1381,23.0000,1075.9,1109.4,165,40.87,1226.9,1021.4,174.8
1382,23.0167,,,,,,,
1383,23.0333,1076.0,1109.1,165,42.15,1234.0,1016.1,183.3
1384,23.0500,1076.2,1109.8,165,42.74,1234.2,1018.8,182.3
1385,23.0667,1075.9,1110.0,165,43.56,1234.9,1022.0,181.7
1386,23.0833,1076.1,1109.9,165,44.59,1235.1,1025.9,179.8
1387,23.1000,1076.2,1110.3,165,44.71,1237.2,1030.3,179.8
1388,23.1167,1076.3,1110.1,165,45.01,1237.3,1034.1,178.0
1389,23.1333,1075.4,1110.0,165,43.99,1235.4,1038.0,175.5
1390,23.1500,,,,,,,
1391,23.1667,,,,,,,
1392,23.1833,1078.8,1110.0,165,41.52,1229.8,1046.0,164.0
1393,23.2000,,,,,,,
1394,23.2167,,,,,,,
1395,23.2333,,,,,,,
1396,23.2500,,,,,,,
1397,23.2667,1085.2,1108.3,165,41.21,1246.2,1075.3,164.3
1398,23.2833,1086.3,1108.2,165,41.79,1249.3,1080.2,165.4
1399,23.3000,1088.2,1107.4,165,42.40,1251.2,1086.4,164.3
1400,23.3167,1088.4,1107.5,165,42.16,1252.4,1091.5,164.8
1401,23.3333,1089.9,1107.9,165,42.89,1252.9,1096.9,163.4
1402,23.3500,1090.2,1107.3,165,42.34,1254.2,1101.3,164.1
1403,23.3667,1091.5,1107.6,165,40.99,1254.5,1105.6,163.0
1404,23.3833,1092.3,1107.2,165,40.32,1254.3,1109.2,162.0
1405,23.4000,1093.1,1106.9,165,39.62,1253.1,1111.9,160.1
1406,23.4167,1094.2,1107.0,165,38.72,1253.2,1114.0,159.2
1407,23.4333,1094.0,1107.3,165,38.46,1253.0,1116.3,159.3
1408,23.4500,1094.3,1107.8,165,37.12,1252.3,1116.8,158.3
1409,23.4667,1094.2,1107.2,165,36.30,1253.2,1116.2,159.3
1410,23.4833,1095.5,1107.9,165,35.21,1253.5,1115.9,158.2
1411,23.5000,1096.5,1107.2,165,34.46,1253.5,1116.2,157.3
1412,23.5167,1095.6,1107.1,165,33.65,1253.6,1116.1,158.3
1413,23.5333,1095.6,1107.2,165,32.89,1254.6,1115.2,159.2
1414,23.5500,1096.5,1107.1,165,32.37,1255.5,1114.1,159.2
1415,23.5667,1094.8,1107.2,165,31.55,1255.8,1114.2,161.2
1416,23.5833,1094.8,1107.2,165,30.69,1255.8,1114.2,161.2
1417,23.6000,1094.8,1107.2,165,29.47,1255.8,1114.2,161.2
1418,23.6167,1094.8,1107.2,165,27.96,1255.8,1114.2,161.2
1419,23.6333,1094.3,1107.1,165,26.05,1256.3,1115.1,162.2
1420,23.6500,1094.4,1107.1,165,24.32,1256.4,1115.1,162.2
1421,23.6667,1095.3,1106.0,165,22.40,1256.3,1115.0,161.3
1422,23.6833,1096.3,1107.0,165,22.57,1256.3,1115.0,160.2
1423,23.7000,1096.3,1107.0,165,23.04,1256.3,1115.0,160.2
1424,23.7167,1096.3,1107.0,165,23.70,1256.3,1115.0,160.2
1425,23.7333,1095.3,1106.0,165,24.24,1256.3,1115.0,161.3
1426,23.7500,1095.3,1106.0,165,24.91,1256.3,1115.0,161.3
1427,23.7667,1096.2,1107.0,165,25.51,1256.2,1116.0,160.3
1428,23.7833,1096.4,1108.0,165,26.34,1257.4,1117.0,161.3
1429,23.8000,1096.5,1107.4,165,27.17,1256.5,1120.4,160.5
1430,23.8167,1096.9,1107.4,165,28.79,1255.9,1126.4,160.1
1431,23.8333,1096.5,1107.5,165,29.38,1255.5,1134.5,161.3
1432,23.8500,1097.0,1106.9,165,30.54,1254.0,1147.9,162.3
1433,23.8667,1099.2,1108.0,165,30.95,1252.2,1162.0,162.2
1434,23.8833,1100.1,1108.3,165,30.98,1248.1,1178.3,163.7
1435,23.9000,1102.1,1108.1,165,30.92,1242.1,1195.1,164.8
1436,23.9167,1102.1,1109.4,165,31.11,1235.1,1205.4,164.0
1437,23.9333,1103.8,1109.1,165,31.18,1227.8,1216.1,163.8
1438,23.9500,1104.0,1111.0,165,31.41,1222.0,1223.0,162.7
1439,23.9667,1104.7,1111.4,165,31.54,1215.7,1231.4,163.5
1440,23.9833,1107.4,1114.3,165,31.35,1211.4,1239.3,162.6
1441,24.0000,1110.9,1117.9,165,31.81,1209.9,1245.9,161.8
1442,24.0167,1112.9,1120.5,165,31.71,1208.9,1252.5,163.2
1443,24.0333,1116.3,1125.6,165,31.65,1207.3,1259.6,162.0
1444,24.0500,1120.3,1130.6,165,31.95,1205.3,1268.6,162.1
1445,24.0667,1123.1,1137.2,165,31.82,1203.1,1278.2,162.1
1446,24.0833,1127.8,1144.5,165,31.77,1197.8,1289.5,161.0
1447,24.1000,1132.0,1152.9,165,31.97,1192.0,1301.9,160.6
1448,24.1167,1136.1,1162.6,165,31.72,1182.1,1317.6,161.7
1449,24.1333,1140.2,1175.3,165,31.36,1170.2,1333.3,160.8
1450,24.1500,1143.3,1190.0,165,31.34,1158.3,1350.0,160.7
1451,24.1667,1146.4,1206.8,165,30.13,1147.4,1366.8,160.0
1452,24.1833,1147.7,1225.7,165,28.90,1138.7,1386.7,161.3
1453,24.2000,1147.1,1245.4,165,28.21,1128.1,1403.4,159.1
1454,24.2167,1146.5,1267.5,165,27.71,1115.5,1420.5,156.1
1455,24.2333,,,,,,,
1456,24.2500,,,,,,,
1457,24.2667,,,,,,,
1458,24.2833,,,,,,,
1459,24.3000,1127.9,1359.5,165,31.17,1082.9,1507.5,154.7
1460,24.3167,1126.6,1369.2,165,32.13,1076.6,1520.2,159.1
1461,24.3333,1123.8,1375.6,165,32.80,1074.8,1526.6,158.8
1462,24.3500,1123.5,1380.5,165,33.49,1073.5,1531.5,159.1
1463,24.3667,1122.0,1383.7,165,33.95,1074.0,1534.7,158.4
1464,24.3833,1120.4,1386.8,165,34.10,1074.4,1538.8,158.8
1465,24.4000,1119.3,1392.5,165,33.54,1075.3,1543.5,157.3
1466,24.4167,1119.1,1395.9,165,32.54,1075.1,1548.9,159.2
1467,24.4333,1116.7,1402.1,165,32.27,1074.7,1555.1,158.7
1468,24.4500,1115.0,1408.4,165,33.37,1074.0,1560.4,157.4
1469,24.4667,1113.7,1414.3,165,35.65,1073.7,1566.3,157.2
1470,24.4833,1112.9,1418.7,165,37.70,1073.9,1571.7,157.9
1471,24.5000,1111.0,1422.5,165,39.87,1073.0,1576.5,158.6
1472,24.5167,1109.4,1427.6,165,44.15,1073.4,1582.6,159.1
1473,24.5333,1110.1,1431.5,165,45.64,1073.1,1587.5,160.3
1474,24.5500,659.6,2150.6,165,19.45,660.6,2139.6,11.0
1475,24.5667,659.6,2150.6,165,19.59,660.6,2139.6,11.0
1476,24.5833,659.6,2150.6,165,19.60,660.6,2139.6,11.0
1477,24.6000,659.6,2149.7,165,19.59,660.6,2139.7,10.0
1478,24.6167,659.5,2149.7,165,19.75,660.5,2139.7,10.0
1479,24.6333,658.5,2150.7,165,19.76,660.5,2139.7,11.2
1480,24.6500,658.5,2149.7,165,19.81,660.5,2139.7,10.2
1481,24.6667,658.5,2149.7,165,19.85,660.5,2139.7,10.2
1482,24.6833,658.5,2149.7,165,19.86,660.5,2139.7,10.2
1483,24.7000,658.5,2149.7,165,19.85,660.5,2139.7,10.2
1484,24.7167,658.5,2150.7,165,19.82,660.5,2139.7,11.2
1485,24.7333,658.5,2150.7,165,19.82,660.5,2139.7,11.2
1486,24.7500,658.5,2150.7,165,19.84,660.5,2139.7,11.2
1487,24.7667,658.5,2150.7,165,19.85,660.5,2139.7,11.2
1488,24.7833,658.5,2150.7,165,19.87,660.5,2139.7,11.2
1489,24.8000,658.5,2150.7,165,19.87,660.5,2139.7,11.2
1490,24.8167,658.5,2150.7,165,19.87,660.5,2139.7,11.2
1491,24.8333,658.5,2150.7,165,19.86,660.5,2139.7,11.2
1492,24.8500,658.5,2150.7,165,19.86,660.5,2139.7,11.2
1493,24.8667,658.5,2150.7,165,19.85,660.5,2139.7,11.2
1494,24.8833,658.5,2150.7,165,19.83,660.5,2139.7,11.2
1495,24.9000,658.5,2150.7,165,19.88,660.5,2139.7,11.2
1496,24.9167,658.5,2150.7,165,19.89,660.5,2139.7,11.2
1497,24.9333,658.5,2150.7,165,19.91,660.5,2139.7,11.2
1498,24.9500,658.5,2150.7,165,19.90,660.5,2139.7,11.2
1499,24.9667,658.5,2150.7,165,19.91,660.5,2139.7,11.2
1500,24.9833,658.5,2150.7,165,19.89,660.5,2139.7,11.2
1501,25.0000,658.5,2150.7,165,19.93,660.5,2139.7,11.2
1502,25.0167,658.5,2150.7,165,19.98,660.5,2139.7,11.2
1503,25.0333,658.5,2150.7,165,19.97,660.5,2139.7,11.2
1504,25.0500,658.5,2150.7,165,19.98,660.5,2139.7,11.2
1505,25.0667,658.5,2150.7,165,19.97,660.5,2139.7,11.2
1506,25.0833,658.5,2150.7,165,19.99,660.5,2139.7,11.2
1507,25.1000,658.5,2150.7,165,20.00,660.5,2139.7,11.2
1508,25.1167,659.6,2150.7,165,20.04,660.6,2139.7,11.0
1509,25.1333,659.6,2150.7,165,20.04,660.6,2139.7,11.0
1510,25.1500,658.5,2150.7,165,20.10,660.5,2139.7,11.2
1511,25.1667,658.5,2150.7,165,20.10,660.5,2139.7,11.2
1512,25.1833,658.6,2150.7,165,20.08,660.6,2139.7,11.2
1513,25.2000,659.1,2150.2,165,20.41,661.1,2142.2,8.2
1514,25.2167,659.1,2150.2,165,20.41,661.1,2142.2,8.2
