frame,t,ground_dx_at_hole,ground_dy_at_hole,n_inliers,local_scale,sim_scale,zoom_resid_ln,cum_zoom_from_f785
286,4.7907,-0.002,0.008,1004,0.99999,0.99999,0.00114,1.0
287,4.8075,-0.004,0.007,1041,0.99999,0.99999,0.00114,1.0
288,4.8243,-0.002,0.006,1046,0.99999,0.99999,0.00114,1.0
289,4.8411,0.0,0.006,1019,0.99998,0.99999,0.00114,1.0
290,4.858,-0.002,0.002,1029,0.99999,0.99999,0.00115,1.0
291,4.8748,0.001,0.002,1035,0.99998,0.99999,0.00114,1.0
292,4.8916,-0.0,0.003,1056,0.99999,0.99999,0.00114,1.0
293,4.9084,0.001,0.002,1027,0.99998,0.99999,0.00114,1.0
294,4.9252,0.001,0.003,1019,0.99999,0.99999,0.00114,1.0
295,4.942,0.001,0.0,1059,0.99999,0.99999,0.00114,1.0
296,4.9588,0.0,-0.001,1027,0.99998,0.99999,0.00114,1.0
297,4.9756,0.002,0.001,978,0.99998,0.99999,0.00114,1.0
298,4.9924,0.003,0.002,1003,0.99998,0.99999,0.00113,1.0
299,5.0092,0.003,0.001,986,0.99998,0.99999,0.00113,1.0
300,5.0261,0.0,0.0,979,0.99998,0.99999,0.00114,1.0
301,5.0429,0.0,0.005,985,0.99998,0.99999,0.00114,1.0
302,5.0597,0.001,0.004,976,0.99999,0.99999,0.00114,1.0
303,5.0765,0.002,0.003,975,0.99998,0.99999,0.00113,1.0
304,5.0933,0.001,0.005,975,0.99998,0.99999,0.00114,1.0
305,5.1101,0.009,0.002,976,0.99998,0.99999,0.00114,1.0
306,5.1269,0.003,-0.01,977,0.99997,0.99999,0.00113,1.0
307,5.1437,0.006,-0.014,967,0.99996,0.99998,0.00113,1.0
308,5.1605,0.0,0.001,908,1.0,1.0,0.00115,1.0
309,5.1773,0.001,0.001,877,1.0,1.0,0.00115,1.0
310,5.1942,0.007,0.0,868,1.0,1.0,0.00115,1.0
311,5.211,-0.002,0.007,894,0.99998,0.99999,0.00114,1.0
312,5.2278,0.001,0.007,895,0.99999,0.99999,0.00114,1.0
313,5.2446,0.005,0.009,899,1.0,1.0,0.00115,1.0
314,5.2614,-0.028,0.077,758,1.00014,1.00037,0.00126,1.0
315,5.2782,0.063,0.086,939,1.00045,1.00071,0.00157,1.0
316,5.295,0.093,0.191,929,1.00119,1.00145,0.00225,1.0
317,5.3118,-0.02,0.075,928,1.00153,1.00201,0.00265,1.0
318,5.3286,-0.044,0.209,950,1.00212,1.00283,0.00317,1.0
319,5.3454,-0.075,0.135,901,1.00292,1.00334,0.004,1.0
320,5.3622,-0.038,0.295,930,1.00338,1.00454,0.00438,1.0
321,5.3791,-0.09,0.187,821,1.00436,1.00463,0.00541,1.0
322,5.3959,0.083,0.459,785,1.00533,1.00579,0.00624,1.0
323,5.4127,-0.268,0.441,648,1.00685,1.00729,0.00775,1.0
324,5.4295,0.113,0.295,662,1.00715,1.00847,0.00813,1.0
325,5.4463,-0.023,0.29,628,1.00742,1.00938,0.0084,1.0
326,5.4631,-0.012,0.207,595,1.00816,1.00731,0.00917,1.0
327,5.4799,0.088,0.22,592,1.00945,1.0084,0.01045,1.0
328,5.4967,0.004,0.291,607,1.01035,1.00936,0.01131,1.0
329,5.5135,0.051,0.362,594,1.01154,1.01174,0.01244,1.0
330,5.5303,0.129,0.413,586,1.01264,1.01184,0.01351,1.0
331,5.5472,-0.034,0.393,562,1.01398,1.01263,0.01483,1.0
332,5.564,-0.137,0.416,565,1.01524,1.01392,0.01606,1.0
333,5.5808,0.098,0.661,546,1.01719,1.01537,0.01786,1.0
334,5.5976,-0.174,0.457,529,1.01844,1.01696,0.01919,1.0
335,5.6144,-0.184,0.622,526,1.02053,1.01834,0.02115,1.0
336,5.6312,-0.419,0.656,531,1.0218,1.02105,0.02237,1.0
337,5.648,-0.29,0.829,565,1.02417,1.02389,0.02461,1.0
338,5.6648,-0.286,1.046,561,1.02629,1.02408,0.02656,1.0
339,5.6816,-0.261,1.188,585,1.02881,1.0281,0.02893,1.0
340,5.6984,-0.397,1.377,583,1.03105,1.03085,0.03101,1.0
341,5.7152,-0.447,1.807,570,1.03368,1.0313,0.03333,1.0
342,5.7321,-1.031,1.05,672,1.0355,1.03391,0.03547,1.0
343,5.7489,-0.965,1.571,716,1.03792,1.03584,0.03754,1.0
344,5.7657,-1.118,1.843,738,1.04015,1.03956,0.03953,1.0
345,5.7825,-0.337,1.124,773,1.04188,1.04022,0.04159,1.0
346,5.7993,-0.485,1.902,721,1.04409,1.04231,0.0433,1.0
347,5.8161,-0.582,2.223,716,1.04543,1.04115,0.04441,1.0
348,5.8329,-0.574,2.352,725,1.0468,1.04068,0.04566,1.0
349,5.8497,-0.68,2.466,724,1.04865,1.04487,0.04736,1.0
350,5.8665,-0.715,2.869,738,1.04954,1.04536,0.04801,1.0
351,5.8833,-0.697,3.127,658,1.05012,1.03952,0.04842,1.0
352,5.9002,-0.892,3.493,661,1.05033,1.04393,0.04842,1.0
353,5.917,-0.684,3.734,650,1.05064,1.04441,0.0486,1.0
354,5.9338,-0.604,3.723,634,1.05127,1.04119,0.04921,1.0
355,5.9506,-1.116,4.205,636,1.05068,1.04188,0.04838,1.0
356,5.9674,-1.06,4.652,594,1.0517,1.04165,0.04912,1.0
357,5.9842,-0.897,4.869,598,1.05008,1.04061,0.04748,1.0
358,6.001,-1.069,5.508,582,1.04972,1.039,0.04679,1.0
359,6.0178,-0.942,5.955,543,1.04959,1.04226,0.04644,1.0
360,6.0346,-1.148,5.882,518,1.04821,1.0387,0.04516,1.0
361,6.0514,-1.053,6.652,485,1.04892,1.03907,0.04544,1.0
362,6.0682,-1.331,7.016,476,1.04793,1.03701,0.0443,1.0
363,6.0851,-1.463,7.18,483,1.0458,1.03632,0.04218,1.0
364,6.1019,-1.737,7.718,484,1.04595,1.03661,0.04204,1.0
365,6.1187,-1.956,8.198,500,1.04422,1.04013,0.04013,1.0
366,6.1355,-2.541,8.447,473,1.04293,1.03396,0.03874,1.0
367,6.1523,-2.498,8.793,492,1.04113,1.03195,0.03683,1.0
368,6.1691,-2.985,9.191,489,1.04024,1.03121,0.03576,1.0
369,6.1859,-3.25,9.578,489,1.03861,1.03087,0.03398,1.0
370,6.2027,-3.732,9.888,494,1.03686,1.02936,0.03213,1.0
371,6.2195,-3.92,9.845,502,1.0339,1.02696,0.02929,1.0
372,6.2363,-4.484,10.339,525,1.03357,1.02624,0.02869,1.0
373,6.2532,-4.669,10.291,526,1.03083,1.02471,0.02605,1.0
374,6.27,-5.016,10.784,510,1.02952,1.02339,0.02452,1.0
375,6.2868,-5.301,11.043,513,1.0276,1.02137,0.02251,1.0
376,6.3036,-5.673,11.373,515,1.02556,1.01972,0.02035,1.0
377,6.3204,-5.746,10.998,531,1.02313,1.01826,0.01816,1.0
378,6.3372,-6.16,11.055,508,1.02095,1.01686,0.01599,1.0
379,6.354,-6.214,10.836,524,1.01864,1.01436,0.01384,1.0
380,6.3708,-6.237,10.985,482,1.01655,1.01266,0.0117,1.0
381,6.3876,-6.047,11.469,474,1.01635,1.01806,0.01126,1.0
382,6.4044,-6.524,11.567,468,1.01314,1.01566,0.00803,1.0
383,6.4212,-6.388,11.132,458,1.01085,1.01344,0.006,1.0
384,6.4381,-6.32,10.977,431,1.00888,1.0117,0.00413,1.0
385,6.4549,-6.12,11.134,398,1.00701,1.00971,0.0022,1.0
386,6.4717,-5.54,10.9,400,1.00564,1.00697,0.00097,1.0
387,6.4885,-4.897,11.02,434,1.0054,1.00718,0.00069,1.0
388,6.5053,-3.714,11.183,453,1.00567,1.00733,0.00092,1.0
389,6.5221,-2.543,11.156,454,1.00553,1.00734,0.00082,1.0
390,6.5389,-2.132,11.126,463,1.00557,1.00738,0.00088,1.0
391,6.5557,-1.297,11.174,487,1.0054,1.00484,0.00072,1.0
392,6.5725,-0.464,11.153,477,1.00516,1.00448,0.00051,1.0
393,6.5893,0.781,11.375,457,1.00574,1.00734,0.001,1.0
394,6.6062,1.537,11.139,491,1.0054,1.00638,0.00081,1.0
395,6.623,2.221,10.974,487,1.00548,1.0053,0.00099,1.0
396,6.6398,2.669,11.123,443,1.00547,1.0055,0.00092,1.0
397,6.6566,3.395,11.089,455,1.0056,1.0046,0.00109,1.0
398,6.6734,4.029,10.747,444,1.00539,1.00602,0.00108,1.0
399,6.6902,4.512,10.5,417,1.00505,1.00624,0.00088,1.0
400,6.707,5.052,10.742,363,1.00533,1.00641,0.00104,1.0
401,6.7238,5.358,10.451,396,1.00525,1.00672,0.00113,1.0
402,6.7406,5.849,10.383,412,1.00521,1.00664,0.00113,1.0
403,6.7574,5.647,10.239,413,1.00491,1.00632,0.00091,1.0
404,6.7742,6.142,10.366,402,1.00488,1.00701,0.00082,1.0
405,6.7911,6.19,10.39,415,1.00508,1.00648,0.00101,1.0
406,6.8079,6.474,10.589,400,1.00518,1.00427,0.00101,1.0
407,6.8247,6.622,10.451,414,1.00505,1.00652,0.00096,1.0
408,6.8415,6.742,10.298,413,1.00533,1.00621,0.00133,1.0
409,6.8583,6.673,10.254,419,1.00525,1.00629,0.00127,1.0
410,6.8751,6.775,10.546,404,1.00514,1.00623,0.00101,1.0
411,6.8919,6.768,10.786,407,1.00577,1.00577,0.0015,1.0
412,6.9087,6.81,10.773,441,1.00615,1.00645,0.00189,1.0
413,6.9255,6.759,10.718,426,1.00607,1.00715,0.00184,1.0
414,6.9423,6.753,10.343,472,1.0048,1.00709,0.00077,1.0
415,6.9592,6.801,10.571,481,1.00516,1.00675,0.00101,1.0
416,6.976,6.837,10.252,494,1.00448,1.00631,0.00051,1.0
417,6.9928,6.752,10.293,486,1.00512,1.00576,0.00112,1.0
418,7.0096,6.564,10.587,485,1.00517,1.00663,0.00101,1.0
419,7.0264,6.31,10.157,495,1.00434,1.00708,0.0004,1.0
420,7.0432,6.431,10.85,489,1.00518,1.00698,0.00087,1.0
421,7.06,5.534,9.86,515,1.0051,1.00686,0.00129,1.0
422,7.0768,5.716,10.642,488,1.00558,1.00764,0.00137,1.0
423,7.0936,5.186,10.877,505,1.00525,1.00428,0.0009,1.0
424,7.1104,4.74,11.171,500,1.0058,1.0072,0.00128,1.0
425,7.1272,4.523,11.09,500,1.00595,1.00703,0.00147,1.0
426,7.1441,4.118,11.255,509,1.00575,1.00684,0.00117,1.0
427,7.1609,3.87,11.262,457,1.00666,1.00732,0.00207,1.0
428,7.1777,3.412,10.845,530,1.00582,1.00749,0.00144,1.0
429,7.1945,3.369,11.361,543,1.00561,1.00733,0.00095,1.0
430,7.2113,3.195,11.518,542,1.00552,1.00731,0.00078,1.0
431,7.2281,2.878,11.36,554,1.00582,1.00758,0.00115,1.0
432,7.2449,2.647,11.295,525,1.00566,1.00748,0.00102,1.0
433,7.2617,2.666,10.955,531,1.00562,1.00414,0.00115,1.0
434,7.2785,2.442,11.271,534,1.00572,1.00726,0.00109,1.0
435,7.2953,2.275,11.288,519,1.00555,1.0045,0.0009,1.0
436,7.3122,1.883,10.766,478,1.00545,1.00389,0.00107,1.0
437,7.329,2.434,11.352,509,1.0061,1.00369,0.00142,1.0
438,7.3458,2.134,11.657,436,1.00568,1.00471,0.00083,1.0
439,7.3626,2.104,11.326,469,1.00569,1.00447,0.00102,1.0
440,7.3794,1.771,11.136,444,1.00585,1.00371,0.00127,1.0
441,7.3962,1.794,11.147,451,1.00561,1.00365,0.00102,1.0
442,7.413,1.868,11.303,445,1.0057,1.00773,0.00103,1.0
443,7.4298,1.235,10.632,400,1.00533,1.00472,0.00099,1.0
444,7.4466,1.445,11.024,428,1.00534,1.00346,0.00081,1.0
445,7.4634,1.631,11.497,395,1.00545,1.00385,0.00068,1.0
446,7.4802,1.291,11.128,400,1.00539,1.00396,0.0008,1.0
447,7.4971,1.669,11.295,365,1.00566,1.00489,0.00099,1.0
448,7.5139,1.504,11.581,377,1.00534,1.00402,0.00052,1.0
449,7.5307,2.563,10.955,343,1.00593,1.00388,0.00146,1.0
450,7.5475,1.441,11.117,374,1.00553,1.00457,0.00095,1.0
451,7.5643,1.646,10.698,350,1.00667,1.00364,0.0023,1.0
452,7.5811,2.566,10.707,370,1.00655,1.00377,0.00221,1.0
453,7.5979,1.03,11.572,379,1.00579,1.00346,0.00096,1.0
454,7.6147,1.145,11.454,378,1.00503,1.00383,0.00027,1.0
455,7.6315,1.447,10.83,374,1.00589,1.00376,0.00145,1.0
456,7.6483,0.471,11.068,339,1.00586,1.00389,0.00127,1.0
457,7.6652,1.784,11.325,342,1.00766,1.0036,0.00297,1.0
458,7.682,-1.139,11.408,354,1.00469,1.00348,-0.00011,1.0
459,7.6988,-0.514,11.524,320,1.00448,1.00351,-0.00036,1.0
460,7.7156,-0.134,11.763,362,1.00456,1.0036,-0.00039,1.0
461,7.7324,-0.786,11.411,326,1.00482,1.00352,3e-05,1.0
462,7.7492,-1.148,11.499,346,1.00458,1.00327,-0.00027,1.0
463,7.766,-1.141,11.226,325,1.00516,1.00385,0.00045,1.0
464,7.7828,-1.18,11.072,324,1.00468,1.00345,5e-05,1.0
465,7.7996,-1.679,11.032,322,1.00537,1.00387,0.00075,1.0
466,7.8164,0.0,0.0,433,1.0,1.0,0.00116,1.0
467,7.8332,0.0,0.0,433,1.0,1.0,0.00116,1.0
468,7.8501,0.0,0.0,433,1.0,1.0,0.00116,1.0
469,7.8669,-5.085,47.592,179,1.02229,1.01454,-0.00161,1.0
470,7.8837,-1.159,10.054,297,1.00528,1.00355,0.00118,1.0
471,7.9005,-0.867,9.876,313,1.00602,1.00402,0.00201,1.0
472,7.9173,-1.682,10.109,313,1.00503,1.00382,0.00088,1.0
473,7.9341,-1.554,10.206,306,1.00526,1.00382,0.00107,1.0
474,7.9509,-1.121,10.309,310,1.00682,1.00407,0.00258,1.0
475,7.9677,-1.297,10.285,319,1.00539,1.00402,0.00116,1.0
476,7.9845,-1.823,10.581,298,1.00506,1.00411,0.00067,1.0
477,8.0013,-1.492,11.457,296,1.00476,1.00424,-7e-05,1.0
478,8.0182,-2.007,10.966,259,1.00525,1.00434,0.00066,1.0
479,8.035,-2.324,10.958,242,1.00543,1.00425,0.00083,1.0
480,8.0518,-2.455,9.873,303,1.00595,1.00432,0.00191,1.0
481,8.0686,-2.144,11.0,237,1.0046,1.0041,-1e-05,1.0
482,8.0854,-3.921,10.882,223,1.00506,1.00384,0.00046,1.0
483,8.1022,-2.276,11.01,245,1.00528,1.00432,0.00065,1.0
484,8.119,-2.389,10.331,218,1.00602,1.00488,0.00174,1.0
485,8.1358,-3.055,10.097,239,1.00518,1.00439,0.00101,1.0
486,8.1526,-2.767,10.059,301,1.00534,1.00469,0.0012,1.0
487,8.1694,-1.585,9.729,230,1.00504,1.00434,0.0011,1.0
488,8.1862,-2.94,9.913,213,1.00584,1.00507,0.00176,1.0
489,8.2031,-3.024,9.438,214,1.0042,1.00403,0.00037,1.0
490,8.2199,-2.154,9.824,242,1.00509,1.00483,0.00108,1.0
491,8.2367,-3.217,9.997,215,1.00508,1.00474,0.00096,1.0
492,8.2535,-4.303,10.967,293,1.00468,1.00483,2e-05,1.0
493,8.2703,-3.699,9.758,214,1.00569,1.00476,0.00167,1.0
494,8.2871,-5.301,10.395,196,1.00554,1.00504,0.00115,1.0
495,8.3039,-4.264,9.421,238,1.00465,1.00486,0.00079,1.0
496,8.3207,-6.124,10.504,200,1.00452,1.00451,6e-05,1.0
497,8.3375,-6.764,9.951,210,1.00491,1.0047,0.0007,1.0
498,8.3543,-7.084,10.636,279,1.00362,1.004,-0.00094,1.0
499,8.3712,-7.206,10.636,206,1.0043,1.00442,-0.00027,1.0
500,8.388,-7.189,9.273,212,1.00454,1.00452,0.00067,1.0
501,8.4048,-7.889,10.049,215,1.00434,1.00461,5e-05,1.0
502,8.4216,-7.888,9.695,232,1.00417,1.00448,7e-05,1.0
503,8.4384,-8.25,10.023,232,1.00427,1.00473,-1e-05,1.0
504,8.4552,-8.505,9.9,262,1.00427,1.0054,5e-05,1.0
505,8.472,-7.98,9.367,189,1.0044,1.00487,0.00047,1.0
506,8.4888,-8.531,10.079,165,1.00431,1.00506,-0.0,1.0
507,8.5056,-8.784,9.792,182,1.00418,1.00537,1e-05,1.0
508,8.5224,-8.499,9.426,164,1.00422,1.0053,0.00024,1.0
509,8.5393,-8.801,9.622,173,1.00415,1.00498,6e-05,1.0
510,8.5561,-8.708,9.472,172,1.00404,1.00549,3e-05,1.0
511,8.5729,-9.079,9.819,134,1.00407,1.00548,-0.00012,1.0
512,8.5897,-8.782,8.241,120,1.00491,1.00554,0.00153,1.0
513,8.6065,-9.758,10.318,131,1.00197,1.00605,-0.0025,1.0
514,8.6233,-9.596,10.409,226,1.00193,1.00489,-0.00258,1.0
515,8.6401,-9.802,9.947,202,1.00355,1.00534,-0.00073,1.0
516,8.6569,-10.074,9.482,200,1.00416,1.00587,0.00011,1.0
517,8.6737,-11.337,10.685,200,1.00444,1.00522,-0.00026,1.0
518,8.6905,-9.482,8.624,168,1.00278,1.00544,-0.0008,1.0
519,8.7073,-10.193,8.835,206,1.00355,1.0054,-0.00016,1.0
520,8.7242,-11.039,9.528,148,1.00316,1.00533,-0.00094,1.0
521,8.741,-10.824,8.488,144,1.00369,1.00528,0.00014,1.0
522,8.7578,-10.265,8.062,166,1.00231,1.0051,-0.001,1.0
523,8.7746,-11.183,8.419,160,1.0026,1.00531,-0.00092,1.0
524,8.7914,-11.283,8.09,170,1.00275,1.00538,-0.0006,1.0
525,8.8082,-11.549,8.038,162,1.00318,1.00516,-0.00016,1.0
526,8.825,-11.202,7.404,149,1.00285,1.00516,-0.00015,1.0
527,8.8418,-12.521,8.621,182,1.00327,1.00528,-0.0004,1.0
528,8.8586,-11.395,7.733,198,1.00377,1.00477,0.00059,1.0
529,8.8754,-11.788,7.557,210,1.00408,1.00508,0.00099,1.0
530,8.8923,-11.226,7.39,186,1.00185,1.00494,-0.00114,1.0
531,8.9091,-11.852,7.737,171,1.00284,1.0051,-0.00034,1.0
532,8.9259,-12.103,8.147,155,1.00228,1.00514,-0.00113,1.0
533,8.9427,-12.021,7.326,182,1.00352,1.00499,0.00054,1.0
534,8.9595,-11.698,7.266,168,1.0035,1.00504,0.00056,1.0
535,8.9763,-12.455,7.205,127,1.00505,1.00449,0.00212,1.0
536,8.9931,-11.814,7.074,128,1.0052,1.00483,0.00235,1.0
537,9.0099,-12.879,8.281,131,1.00523,1.00488,0.00172,1.0
538,9.0267,-13.061,8.267,115,1.00395,1.005,0.00045,1.0
539,9.0435,-12.471,7.643,129,1.00357,1.00482,0.00041,1.0
540,9.0603,-12.074,7.338,129,1.00373,1.00498,0.00074,1.0
541,9.0772,-12.541,7.737,122,1.00396,1.00476,0.00075,1.0
542,9.094,-12.613,7.851,134,1.00384,1.00482,0.00057,1.0
543,9.1108,-12.718,7.921,122,1.00398,1.00468,0.00067,1.0
544,9.1276,-12.819,8.004,132,1.00453,1.00496,0.00117,1.0
545,9.1444,-12.738,8.005,152,1.00419,1.00506,0.00083,1.0
546,9.1612,-12.546,7.794,154,1.00473,1.00485,0.00149,1.0
547,9.178,-12.424,7.623,156,1.00401,1.00497,0.00086,1.0
548,9.1948,-12.309,7.62,142,1.00486,1.00469,0.00171,1.0
549,9.2116,-11.854,6.966,152,1.00332,1.0047,0.00053,1.0
550,9.2284,-12.415,7.581,159,1.00415,1.00491,0.00102,1.0
551,9.2453,-12.251,7.44,164,1.00394,1.0046,0.0009,1.0
552,9.2621,-12.438,7.476,173,1.00408,1.00466,0.00101,1.0
553,9.2789,-11.88,7.401,182,1.00417,1.00442,0.00115,1.0
554,9.2957,-11.757,7.532,204,1.00352,1.00472,0.00044,1.0
555,9.3125,-11.216,7.186,207,1.00318,1.0039,0.00029,1.0
556,9.3293,-11.47,7.513,211,1.0038,1.0051,0.00074,1.0
557,9.3461,-11.469,7.429,196,1.00407,1.00496,0.00105,1.0
558,9.3629,-11.292,7.3,206,1.00302,1.00486,8e-05,1.0
559,9.3797,-11.166,7.383,209,1.00283,1.00401,-0.00016,1.0
560,9.3965,-11.252,7.548,207,1.00307,1.00372,-1e-05,1.0
561,9.4133,-11.732,8.13,241,1.00325,1.00455,-0.00014,1.0
562,9.4302,-11.5,7.878,258,1.00345,1.00445,0.0002,1.0
563,9.447,-11.732,8.047,258,1.00302,1.00487,-0.00033,1.0
564,9.4638,-10.991,7.545,246,1.00291,1.00521,-0.00015,1.0
565,9.4806,-11.865,8.481,181,1.00383,1.00475,0.00025,1.0
566,9.4974,-10.9,7.271,167,1.00241,1.0052,-0.0005,1.0
567,9.5142,-12.18,9.041,167,1.00504,1.00512,0.00116,1.0
568,9.531,-11.793,8.288,164,1.0044,1.00557,0.00092,1.0
569,9.5478,-11.998,8.636,161,1.00405,1.00502,0.00039,1.0
570,9.5646,-11.276,7.977,158,1.00344,1.00514,0.00015,1.0
571,9.5814,-11.867,8.463,164,1.00368,1.00534,0.00012,1.0
572,9.5983,-11.671,8.315,156,1.00428,1.00538,0.00079,1.0
573,9.6151,-11.53,8.065,157,1.00355,1.00524,0.0002,1.0
574,9.6319,-11.492,8.129,162,1.00355,1.00549,0.00016,1.0
575,9.6487,-11.803,8.389,156,1.00364,1.00517,0.00011,1.0
576,9.6655,-11.476,7.53,156,1.0027,1.00537,-0.00037,1.0
577,9.6823,-11.845,8.789,174,1.00427,1.0052,0.00054,1.0
578,9.6991,-11.72,8.323,181,1.00417,1.00548,0.00068,1.0
579,9.7159,-11.206,8.008,154,1.00385,1.00543,0.00054,1.0
580,9.7327,-11.494,8.254,154,1.00394,1.00575,0.00049,1.0
581,9.7495,-11.285,8.056,168,1.00381,1.00553,0.00047,1.0
582,9.7663,-11.299,8.272,190,1.00385,1.00555,0.0004,1.0
583,9.7832,-11.246,7.894,176,1.00395,1.00574,0.00069,1.0
584,9.8,-11.146,7.921,170,1.00381,1.00557,0.00054,1.0
585,9.8168,-11.358,8.643,181,1.00415,1.00563,0.0005,1.0
586,9.8336,-11.192,8.607,181,1.00441,1.00559,0.00078,1.0
587,9.8504,-11.192,8.507,173,1.00468,1.00584,0.00111,1.0
588,9.8672,-10.859,8.188,193,1.00371,1.0056,0.00031,1.0
589,9.884,-11.294,8.373,198,1.00406,1.00528,0.00056,1.0
590,9.9008,-10.889,8.13,192,1.0042,1.00589,0.00083,1.0
591,9.9176,-11.346,8.92,188,1.00401,1.00585,0.00022,1.0
592,9.9344,-10.992,8.539,183,1.00357,1.00588,-2e-05,1.0
593,9.9513,-10.982,8.433,181,1.00385,1.00575,0.00033,1.0
594,9.9681,-11.004,8.509,191,1.00401,1.0058,0.00044,1.0
595,9.9849,-10.571,8.382,192,1.0042,1.00575,0.00071,1.0
596,10.0017,-10.307,8.394,186,1.00363,1.00535,0.00015,1.0
597,10.0185,-10.675,8.354,134,1.00398,1.00574,0.0005,1.0
598,10.0353,-10.577,8.329,126,1.00497,1.00565,0.0015,1.0
599,10.0521,-10.942,8.743,125,1.00454,1.00576,0.00085,1.0
600,10.0689,-11.119,9.317,119,1.00236,1.00563,-0.00162,1.0
601,10.0857,-11.525,9.844,122,1.00441,1.00627,0.00013,1.0
602,10.1025,-10.906,9.23,102,1.00391,1.00581,-3e-05,1.0
603,10.1193,-11.858,9.852,106,1.00595,1.00588,0.00165,1.0
604,10.1362,-12.067,10.431,102,1.00481,1.00577,0.00021,1.0
605,10.153,-11.126,8.842,109,1.00469,1.00586,0.00095,1.0
606,10.1698,-10.488,8.011,111,1.00535,1.00621,0.00205,1.0
607,10.1866,-9.513,6.967,93,1.00524,1.00643,0.00251,1.0
608,10.2034,-10.19,7.858,90,1.00754,1.00552,0.00431,1.0
609,10.2202,-10.225,7.939,98,1.00574,1.00337,0.00248,1.0
610,10.237,-10.303,7.855,105,1.00484,1.00658,0.00162,1.0
611,10.2538,-10.207,7.807,94,1.00738,1.00226,0.00418,1.0
612,10.2706,-10.122,8.019,116,1.00474,1.0032,0.00145,1.0
613,10.2874,-9.914,7.612,121,1.00537,1.00248,0.00229,1.0
614,10.3043,-5.348,4.984,107,0.99584,1.00322,-0.00574,1.0
615,10.3211,-5.692,5.436,104,0.9983,1.00299,-0.00353,1.0
616,10.3379,-4.961,4.863,115,0.99719,0.9938,-0.00432,1.0
617,10.3547,-10.306,7.498,97,1.00758,1.00252,0.00453,1.0
618,10.3715,-6.498,6.057,110,1.00063,0.9942,-0.00153,1.0
619,10.3883,-3.377,1.787,97,0.99784,0.99444,-0.00202,1.0
620,10.4051,-13.299,13.463,97,1.02477,0.99416,0.01828,1.0
621,10.4219,-10.044,7.742,116,1.00599,1.00248,0.00283,1.0
622,10.4387,-2.477,0.594,110,0.99855,1.00331,-0.00067,1.0
623,10.4555,-6.81,6.318,106,0.99654,1.00413,-0.00577,1.0
624,10.4723,-6.351,6.285,86,0.99792,1.00308,-0.00436,1.0
625,10.4892,-6.314,6.14,95,0.99763,1.00391,-0.00458,1.0
626,10.506,-10.288,8.455,107,1.00442,1.00303,0.0009,1.0
627,10.5228,-6.352,6.508,87,0.99824,1.00002,-0.00416,1.0
628,10.5396,-9.703,7.425,112,1.00422,0.9999,0.00125,1.0
629,10.5564,-8.392,8.447,96,1.00433,1.00315,0.00086,1.0
630,10.5732,-9.362,6.673,95,1.004,0.99331,0.00143,1.0
631,10.59,-10.128,8.01,101,1.00488,1.0036,0.00159,1.0
632,10.6068,-6.881,6.858,107,0.99811,0.99939,-0.00448,1.0
633,10.6236,-6.495,6.635,102,0.9982,0.99952,-0.00426,1.0
634,10.6404,-9.743,7.53,105,1.0036,0.99927,0.00057,1.0
635,10.6573,-9.944,7.618,123,1.00267,1.0036,-0.0004,1.0
636,10.6741,-10.006,8.085,105,1.00506,0.99928,0.00174,1.0
637,10.6909,-10.555,8.651,108,1.0043,0.99881,0.00067,1.0
638,10.7077,-10.616,8.998,124,1.00427,1.0017,0.00046,1.0
639,10.7245,-9.896,7.696,111,1.00326,1.00568,0.00014,1.0
640,10.7413,-10.606,8.466,112,1.00365,1.0044,0.00012,1.0
641,10.7581,-11.292,9.811,112,1.00364,1.00416,-0.00061,1.0
642,10.7749,-9.754,6.85,112,1.004,1.00526,0.00133,1.0
643,10.7917,-6.012,7.386,97,0.99618,1.00506,-0.00666,1.0
644,10.8085,-12.61,11.849,115,1.00153,1.00406,-0.00381,1.0
645,10.8253,-8.584,5.447,96,1.00443,1.00485,0.00251,1.0
646,10.8422,-12.861,12.109,94,1.00468,1.00143,-0.0008,1.0
647,10.859,-12.997,11.662,84,1.00649,1.00013,0.00121,1.0
648,10.8758,-10.613,8.71,144,1.0048,1.0043,0.00113,1.0
649,10.8926,-11.849,10.442,91,1.00627,1.00502,0.00167,1.0
650,10.9094,-10.33,9.214,88,1.0034,1.00512,-0.00051,1.0
651,10.9262,-8.998,7.529,83,1.00331,1.00551,0.0003,1.0
652,10.943,-9.17,7.574,98,1.00339,1.00637,0.00036,1.0
653,10.9598,-9.364,8.348,101,1.00183,1.00575,-0.00161,1.0
654,10.9766,-11.769,9.042,123,1.00606,1.00452,0.00219,1.0
655,10.9934,-8.812,7.394,86,1.0017,1.00527,-0.00122,1.0
656,11.0103,-8.2,7.578,85,0.9984,1.00582,-0.0046,1.0
657,11.0271,-7.52,5.178,76,1.00387,1.00493,0.00212,1.0
658,11.0439,-3.78,4.76,87,0.99567,0.9932,-0.00575,1.0
659,11.0607,-0.452,-0.156,83,0.99562,1.0052,-0.00317,1.0
660,11.0775,-3.519,3.478,90,0.99891,1.00532,-0.00184,1.0
661,11.0943,-8.764,7.869,73,1.00193,0.9936,-0.00124,1.0
662,11.1111,-7.123,8.339,86,0.99894,0.99952,-0.00443,1.0
663,11.1279,-8.735,7.445,90,1.00262,1.00524,-0.00033,1.0
664,11.1447,-8.782,8.433,95,0.99999,1.00544,-0.00347,1.0
665,11.1615,-8.031,7.91,90,1.00179,1.0051,-0.00138,1.0
666,11.1783,-8.898,8.071,96,1.00603,1.00514,0.00274,1.0
667,11.1952,-5.836,6.572,93,0.99739,1.00539,-0.00503,1.0
668,11.212,-9.282,8.552,90,1.00322,1.00257,-0.00032,1.0
669,11.2288,-9.542,9.015,97,1.00339,1.00436,-0.0004,1.0
670,11.2456,-9.671,10.077,94,1.00083,1.00532,-0.00351,1.0
671,11.2624,-9.414,8.378,99,1.00357,1.00503,0.00011,1.0
672,11.2792,-10.197,9.418,112,1.00598,1.00451,0.00196,1.0
673,11.296,-12.023,11.49,108,1.00902,1.00523,0.00384,1.0
674,11.3128,-11.031,10.166,104,1.00701,1.00522,0.00257,1.0
675,11.3296,-10.995,9.822,107,1.00804,1.00554,0.00377,1.0
676,11.3464,-7.868,8.814,100,1.00023,1.00657,-0.0034,1.0
677,11.3633,-8.011,9.585,104,1.00522,1.00622,0.00117,1.0
678,11.3801,-7.767,8.481,100,1.00201,1.0054,-0.00145,1.0
679,11.3969,-11.683,9.682,104,1.01074,1.00524,0.00649,1.0
680,11.4137,-11.665,9.145,117,1.00865,1.00565,0.0047,1.0
681,11.4305,-11.563,9.68,106,1.0063,1.00585,0.0021,1.0
682,11.4473,-11.886,7.856,109,1.00547,1.00233,0.0022,1.0
683,11.4641,-6.604,6.079,91,1.00038,1.00264,-0.0018,1.0
684,11.4809,-7.528,6.325,89,0.99897,0.9887,-0.00336,1.0
685,11.4977,-11.051,8.473,82,1.00512,1.00515,0.00157,1.0
686,11.5145,-7.589,6.44,84,0.99939,1.00507,-0.003,1.0
687,11.5313,-10.672,8.401,91,1.00329,1.00539,-0.00021,1.0
688,11.5482,-10.925,8.706,91,1.00299,1.00533,-0.00068,1.0
689,11.565,-10.684,8.584,109,0.99954,1.00815,-0.00405,1.0
690,11.5818,-10.843,8.641,98,1.00405,1.00571,0.00042,1.0
691,11.5986,-11.732,10.11,102,1.00279,1.00584,-0.00163,1.0
692,11.6154,-11.704,9.682,119,1.00189,1.00561,-0.0023,1.0
693,11.6322,-11.963,10.068,115,1.00327,1.00623,-0.00113,1.0
694,11.649,-10.461,8.895,98,0.99896,1.00612,-0.00479,1.0
695,11.6658,-9.493,7.524,109,1.00262,1.00571,-0.00039,1.0
696,11.6826,-9.534,7.128,101,1.00305,1.00565,0.00025,1.0
697,11.6994,-10.28,8.225,105,1.00412,1.00543,0.00072,1.0
698,11.7163,-13.696,10.086,83,1.01215,1.00306,0.00763,1.0
699,11.7331,-10.08,8.775,110,1.00383,1.00577,0.00015,1.0
700,11.7499,-9.902,9.086,90,1.0036,1.00567,-0.00024,1.0
701,11.7667,-12.966,11.154,93,1.01469,1.0057,0.0096,1.0
702,11.7835,-9.206,9.04,96,1.00398,1.00167,0.00018,1.0
703,11.8003,-8.618,9.384,100,1.00399,1.00193,3e-05,1.0
704,11.8171,-8.424,9.464,104,1.00525,1.00587,0.00125,1.0
705,11.8339,-5.204,8.622,107,1.0015,1.00591,-0.00196,1.0
706,11.8507,-3.516,9.273,99,0.99865,1.00538,-0.00509,1.0
707,11.8675,-3.902,10.016,112,1.00065,1.0052,-0.0035,1.0
708,11.8844,-5.046,10.823,106,1.004,0.99981,-0.0006,1.0
709,11.9012,-1.275,11.095,220,0.99977,0.99933,-0.00486,1.0
710,11.918,-0.638,9.564,191,1.00191,1.00243,-0.00192,1.0
711,11.9348,-0.136,9.619,212,1.00188,1.00237,-0.00196,1.0
712,11.9516,-1.578,13.392,253,1.00291,1.00233,-0.00292,1.0
713,11.9684,-1.053,12.93,193,1.0035,1.00365,-0.00208,1.0
714,11.9852,-0.89,11.986,89,1.00535,1.00518,0.00026,1.0
715,12.002,-0.257,12.837,111,1.00428,1.00432,-0.00123,1.0
716,12.0188,0.589,12.267,126,1.00439,1.00512,-0.00081,1.0
717,12.0356,1.24,13.654,99,1.0017,1.00575,-0.00419,1.0
718,12.0524,1.291,11.646,110,1.0055,1.00578,0.00064,1.0
719,12.0693,1.81,12.103,127,1.0048,1.00586,-0.00027,1.0
720,12.0861,1.485,13.168,106,1.00563,1.00575,-2e-05,1.0
721,12.1029,2.913,12.09,108,1.00497,1.00611,-7e-05,1.0
722,12.1197,2.693,12.388,105,1.00527,1.00638,6e-05,1.0
723,12.1365,3.048,11.713,100,1.00516,1.00483,0.00031,1.0
724,12.1533,3.151,12.366,100,1.00544,1.00535,0.00026,1.0
725,12.1701,3.206,12.376,117,1.0053,1.00706,0.00012,1.0
726,12.1869,2.336,11.625,109,1.00499,1.00596,0.00018,1.0
727,12.2037,0.603,10.628,118,1.00467,1.00511,0.00033,1.0
728,12.2205,-1.021,10.387,122,1.00257,1.00387,-0.00169,1.0
729,12.2374,-3.642,9.968,109,1.00214,1.00372,-0.00198,1.0
730,12.2542,-6.135,8.109,124,1.00341,1.00374,0.00018,1.0
731,12.271,-5.239,5.731,68,0.99934,1.00298,-0.00262,1.0
732,12.2878,-5.057,2.232,79,0.99761,0.99934,-0.00253,1.0
733,12.3046,-9.97,4.621,83,1.00216,1.00111,0.00064,1.0
734,12.3214,-10.625,3.602,100,1.00152,1.00324,0.00051,1.0
735,12.3382,-11.49,2.051,92,1.00097,0.99888,0.00074,1.0
736,12.355,-13.067,2.997,117,1.00083,1.00084,7e-05,1.0
737,12.3718,-12.471,1.405,151,0.99969,0.99968,-0.00023,1.0
738,12.3886,-12.547,0.291,162,0.99948,1.00004,0.00013,1.0
739,12.4054,-13.465,-0.651,180,0.99982,1.00023,0.00094,1.0
740,12.4223,-14.0,-0.231,186,0.9998,1.00142,0.00069,1.0
741,12.4391,-14.492,-0.925,166,0.99964,1.00159,0.00087,1.0
742,12.4559,-14.173,-0.644,152,0.99954,1.00096,0.00064,1.0
743,12.4727,-13.86,-1.973,123,1.00089,1.00076,0.00268,1.0
744,12.4895,-15.188,-1.685,153,0.99932,1.00093,0.00092,1.0
745,12.5063,-14.829,-2.174,142,0.99835,0.99961,0.00022,1.0
746,12.5231,-14.894,-2.1,139,1.00321,1.00083,0.00504,1.0
747,12.5399,-14.993,-0.617,168,0.99894,1.00048,-1e-05,1.0
748,12.5567,-15.261,-1.057,182,0.99952,1.00102,0.0008,1.0
749,12.5735,-15.795,-0.658,202,0.99978,1.00166,0.00084,1.0
750,12.5904,-15.161,-0.045,202,0.99972,1.00173,0.00047,1.0
751,12.6072,-14.801,-0.513,197,1.00007,1.00149,0.00108,1.0
752,12.624,-14.036,-0.132,218,0.99895,1.00147,-0.00022,1.0
753,12.6408,-15.363,1.454,167,1.0021,1.00078,0.00207,1.0
754,12.6576,-13.423,1.355,206,0.99873,1.00008,-0.00119,1.0
755,12.6744,-13.688,1.853,186,1.00105,0.9995,0.00087,1.0
756,12.6912,-14.385,2.046,187,1.00338,1.00345,0.00307,1.0
757,12.708,-12.497,1.789,178,1.00179,0.99807,0.00167,1.0
758,12.7248,-13.188,3.73,135,0.99899,1.00417,-0.00215,1.0
759,12.7416,-11.087,1.867,134,1.00135,1.00452,0.00123,1.0
760,12.7584,-13.325,5.513,70,1.00133,1.0029,-0.00074,1.0
761,12.7753,-13.559,5.351,58,1.00125,1.0032,-0.00074,1.0
762,12.7921,-13.855,6.346,63,1.00208,1.00393,-0.00044,1.0
763,12.8089,-13.679,6.06,67,1.00444,1.00389,0.00207,1.0
764,12.8257,-13.245,6.479,73,1.0027,1.00436,0.00012,1.0
765,12.8425,-13.28,7.005,67,1.00517,1.00325,0.00231,1.0
766,12.8593,-10.44,6.078,62,1.00185,1.0028,-0.00044,1.0
767,12.8761,-13.262,7.377,79,1.00382,1.00521,0.00077,1.0
768,12.8929,-11.428,7.107,70,0.99957,1.00397,-0.00328,1.0
769,12.9097,-9.992,6.194,70,1.00195,1.0042,-0.00038,1.0
770,12.9265,-14.145,10.346,66,1.00261,1.00532,-0.002,1.0
771,12.9434,-11.697,7.085,70,1.00206,0.99981,-0.00079,1.0
772,12.9602,-8.216,5.48,68,0.99636,1.00064,-0.00556,1.0
773,12.977,-10.861,6.663,63,1.00008,1.00401,-0.00252,1.0
774,12.9938,-11.96,7.932,101,1.00273,1.00512,-0.00056,1.0
775,13.0106,-11.484,7.71,90,1.00145,1.00479,-0.00171,1.0
776,13.0274,-12.514,8.328,102,1.00406,1.00575,0.00055,1.0
777,13.0442,-9.99,6.85,100,0.9978,1.00061,-0.00487,1.0
778,13.061,-11.52,7.609,106,1.00423,1.00597,0.00111,1.0
779,13.0778,-10.982,6.704,90,0.99961,1.00533,-0.00301,1.0
780,13.0946,-11.732,7.687,87,1.00497,1.00115,0.0018,1.0
781,13.1114,-11.868,8.201,105,1.00373,1.00188,0.0003,1.0
782,13.1283,-11.469,7.961,106,1.00292,1.0035,-0.00037,1.0
783,13.1451,-11.489,8.377,108,1.00292,1.0055,-0.00059,1.0
784,13.1619,-11.528,8.291,116,1.00317,1.0062,-0.00029,1.0
785,13.1787,-9.337,7.099,73,0.99503,1.00242,-0.00777,0.9923
786,13.1955,-12.923,10.208,99,1.00081,1.00349,-0.00368,0.9886
787,13.2123,-13.191,9.993,82,0.99873,1.00094,-0.00566,0.983
788,13.2291,-13.429,10.084,86,0.99695,0.99845,-0.0075,0.9757
789,13.2459,-15.435,12.72,97,0.99532,0.9951,-0.01056,0.9654
790,13.2627,-14.359,11.412,113,0.9924,0.9942,-0.01279,0.9532
791,13.2795,-12.469,9.739,102,0.98919,0.98967,-0.01511,0.9389
792,13.2964,-11.234,9.376,101,0.98543,0.99123,-0.0187,0.9215
793,13.3132,-13.969,11.056,113,0.98931,0.98848,-0.01571,0.9071
794,13.33,-13.971,11.201,115,0.98911,0.98924,-0.01599,0.8927
795,13.3468,-10.328,7.709,138,0.98615,0.98833,-0.01707,0.8776
796,13.3636,-10.199,6.944,122,0.98437,0.98815,-0.01848,0.8616
797,13.3804,-13.299,10.875,148,0.98765,0.98892,-0.01727,0.8468
798,13.3972,-13.579,11.996,144,0.98761,0.98932,-0.01791,0.8318
799,13.414,-13.026,12.024,142,0.98693,0.99036,-0.01859,0.8165
800,13.4308,-12.891,10.967,153,0.98824,0.99018,-0.01672,0.8029
801,13.4476,-12.773,11.523,144,0.98876,0.99044,-0.01647,0.7898
802,13.4644,-13.896,12.805,146,0.98796,0.9912,-0.01798,0.7757
803,13.4813,-12.271,10.502,159,0.99045,0.99259,-0.01422,0.7648
804,13.4981,-12.878,13.554,180,0.98673,0.98923,-0.01959,0.7499
805,13.5149,-13.578,12.554,178,0.98847,0.98966,-0.01732,0.7371
806,13.5317,-8.823,8.197,163,0.98859,0.99428,-0.01481,0.7262
807,13.5485,-15.702,15.744,130,0.99439,0.99348,-0.01306,0.7168
808,13.5653,-17.987,15.544,139,0.99758,0.99453,-0.00983,0.7098
809,13.5821,-13.211,12.996,144,0.99006,0.99472,-0.01594,0.6986
810,13.5989,-6.984,7.265,152,0.98925,0.9965,-0.01362,0.6891
811,13.6157,-10.029,9.286,157,0.9954,0.99661,-0.00855,0.6833
812,13.6325,-9.965,9.624,178,0.99779,0.99642,-0.00632,0.6789
813,13.6494,-10.449,9.702,176,0.99814,0.9984,-0.00603,0.6749
814,13.6662,-6.516,6.74,213,0.99275,0.99737,-0.0098,0.6683
815,13.683,-10.366,9.64,214,0.99878,0.9983,-0.00535,0.6647
816,13.6998,-5.769,6.349,213,0.99303,0.99837,-0.00929,0.6586
817,13.7166,-10.079,9.178,202,0.99976,0.99894,-0.00412,0.6559
818,13.7334,-9.611,9.356,184,0.99899,1.00026,-0.00497,0.6526
819,13.7502,-9.461,9.025,185,0.99962,0.99927,-0.00417,0.6499
820,13.767,-8.76,9.074,187,0.99967,0.99952,-0.00412,0.6472
821,13.7838,-9.589,9.135,206,1.00118,1.00003,-0.00266,0.6455
822,13.8006,-5.542,6.55,184,0.99369,1.0006,-0.00872,0.6399
823,13.8174,-6.106,6.691,195,0.99414,1.00168,-0.00836,0.6346
824,13.8343,-10.177,9.526,168,1.00197,1.00053,-0.0021,0.6332
825,13.8511,-8.85,8.806,188,1.00067,1.00116,-0.00298,0.6314
826,13.8679,-9.491,7.99,178,0.99829,1.00105,-0.00496,0.6282
827,13.8847,-9.783,9.504,197,1.00222,1.00135,-0.00183,0.6271
828,13.9015,-9.941,9.625,206,1.00285,1.00168,-0.00126,0.6263
829,13.9183,-3.92,5.782,174,0.99357,1.00145,-0.0084,0.6211
830,13.9351,-9.646,9.274,211,1.00306,1.0015,-0.00087,0.6205
831,13.9519,-9.639,7.959,197,0.99935,1.00193,-0.00388,0.6181
832,13.9687,-10.099,9.613,240,1.00358,1.00387,-0.00053,0.6178
833,13.9855,-10.021,9.426,227,1.00285,1.00315,-0.00117,0.6171
834,14.0024,-9.716,8.006,202,1.0004,1.00337,-0.00286,0.6153
835,14.0192,-10.032,8.931,198,1.00221,1.00225,-0.00154,0.6143
836,14.036,-9.688,8.98,214,1.00278,1.00241,-0.00099,0.6137
837,14.0528,-10.071,9.309,224,1.00315,1.00234,-0.0008,0.6132
838,14.0696,-10.312,9.279,224,1.00352,1.00458,-0.00042,0.613
839,14.0864,-9.538,8.877,220,1.00315,1.00242,-0.00056,0.6126
840,14.1032,-9.783,8.722,224,1.00384,1.00232,0.00019,0.6128
841,14.12,-10.247,9.161,222,1.00382,1.00245,-6e-05,0.6127
842,14.1368,-9.345,7.469,189,1.00088,1.00239,-0.0021,0.6114
843,14.1536,-10.316,9.487,199,1.00455,1.00243,0.00049,0.6117
844,14.1704,-10.051,9.043,203,1.00435,1.0026,0.00053,0.6121
845,14.1873,-5.647,5.901,195,0.99558,1.00241,-0.00649,0.6081
846,14.2041,-9.91,8.823,210,1.00325,1.00279,-0.00045,0.6078
847,14.2209,-10.292,9.642,211,1.00514,1.00265,0.00099,0.6084
848,14.2377,-10.118,8.928,211,1.00377,1.00318,1e-05,0.6084
849,14.2545,-10.322,9.134,222,1.00381,1.00357,-6e-05,0.6084
850,14.2713,-10.568,9.075,210,1.00347,1.00267,-0.00038,0.6082
851,14.2881,-10.072,8.863,220,1.00419,1.00257,0.00047,0.6085
852,14.3049,-9.601,8.539,201,1.00214,1.00281,-0.0014,0.6076
853,14.3217,-10.252,9.254,230,1.00402,1.00227,9e-05,0.6077
854,14.3385,-9.648,9.973,237,1.00471,1.00307,0.00042,0.6079
855,14.3554,-8.424,9.901,233,1.00408,1.00283,-0.00014,0.6078
856,14.3722,-7.523,10.25,239,1.00381,1.00328,-0.00057,0.6075
857,14.389,-6.634,10.508,229,1.00452,1.00322,3e-05,0.6075
858,14.4058,-5.072,10.982,237,1.00508,1.00309,0.00039,0.6077
859,14.4226,-0.306,9.317,212,1.00011,1.0036,-0.00357,0.6056
860,14.4394,-1.607,10.619,222,1.00343,1.00382,-0.00096,0.605
861,14.4562,0.231,10.977,273,1.00424,1.0045,-0.00029,0.6048
862,14.473,1.218,11.048,277,1.00467,1.00381,0.00012,0.6049
863,14.4898,2.665,10.455,262,1.00524,1.00346,0.00103,0.6055
864,14.5066,4.857,9.641,207,1.00256,1.00657,-0.00115,0.6048
865,14.5234,4.053,10.65,185,1.00623,1.00337,0.00196,0.606
866,14.5403,6.198,9.846,218,1.00437,1.00508,0.00058,0.6064
867,14.5571,7.348,9.366,219,1.00396,1.00517,0.00046,0.6066
868,14.5739,8.06,9.222,212,1.00369,1.00464,0.00028,0.6068
869,14.5907,8.645,8.642,350,1.00339,1.00482,0.00031,0.607
870,14.6075,9.782,7.718,338,1.00397,1.00497,0.00139,0.6078
871,14.6243,9.585,8.209,316,1.00332,1.00398,0.00049,0.6081
872,14.6411,10.2,8.206,297,1.00345,1.0045,0.00063,0.6085
873,14.6579,10.846,8.578,280,1.00351,1.00476,0.00052,0.6088
874,14.6747,10.637,7.964,327,1.00333,1.00493,0.00065,0.6092
875,14.6915,11.214,7.689,318,1.00335,1.00415,0.00083,0.6097
876,14.7084,11.599,8.382,304,1.00303,1.00454,0.00016,0.6098
877,14.7252,11.566,8.438,352,1.00247,1.00379,-0.00043,0.6096
878,14.742,11.764,7.816,379,1.0032,1.00423,0.00063,0.61
879,14.7588,11.534,7.732,393,1.00244,1.00416,-9e-05,0.6099
880,14.7756,11.653,8.159,384,1.00314,1.0048,0.00039,0.6101
881,14.7924,11.442,8.545,386,1.0025,1.00474,-0.00046,0.6099
882,14.8092,11.398,7.935,358,1.00289,1.00397,0.00024,0.61
883,14.826,12.227,7.275,299,1.00313,1.0049,0.00085,0.6105
884,14.8428,11.462,8.37,301,1.0032,1.00501,0.00033,0.6107
885,14.8596,11.171,8.992,255,1.00328,1.0043,8e-05,0.6108
886,14.8764,10.428,8.414,269,1.00313,1.00499,0.00021,0.6109
887,14.8933,10.004,9.065,276,1.00399,1.0041,0.00072,0.6113
888,14.9101,6.724,9.944,285,1.0038,1.00563,-2e-05,0.6113
889,14.9269,3.206,9.281,357,1.00351,1.00464,-6e-05,0.6113
890,14.9437,0.12,7.796,325,1.00316,1.00356,0.00028,0.6115
891,14.9605,-1.752,6.36,328,1.00414,1.00273,0.00195,0.6127
892,14.9773,-3.861,6.741,264,1.00705,1.00282,0.00458,0.6155
893,14.9941,-7.5,4.783,266,1.00163,1.00248,0.0001,0.6155
894,15.0109,-7.748,4.303,332,1.00244,1.00223,0.00115,0.6162
895,15.0277,-7.867,2.895,306,1.00181,1.00153,0.00125,0.617
896,15.0445,-10.373,2.88,344,1.00171,1.00098,0.00108,0.6177
897,15.0614,-11.541,2.712,347,1.00128,1.00051,0.00071,0.6181
898,15.0782,-10.534,0.826,323,1.00262,1.00073,0.00306,0.62
899,15.095,-11.634,1.71,334,1.00151,0.99994,0.00146,0.6209
900,15.1118,-12.443,1.895,383,1.00221,1.00066,0.00204,0.6222
901,15.1286,-13.28,1.165,389,1.00045,0.99916,0.00064,0.6226
902,15.1454,-13.499,1.252,457,1.00039,0.99961,0.00052,0.6229
903,15.1622,-14.096,0.986,400,1.00131,0.99972,0.00156,0.6239
904,15.179,-14.255,0.505,454,1.00075,0.99992,0.00125,0.6246
905,15.1958,-14.82,0.081,463,1.00045,0.99959,0.00115,0.6254
906,15.2126,-14.996,0.001,419,1.00037,0.99978,0.0011,0.6261
907,15.2295,-15.24,-0.669,411,1.00011,0.99881,0.00119,0.6268
908,15.2463,-15.454,-0.953,418,1.00038,1.00013,0.00161,0.6278
909,15.2631,-15.988,-1.281,403,1.00021,0.99923,0.00159,0.6288
910,15.2799,-15.461,-0.828,383,0.99993,0.99933,0.00108,0.6295
911,15.2967,-15.219,-1.843,365,0.99959,0.99888,0.00128,0.6303
912,15.3135,-16.7,-0.425,346,0.99862,0.99871,-0.00047,0.63
913,15.3303,-16.702,-0.976,318,0.99971,0.99848,0.00091,0.6306
914,15.3471,-15.039,-2.415,311,0.99951,0.99824,0.0015,0.6315
915,15.3639,-15.429,-2.472,304,0.99902,0.99849,0.00102,0.6322
916,15.3807,-15.426,-2.348,281,0.9994,0.99811,0.00135,0.633
917,15.3975,-15.216,-2.427,277,0.99894,0.999,0.00093,0.6336
918,15.4144,-14.792,-2.525,246,0.9988,0.99783,0.00085,0.6341
919,15.4312,-17.156,-1.706,244,1.00061,0.99816,0.00218,0.6355
920,15.448,-14.93,-2.595,228,0.999,0.99826,0.00109,0.6362
921,15.4648,-15.082,-2.436,212,0.99942,0.99789,0.00142,0.6371
922,15.4816,-15.318,-3.173,236,0.99906,0.99741,0.00144,0.638
923,15.4984,-15.831,-3.143,180,0.99872,0.99806,0.00107,0.6387
924,15.5152,-14.274,-3.914,161,0.9965,0.9977,-0.00072,0.6383
925,15.532,-15.833,-3.187,184,0.99816,0.99777,0.00053,0.6386
926,15.5488,-15.011,-2.877,189,0.99887,0.99774,0.0011,0.6393
927,15.5656,-14.838,-2.905,179,0.99868,0.99798,0.00092,0.6399
928,15.5825,-15.074,-2.84,181,0.99846,0.99834,0.00067,0.6403
929,15.5993,-14.487,-2.554,188,1.00056,0.99822,0.00263,0.642
930,15.6161,-15.281,-1.831,189,0.99991,0.9997,0.00159,0.643
931,15.6329,-15.613,-0.847,200,0.99966,1.00043,0.00082,0.6435
932,15.6497,-15.17,-0.133,233,0.99984,1.00008,0.00064,0.644
933,15.6665,-13.991,-0.071,213,0.99889,0.99937,-0.00031,0.6438
934,15.6833,-13.538,0.367,207,0.99765,0.99987,-0.00176,0.6426
935,15.7001,-14.777,2.162,145,1.00083,1.0008,0.00046,0.6429
936,15.7169,-14.243,2.528,132,1.00076,0.99967,0.00021,0.6431
937,15.7337,-14.427,3.439,135,1.00093,0.99936,-0.0001,0.643
938,15.7505,-11.455,4.531,139,1.0021,0.99842,0.00059,0.6434
939,15.7674,-13.415,4.585,132,0.99583,1.00213,-0.00577,0.6397
940,15.7842,-13.234,4.336,116,1.00185,1.0028,0.00039,0.6399
941,15.801,-13.379,6.608,92,1.00485,1.00087,0.0022,0.6413
942,15.8178,-12.759,5.287,118,0.99986,1.00017,-0.00208,0.64
943,15.8346,-11.008,4.008,91,0.9959,1.0004,-0.00534,0.6366
944,15.8514,-12.644,6.042,109,1.00115,1.00372,-0.00118,0.6358
945,15.8682,-12.669,5.889,88,1.0026,1.00026,0.00035,0.6361
946,15.885,-12.387,6.127,102,1.00178,1.00069,-0.00059,0.6357
947,15.9018,-11.605,7.992,93,1.00511,1.00027,0.00179,0.6368
948,15.9186,-12.223,6.535,103,1.00286,1.00008,0.00028,0.637
949,15.9355,-7.8,3.514,95,0.99307,0.99904,-0.00784,0.632
950,15.9523,-11.266,6.175,76,0.99752,1.00345,-0.00484,0.629
951,15.9691,-11.84,6.901,109,1.0001,1.00296,-0.00265,0.6273
952,15.9859,-13.296,8.223,95,1.00021,1.00117,-0.00326,0.6253
953,16.0027,-12.073,6.78,108,1.00301,1.00066,0.00031,0.6255
954,16.0195,-12.89,7.839,120,1.0034,1.00072,0.00013,0.6255
955,16.0363,-7.626,3.739,89,0.99194,1.00423,-0.00909,0.6199
956,16.0531,-11.763,6.76,113,1.00337,1.00018,0.00069,0.6203
957,16.0699,-12.269,7.296,106,1.00234,0.99964,-0.00063,0.6199
958,16.0867,-13.634,8.556,95,1.00014,0.99969,-0.00351,0.6177
959,16.1035,-12.157,7.41,115,1.00392,0.99952,0.00089,0.6183
960,16.1204,-12.206,7.559,106,1.00292,1.00436,-0.00019,0.6182
961,16.1372,-12.315,7.906,127,1.00785,1.00421,0.00454,0.621
962,16.154,-12.683,8.199,104,1.00617,1.00371,0.00271,0.6227
963,16.1708,-12.663,9.256,87,1.00892,1.00494,0.00488,0.6257
964,16.1876,-12.632,8.543,87,1.00407,1.00415,0.00044,0.626
965,16.2044,-12.221,8.061,95,1.00329,1.00366,-7e-05,0.626
966,16.2212,-9.056,6.583,89,0.99733,1.00166,-0.00518,0.6227
967,16.238,-13.158,10.029,88,1.00218,1.00107,-0.00223,0.6213
968,16.2548,-6.293,3.63,88,1.00151,1.00032,0.00061,0.6217
969,16.2716,-11.443,7.762,102,1.00767,1.00011,0.00446,0.6245
970,16.2885,-10.388,9.077,83,0.99728,1.00026,-0.00656,0.6204
971,16.3053,-13.303,10.71,91,1.0035,1.00164,-0.00127,0.6196
972,16.3221,-7.867,6.472,96,1.00251,1.00156,9e-05,0.6197
973,16.3389,-13.332,11.498,104,1.0017,1.00415,-0.00348,0.6175
974,16.3557,-14.01,12.522,89,1.00193,1.00104,-0.00379,0.6152
975,16.3725,-6.389,5.152,84,1.00276,1.00126,0.00106,0.6158
976,16.3893,-6.382,5.747,83,0.99392,1.00391,-0.0081,0.6109
977,16.4061,-11.389,9.522,88,1.00565,1.00186,0.00154,0.6118
978,16.4229,-10.232,8.73,112,1.00309,1.00449,-0.00056,0.6115
979,16.4397,-10.217,8.748,124,1.00379,1.00187,0.00012,0.6115
980,16.4565,-10.171,8.867,111,1.0036,1.00139,-0.00013,0.6115
981,16.4734,-10.282,8.369,116,1.00382,1.00129,0.00035,0.6117
982,16.4902,-9.889,8.912,99,1.00359,1.00108,-0.00015,0.6116
983,16.507,-9.982,8.767,108,1.00373,1.00267,6e-05,0.6116
984,16.5238,-10.642,9.568,121,1.00401,1.00552,-0.0001,0.6116
985,16.5406,-10.881,9.666,116,1.00479,1.00597,0.00062,0.6119
986,16.5574,-9.197,7.464,108,1.00367,1.00546,0.0007,0.6124
987,16.5742,-10.156,9.077,102,1.00458,1.00514,0.00073,0.6128
988,16.591,-10.49,9.119,126,1.00404,1.0038,0.00017,0.6129
989,16.6078,-9.991,9.004,115,1.00397,1.0015,0.00018,0.613
990,16.6246,-10.255,9.201,134,1.00335,1.00397,-0.00055,0.6127
991,16.6415,-10.283,9.436,147,1.00378,1.00316,-0.00025,0.6125
992,16.6583,-9.968,9.164,154,1.00382,1.00543,-6e-05,0.6125
993,16.6751,-9.993,9.21,135,1.00332,1.00471,-0.00058,0.6121
994,16.6919,-9.78,9.197,139,1.00296,1.00273,-0.00092,0.6116
995,16.7087,-10.121,9.379,151,1.004,1.00456,0.0,0.6116
996,16.7255,-10.198,9.416,121,1.00393,1.0023,-9e-05,0.6115
997,16.7423,-10.037,9.337,116,1.00397,1.00374,-0.0,0.6115
998,16.7591,-10.227,9.397,117,1.00408,1.00226,7e-05,0.6116
999,16.7759,-9.812,9.299,116,1.00376,1.00261,-0.00019,0.6114
1000,16.7927,-10.255,9.174,114,1.00407,1.0033,0.00018,0.6116
1001,16.8095,-10.047,9.407,110,1.00429,1.0022,0.00028,0.6117
1002,16.8264,-10.069,9.349,123,1.00435,1.00235,0.00037,0.612
1003,16.8432,-10.371,9.787,119,1.00408,1.0038,-0.00013,0.6119
1004,16.86,-9.897,9.142,124,1.00452,1.00453,0.00065,0.6123
1005,16.8768,-9.647,9.126,116,1.00364,1.00247,-0.00021,0.6122
1006,16.8936,-9.972,9.326,130,1.00399,1.00255,3e-05,0.6122
1007,16.9104,-10.08,9.621,135,1.00405,1.00257,-7e-05,0.6121
1008,16.9272,-9.916,9.164,136,1.0038,1.00246,-7e-05,0.6121
1009,16.944,-9.91,9.013,120,1.00309,1.00257,-0.0007,0.6116
1010,16.9608,-10.089,9.564,132,1.00423,1.00263,0.00014,0.6117
1011,16.9776,-10.136,9.715,123,1.00373,1.00257,-0.00044,0.6115
1012,16.9945,-10.531,9.972,132,1.00503,1.00276,0.00071,0.6119
1013,17.0113,-10.142,9.676,139,1.00436,1.00316,0.00021,0.612
1014,17.0281,-10.246,9.806,144,1.00449,1.00247,0.00027,0.6122
1015,17.0449,-9.765,8.42,125,1.0012,1.00247,-0.00228,0.6108
1016,17.0617,-10.252,9.751,167,1.00448,1.0026,0.00028,0.611
1017,17.0785,-10.035,9.449,166,1.00421,1.00262,0.00018,0.6111
1018,17.0953,-10.406,9.815,163,1.00459,1.00635,0.00036,0.6113
1019,17.1121,-10.137,9.723,171,1.00457,1.00303,0.00039,0.6115
1020,17.1289,-10.025,9.675,121,1.00469,1.00248,0.00054,0.6119
1021,17.1457,-8.754,8.581,105,1.00072,1.00246,-0.00282,0.6101
1022,17.1625,-9.964,9.543,117,1.00427,1.00589,0.0002,0.6103
1023,17.1794,-9.891,9.537,111,1.00424,1.00321,0.00017,0.6104
1024,17.1962,-11.032,10.273,105,1.00604,1.00258,0.00155,0.6113
1025,17.213,-9.675,9.198,101,1.00385,1.00523,-4e-05,0.6113
1026,17.2298,-10.392,8.799,102,1.00358,1.00271,-0.00012,0.6112
1027,17.2466,-6.84,7.914,91,0.99684,1.0049,-0.0063,0.6074
1028,17.2634,-10.06,8.257,90,1.00235,1.00267,-0.00106,0.6067
1029,17.2802,-9.832,9.435,119,1.00407,1.00269,5e-05,0.6068
1030,17.297,-10.08,9.967,115,1.00433,1.00548,3e-05,0.6068
1031,17.3138,-9.495,9.334,112,1.00382,1.00518,-0.00014,0.6067
1032,17.3306,-7.427,8.688,109,0.99785,1.00512,-0.0057,0.6033
1033,17.3475,-9.899,9.685,124,1.00429,1.0032,0.00014,0.6033
1034,17.3643,-12.177,11.625,112,1.00953,1.00429,0.00427,0.6059
1035,17.3811,-8.979,9.294,127,1.002,1.00302,-0.00191,0.6048
1036,17.3979,-7.598,9.137,119,0.99863,1.00413,-0.00516,0.6017
1037,17.4147,-10.227,10.227,143,1.00416,1.00482,-0.00028,0.6015
1038,17.4315,-9.611,9.637,137,1.00461,1.00577,0.00049,0.6018
1039,17.4483,-9.377,9.562,121,1.00314,1.00462,-0.00092,0.6012
1040,17.4651,-9.459,9.677,123,1.0034,1.0033,-0.00072,0.6008
1041,17.4819,-9.766,9.67,125,1.00422,1.00519,8e-05,0.6008
1042,17.4987,-10.02,10.073,132,1.00393,1.00268,-0.00042,0.6006
1043,17.5155,-9.404,9.174,141,1.00412,1.00543,0.00025,0.6007
1044,17.5324,-9.279,9.413,134,1.00479,1.00421,0.0008,0.6012
1045,17.5492,-9.915,9.852,128,1.00361,1.00542,-0.00062,0.6008
1046,17.566,-4.916,7.617,122,0.99724,1.00578,-0.0057,0.5974
1047,17.5828,-9.648,9.747,144,1.00423,1.00288,6e-05,0.5975
1048,17.5996,-9.359,9.249,157,1.00455,1.00543,0.00064,0.5978
1049,17.6164,-9.577,9.525,172,1.0043,1.0037,0.00025,0.598
1050,17.6332,-9.42,9.515,171,1.00433,1.00426,0.00028,0.5982
1051,17.65,-9.62,9.541,170,1.00435,1.00183,0.00029,0.5983
1052,17.6668,-8.489,8.15,163,1.00432,1.0059,0.00101,0.5989
1053,17.6836,-9.31,8.976,172,1.00491,1.00166,0.00115,0.5996
1054,17.7005,-8.899,8.682,165,1.00466,1.00352,0.00106,0.6003
1055,17.7173,-8.574,8.164,173,1.00509,1.00417,0.00176,0.6013
1056,17.7341,-5.088,6.257,156,0.99803,1.00458,-0.0042,0.5988
1057,17.7509,-9.025,10.873,159,1.00801,1.00164,0.00324,0.6007
1058,17.7677,-8.682,8.808,182,1.00392,1.00175,0.00026,0.6009
1059,17.7845,-8.855,8.664,189,1.00437,1.00179,0.00078,0.6014
1060,17.8013,-8.586,8.412,178,1.00407,1.00146,0.00062,0.6017
1061,17.8181,-9.065,8.891,134,1.00414,1.00178,0.00042,0.602
1062,17.8349,-5.696,6.815,128,0.99838,1.00124,-0.00416,0.5995
1063,17.8517,-8.397,8.176,146,1.00398,1.00225,0.00066,0.5999
1064,17.8685,-8.351,9.955,135,1.0087,1.00151,0.00442,0.6026
1065,17.8854,-8.122,8.023,141,1.00405,1.00266,0.00081,0.603
1066,17.9022,0.0,0.0,192,1.0,1.0,0.00116,0.6037
1067,17.919,0.0,0.0,192,1.0,1.0,0.00116,0.6044
1068,17.9358,0.0,0.0,192,1.0,1.0,0.00116,0.6051
1069,17.9526,-37.485,33.274,82,1.00241,1.00603,-0.01473,0.5963
1070,17.9694,-3.818,4.895,156,0.99836,1.00108,-0.00313,0.5944
1071,17.9862,-9.616,8.942,159,1.00739,1.00137,0.00362,0.5966
1072,18.003,-7.837,7.924,174,1.00368,1.00136,0.00051,0.5969
1073,18.0198,-8.645,8.664,182,1.00343,1.00112,-0.00015,0.5968
1074,18.0366,-8.965,9.035,196,1.00381,1.00129,2e-05,0.5968
1075,18.0535,-9.076,9.029,203,1.00399,1.00083,0.0002,0.5969
1076,18.0703,-9.305,9.062,186,1.00584,1.00226,0.00202,0.5981
1077,18.0871,-6.311,7.659,162,0.99924,1.00157,-0.00375,0.5959
1078,18.1039,-9.507,9.857,200,1.00424,1.00386,1e-05,0.5959
1079,18.1207,-8.775,8.953,189,1.00361,1.0026,-0.00013,0.5958
1080,18.1375,-8.941,9.276,186,1.00343,1.00518,-0.00048,0.5955
1081,18.1543,-9.126,9.864,178,1.00424,1.00338,2e-05,0.5956
1082,18.1711,-8.924,8.873,174,1.00335,1.00175,-0.00035,0.5953
1083,18.1879,-5.351,7.511,153,0.99607,1.00385,-0.00682,0.5913
1084,18.2047,-8.822,9.513,174,1.0045,1.00517,0.00047,0.5916
1085,18.2215,-9.18,9.13,162,1.00347,1.00496,-0.00036,0.5914
1086,18.2384,-9.476,9.958,170,1.00451,1.00196,0.00024,0.5915
1087,18.2552,-9.317,9.451,163,1.00275,1.00188,-0.00126,0.5908
1088,18.272,-8.827,8.405,153,1.00352,1.00131,7e-05,0.5908
1089,18.2888,-9.108,9.517,171,1.00367,1.00166,-0.00037,0.5906
1090,18.3056,-6.622,8.771,156,0.99885,1.00179,-0.00472,0.5878
1091,18.3224,-8.534,9.663,164,1.00379,1.00145,-0.00031,0.5876
1092,18.3392,-7.052,11.617,155,1.00239,1.00332,-0.00267,0.586
1093,18.356,-6.632,10.307,176,1.003,1.00388,-0.00138,0.5852
1094,18.3728,-3.623,10.06,179,0.99874,1.0038,-0.00542,0.5821
1095,18.3896,-4.144,11.213,191,1.00391,1.0063,-0.00087,0.5816
1096,18.4065,-2.165,10.789,213,1.00504,1.00559,0.00053,0.5819
1097,18.4233,-0.665,11.21,237,1.00373,1.0054,-0.00095,0.5813
1098,18.4401,0.45,10.992,281,1.00459,1.00554,5e-05,0.5813
1099,18.4569,1.843,10.404,281,1.00491,1.00593,0.00072,0.5818
1100,18.4737,3.752,9.978,261,1.00457,1.00661,0.00065,0.5821
1101,18.4905,4.433,10.491,224,1.00464,1.00565,0.00047,0.5824
1102,18.5073,5.523,10.242,271,1.00438,1.00503,0.00037,0.5826
1103,18.5241,7.162,9.589,250,1.00427,1.00548,0.00064,0.583
1104,18.5409,7.401,9.201,252,1.00201,1.00504,-0.0014,0.5822
1105,18.5577,8.439,8.69,262,1.00397,1.0056,0.00085,0.5827
1106,18.5746,8.887,8.752,314,1.00405,1.00521,0.00091,0.5832
1107,18.5914,9.7,8.508,341,1.00375,1.0053,0.00076,0.5837
1108,18.6082,9.899,8.061,304,1.00337,1.00469,0.00062,0.584
1109,18.625,10.017,8.122,276,1.00366,1.00548,0.00088,0.5845
1110,18.6418,10.512,8.171,303,1.00366,1.00516,0.00086,0.585
1111,18.6586,10.843,8.179,285,1.00302,1.00505,0.00023,0.5852
1112,18.6754,10.777,7.684,325,1.00373,1.00515,0.00119,0.5859
1113,18.6922,10.84,8.095,316,1.00354,1.00511,0.00079,0.5863
1114,18.709,11.038,7.968,301,1.00373,1.0053,0.00105,0.587
1115,18.7258,11.194,8.401,342,1.00378,1.00541,0.00089,0.5875
1116,18.7426,11.39,8.25,339,1.00313,1.00524,0.00032,0.5877
1117,18.7595,11.083,8.018,357,1.00358,1.00495,0.00088,0.5882
1118,18.7763,11.217,8.206,333,1.00375,1.00578,0.00096,0.5887
1119,18.7931,11.383,7.894,210,1.00371,1.00519,0.00108,0.5894
1120,18.8099,11.638,8.606,204,1.00396,1.00562,0.00097,0.59
1121,18.8267,10.726,7.821,197,1.00411,1.00531,0.0015,0.5908
1122,18.8435,12.391,8.881,188,1.00427,1.00563,0.00116,0.5915
1123,18.8603,11.386,7.897,183,1.0036,1.00519,0.00097,0.5921
1124,18.8771,11.845,8.555,194,1.00379,1.00579,0.00084,0.5926
1125,18.8939,12.064,9.281,197,1.00453,1.00531,0.0012,0.5933
1126,18.9107,11.607,8.215,186,1.00367,1.00548,0.00089,0.5938
1127,18.9276,11.51,8.264,196,1.00332,1.00561,0.00051,0.5941
1128,18.9444,11.312,7.956,202,1.00359,1.00502,0.00094,0.5947
1129,18.9612,11.387,7.86,213,1.00349,1.0059,0.00089,0.5952
1130,18.978,11.09,7.862,194,1.00319,1.00536,0.00058,0.5956
1131,18.9948,11.126,7.835,177,1.00178,1.00551,-0.00081,0.5951
1132,19.0116,11.186,7.766,184,1.00274,1.00584,0.00017,0.5952
1133,19.0284,10.487,8.328,189,1.00343,1.00632,0.00055,0.5955
1134,19.0452,11.166,8.376,191,1.00368,1.00609,0.0008,0.596
1135,19.062,10.872,7.915,171,1.00339,1.00387,0.00074,0.5964
1136,19.0788,10.925,7.832,160,1.00287,1.0061,0.00027,0.5966
1137,19.0956,10.857,8.252,174,1.00314,1.00598,0.00032,0.5968
1138,19.1125,10.63,8.019,175,1.00363,1.0057,0.00092,0.5973
1139,19.1293,10.816,8.549,174,1.00376,1.00642,0.00078,0.5978
1140,19.1461,10.574,8.513,162,1.00415,1.00639,0.00118,0.5985
1141,19.1629,10.44,8.078,109,1.00469,1.00625,0.00194,0.5997
1142,19.1797,10.477,8.322,138,1.00333,1.00276,0.00046,0.5999
1143,19.1965,9.639,8.995,121,1.00562,1.00597,0.00236,0.6014
1144,19.2133,7.092,5.014,117,0.99403,1.00576,-0.00723,0.597
1145,19.2301,10.331,8.495,118,1.00606,1.00201,0.00309,0.5989
1146,19.2469,9.701,8.11,120,1.00404,1.00203,0.00126,0.5996
1147,19.2637,9.391,9.514,122,1.00751,1.0022,0.00396,0.602
1148,19.2806,10.102,11.478,109,1.01317,1.00341,0.00858,0.6072
1149,19.2974,8.695,7.439,104,1.00085,1.00285,-0.00161,0.6062
1150,19.3142,9.17,8.777,114,1.00553,1.00182,0.00238,0.6077
1151,19.331,8.635,8.532,130,1.00506,1.00257,0.00202,0.6089
1152,19.3478,8.241,5.716,115,0.99641,1.0027,-0.00518,0.6057
1153,19.3646,9.302,9.009,128,1.00526,1.0042,0.00199,0.6069
1154,19.3814,9.268,9.729,140,1.00767,1.00346,0.00401,0.6094
1155,19.3982,9.14,9.215,135,1.00585,1.00304,0.00247,0.6109
1156,19.415,9.659,9.564,145,1.00447,1.00415,0.00092,0.6115
1157,19.4318,9.025,9.221,142,1.00673,1.0042,0.00333,0.6135
1158,19.4486,8.998,9.07,157,1.00552,1.00207,0.00221,0.6149
1159,19.4655,9.128,10.383,155,1.0085,1.00392,0.00449,0.6176
1160,19.4823,8.915,10.251,148,1.00804,1.00259,0.0041,0.6202
1161,19.4991,8.652,8.099,111,1.00062,1.0021,-0.00218,0.6188
1162,19.5159,8.6,8.417,121,1.00357,1.00146,0.00059,0.6192
1163,19.5327,4.489,2.645,115,0.98388,1.00213,-0.01634,0.6091
1164,19.5495,7.458,6.329,125,0.99796,1.00277,-0.00396,0.6067
1165,19.5663,9.217,9.086,106,1.00141,1.00519,-0.00189,0.6056
1166,19.5831,6.15,5.652,124,0.9932,1.00397,-0.00843,0.6005
1167,19.5999,7.242,6.744,111,0.99691,1.00465,-0.00524,0.5974
1168,19.6167,6.75,6.245,115,0.99241,1.00429,-0.00951,0.5917
1169,19.6336,7.98,8.191,105,1.00155,1.00291,-0.00132,0.5909
1170,19.6504,7.5,7.932,111,0.99923,1.00402,-0.00352,0.5889
1171,19.6672,7.76,10.322,134,1.01177,1.00376,0.00773,0.5934
1172,19.684,5.346,5.855,135,0.9936,1.00419,-0.00815,0.5886
1173,19.7008,4.989,6.336,122,0.99416,1.0034,-0.00785,0.584
1174,19.7176,6.605,10.709,143,1.00481,1.00323,0.00059,0.5844
1175,19.7344,4.683,8.028,132,0.9965,1.00322,-0.00638,0.5806
1176,19.7512,6.241,11.924,142,1.00794,1.00269,0.00305,0.5824
1177,19.768,3.383,8.963,124,0.9963,1.00359,-0.0071,0.5783
1178,19.7848,1.292,7.664,126,0.99373,1.0038,-0.00907,0.5731
1179,19.8016,3.011,9.863,116,1.00225,1.00439,-0.00162,0.5721
1180,19.8185,3.028,11.519,122,1.00365,1.00478,-0.00108,0.5715
1181,19.8353,0.264,8.818,113,0.99623,1.00352,-0.00719,0.5674
1182,19.8521,1.851,10.539,126,0.99885,1.00099,-0.00541,0.5644
1183,19.8689,0.043,10.861,137,1.00241,1.00297,-0.00207,0.5632
1184,19.8857,0.11,10.808,133,1.00204,1.00202,-0.00241,0.5619
1185,19.9025,1.031,11.618,125,1.00321,1.00329,-0.00163,0.5609
1186,19.9193,-1.041,11.905,130,1.00107,1.00302,-0.00397,0.5587
1187,19.9361,-2.129,10.805,112,1.00184,1.00298,-0.00267,0.5572
1188,19.9529,-0.891,11.831,134,1.00432,1.00359,-0.00069,0.5568
1189,19.9697,-0.193,16.429,103,1.01024,1.00309,0.00282,0.5584
1190,19.9866,1.268,14.23,110,1.00333,1.0037,-0.00286,0.5568
1191,20.0034,-1.249,11.581,135,1.00389,1.00499,-0.001,0.5563
1192,20.0202,-0.074,12.44,128,1.00314,1.00409,-0.00216,0.5551
1193,20.037,-0.816,11.85,139,1.00365,1.00431,-0.00136,0.5543
1194,20.0538,-4.079,10.259,129,0.99959,1.00457,-0.00468,0.5517
1195,20.0706,-1.819,12.166,141,1.00601,1.00481,0.00079,0.5522
1196,20.0874,-1.782,12.017,134,1.0069,1.00497,0.00176,0.5531
1197,20.1042,-1.598,12.807,155,1.00428,1.00382,-0.00125,0.5524
1198,20.121,-1.665,11.879,132,1.00188,1.00429,-0.00317,0.5507
1199,20.1378,-0.504,12.876,132,1.00224,1.00381,-0.00329,0.5489
1200,20.1546,-0.615,12.785,132,1.00154,1.00413,-0.00395,0.5467
1201,20.1715,-2.126,11.735,151,1.00501,1.00518,1e-05,0.5467
1202,20.1883,-2.144,11.587,131,1.00557,1.0043,0.00065,0.5471
1203,20.2051,-1.838,11.898,158,1.00544,1.00528,0.00036,0.5473
1204,20.2219,-1.957,12.395,135,1.0025,1.0047,-0.00282,0.5457
1205,20.2387,-2.675,11.693,163,1.00503,1.0041,4e-05,0.5458
1206,20.2555,-2.36,12.295,128,1.00253,1.00446,-0.00275,0.5443
1207,20.2723,-2.116,12.461,148,1.00383,1.00425,-0.00154,0.5434
1208,20.2891,-2.645,11.868,159,1.00495,1.00414,-0.00014,0.5433
1209,20.3059,-2.461,12.208,159,1.00485,1.00503,-0.0004,0.5431
1210,20.3227,-2.884,11.916,160,1.00579,1.00532,0.00067,0.5435
1211,20.3396,-3.353,11.756,157,1.00518,1.00456,0.00014,0.5436
1212,20.3564,-3.315,11.255,177,1.00569,1.00557,0.0009,0.5441
1213,20.3732,-3.268,11.725,168,1.0058,1.00549,0.00077,0.5445
1214,20.39,-3.197,11.992,153,1.00543,1.00481,0.00027,0.5446
1215,20.4068,-3.654,11.623,184,1.00539,1.00514,0.0004,0.5448
1216,20.4236,-3.986,11.846,203,1.00533,1.00541,0.00022,0.545
1217,20.4404,-4.07,11.762,200,1.00469,1.0053,-0.00037,0.5448
1218,20.4572,-4.44,10.975,179,1.00551,1.00538,0.00084,0.5452
1219,20.474,-4.588,11.748,200,1.00518,1.00475,0.00011,0.5453
1220,20.4908,-4.823,11.444,224,1.00519,1.00536,0.00026,0.5454
1221,20.5076,-5.101,11.877,199,1.00539,1.00606,0.00024,0.5456
1222,20.5245,-5.337,11.541,234,1.00543,1.00503,0.00044,0.5458
1223,20.5413,-5.648,11.39,219,1.0051,1.00589,0.00018,0.5459
1224,20.5581,-6.274,11.115,228,1.0054,1.00473,0.00061,0.5462
1225,20.5749,-6.107,10.887,226,1.00498,1.00594,0.00031,0.5464
1226,20.5917,-6.497,11.282,210,1.00562,1.00619,0.00073,0.5468
1227,20.6085,-6.907,10.648,193,1.00541,1.00621,0.00084,0.5473
1228,20.6253,-7.41,10.161,211,1.00509,1.00549,0.00076,0.5477
1229,20.6421,-7.416,11.106,230,1.00759,1.00555,0.00276,0.5492
1230,20.6589,-8.121,9.791,225,1.00552,1.00568,0.00136,0.5499
1231,20.6757,-8.699,10.837,226,1.00517,1.0059,0.00045,0.5502
1232,20.6926,-8.711,9.513,221,1.00441,1.00539,0.00039,0.5504
1233,20.7094,-8.745,10.211,224,1.0056,1.00631,0.00121,0.5511
1234,20.7262,-8.775,10.154,203,1.00492,1.0049,0.00056,0.5514
1235,20.743,-9.673,9.818,246,1.00475,1.00546,0.00054,0.5517
1236,20.7598,-9.744,9.006,220,1.0043,1.00413,0.0005,0.5519
1237,20.7766,-9.913,8.578,213,1.00427,1.00498,0.00069,0.5523
1238,20.7934,-9.939,8.94,238,1.00369,1.00531,-7e-05,0.5523
1239,20.8102,-10.012,8.875,246,1.0043,1.00388,0.00057,0.5526
1240,20.827,-10.284,8.606,260,1.00364,1.00285,4e-05,0.5526
1241,20.8438,-10.483,8.638,253,1.00417,1.00507,0.00055,0.5529
1242,20.8606,-10.421,8.498,258,1.00373,1.0039,0.00019,0.553
1243,20.8775,-9.589,8.654,200,1.00665,1.00499,0.00303,0.5547
1244,20.8943,-10.796,7.774,249,1.00434,1.00524,0.00115,0.5554
1245,20.9111,-10.946,8.287,251,1.00346,1.00604,1e-05,0.5554
1246,20.9279,-10.415,8.148,287,1.00381,1.00523,0.00044,0.5556
1247,20.9447,-10.236,8.525,303,1.00412,1.00583,0.00056,0.5559
1248,20.9615,-10.418,8.803,280,1.00458,1.00544,0.00087,0.5564
1249,20.9783,-10.718,8.323,299,1.00428,1.00376,0.00081,0.5569
1250,20.9951,-10.636,8.365,265,1.00405,1.0049,0.00056,0.5572
1251,21.0119,-10.636,8.291,298,1.004,1.00469,0.00056,0.5575
1252,21.0287,-10.627,8.146,288,1.00372,1.00548,0.00035,0.5577
1253,21.0456,-10.736,8.494,268,1.00396,1.00537,0.00041,0.5579
1254,21.0624,-10.631,8.355,296,1.0042,1.00583,0.00072,0.5583
1255,21.0792,-10.912,8.558,188,1.00393,1.00569,0.00034,0.5585
1256,21.096,-10.993,7.808,315,1.00367,1.00576,0.00047,0.5588
1257,21.1128,-10.931,8.179,309,1.00379,1.00483,0.0004,0.559
1258,21.1296,-11.36,8.413,283,1.00373,1.00579,0.0002,0.5591
1259,21.1464,-10.648,8.6,236,1.00443,1.00587,0.00082,0.5596
1260,21.1632,-11.185,8.163,248,1.00396,1.0058,0.00056,0.5599
1261,21.18,-10.58,8.47,293,1.00409,1.00616,0.00055,0.5602
1262,21.1968,-11.101,8.585,259,1.00369,1.00567,9e-05,0.5602
1263,21.2136,-10.768,8.189,162,1.00382,1.00581,0.00043,0.5605
1264,21.2305,-10.589,6.834,235,1.00331,1.00549,0.00062,0.5608
1265,21.2473,-11.337,9.175,225,1.00341,1.0063,-0.00051,0.5605
1266,21.2641,-9.944,7.122,227,1.00342,1.00571,0.00061,0.5609
1267,21.2809,-10.917,8.075,222,1.00367,1.00581,0.00033,0.5611
1268,21.2977,-10.756,7.861,242,1.00347,1.00576,0.00025,0.5612
1269,21.3145,-10.849,8.015,255,1.0034,1.00595,0.0001,0.5612
1270,21.3313,-11.093,8.405,226,1.00372,1.00612,0.0002,0.5614
1271,21.3481,-10.745,7.791,229,1.00349,1.00562,0.00031,0.5615
1272,21.3649,-11.101,7.975,196,1.00301,1.00314,-0.00028,0.5614
1273,21.3817,-11.002,8.066,201,1.0037,1.00541,0.00036,0.5616
1274,21.3986,-10.886,8.181,213,1.00403,1.0055,0.00064,0.5619
1275,21.4154,-11.097,8.418,248,1.00384,1.00574,0.00032,0.5621
1276,21.4322,-10.531,8.096,220,1.00356,1.00354,0.00022,0.5622
1277,21.449,-10.372,8.62,204,1.00344,1.00569,-0.00017,0.5621
1278,21.4658,-10.4,7.353,202,1.00362,1.00399,0.00067,0.5625
1279,21.4826,-10.961,7.967,211,1.00334,1.00351,6e-05,0.5626
1280,21.4994,-11.284,8.409,209,1.00418,1.00415,0.00066,0.5629
1281,21.5162,-10.776,7.824,207,1.00376,1.00385,0.00055,0.5632
1282,21.533,-10.886,7.913,210,1.0033,1.00321,5e-05,0.5633
1283,21.5498,-10.151,8.75,200,1.00504,1.00371,0.00136,0.564
1284,21.5666,-10.477,8.208,222,1.00319,1.00369,-0.0002,0.5639
1285,21.5835,-10.774,8.321,226,1.0035,1.00352,4e-05,0.5639
1286,21.6003,-11.098,8.297,238,1.00364,1.00172,0.00018,0.564
1287,21.6171,-10.941,8.039,250,1.00357,1.00268,0.00025,0.5642
1288,21.6339,-10.77,7.917,254,1.00379,1.00366,0.00053,0.5645
1289,21.6507,-10.933,8.818,254,1.00339,1.00198,-0.00033,0.5643
1290,21.6675,-11.015,7.921,262,1.00347,1.00465,0.0002,0.5644
1291,21.6843,-11.083,7.961,254,1.00336,1.00386,8e-05,0.5645
1292,21.7011,-11.21,8.317,270,1.00355,1.00422,7e-05,0.5645
1293,21.7179,-10.784,7.648,275,1.00392,1.00429,0.00081,0.565
1294,21.7347,-11.119,7.873,302,1.00333,1.00135,9e-05,0.565
1295,21.7516,-11.444,8.04,283,1.00333,1.00436,-0.0,0.565
1296,21.7684,-11.124,7.692,283,1.00366,1.0041,0.00051,0.5653
1297,21.7852,-11.376,8.179,301,1.00348,1.0047,8e-05,0.5653
1298,21.802,-10.908,7.936,296,1.00349,1.00381,0.00022,0.5655
1299,21.8188,-10.96,7.815,290,1.00312,1.00135,-8e-05,0.5654
1300,21.8356,-11.548,7.783,260,1.00412,1.00447,0.00091,0.5659
1301,21.8524,-11.031,7.61,290,1.00326,1.00443,0.00016,0.566
1302,21.8692,-11.272,8.078,277,1.00308,1.00429,-0.00027,0.5659
1303,21.886,-11.536,8.061,281,1.00324,1.0049,-0.00011,0.5658
1304,21.9028,-11.258,7.347,285,1.00331,1.00445,0.00034,0.566
1305,21.9197,-11.68,8.161,271,1.00324,1.00417,-0.00017,0.5659
1306,21.9365,-11.333,7.939,301,1.0035,1.00492,0.00022,0.566
1307,21.9533,-11.675,7.738,289,1.00294,1.00496,-0.00025,0.5659
1308,21.9701,-11.202,7.663,300,1.00327,1.00354,0.00014,0.566
1309,21.9869,-11.834,7.932,301,1.00364,1.00461,0.00035,0.5662
1310,22.0037,-10.94,7.427,283,1.0036,1.00211,0.00059,0.5665
1311,22.0205,-12.003,7.806,282,1.00356,1.00486,0.00033,0.5667
1312,22.0373,-11.632,8.106,307,1.00361,1.00385,0.00023,0.5668
1313,22.0541,-11.822,7.435,271,1.00291,1.00246,-0.00012,0.5667
1314,22.0709,-12.421,7.365,271,1.00337,1.00485,0.00036,0.5669
1315,22.0877,-12.043,7.72,275,1.00342,1.00191,0.00023,0.5671
1316,22.1046,-11.531,6.691,245,1.00132,1.00467,-0.00131,0.5663
1317,22.1214,-11.644,7.754,279,1.00398,1.00494,0.00078,0.5668
1318,22.1382,-11.938,7.132,267,1.00307,1.0022,0.00019,0.5669
1319,22.155,-12.037,7.13,296,1.0039,1.00382,0.00102,0.5675
1320,22.1718,-12.155,7.433,279,1.00322,1.004,0.00018,0.5676
1321,22.1886,-12.034,7.658,301,1.00359,1.00252,0.00043,0.5678
1322,22.2054,-11.807,7.548,325,1.00397,1.00333,0.00088,0.5683
1323,22.2222,-12.139,7.436,288,1.00395,1.00476,0.00091,0.5688
1324,22.239,-12.261,7.483,321,1.00344,1.00256,0.00037,0.569
1325,22.2558,-11.618,6.457,259,1.00107,1.00317,-0.00145,0.5682
1326,22.2727,-12.321,7.743,310,1.00388,1.00279,0.00067,0.5686
1327,22.2895,-11.747,7.189,317,1.00404,1.00458,0.00114,0.5692
1328,22.3063,-12.337,7.15,290,1.00314,1.00311,0.00024,0.5694
1329,22.3231,-12.169,7.156,267,1.00228,1.00241,-0.00062,0.569
1330,22.3399,-12.492,7.562,229,1.0037,1.00311,0.00059,0.5694
1331,22.3567,-12.106,7.192,233,1.00354,1.00322,0.00062,0.5697
1332,22.3735,-12.49,8.102,212,1.00462,1.00243,0.00122,0.5704
1333,22.3903,-12.318,7.978,198,1.00399,1.00392,0.00066,0.5708
1334,22.4071,-12.549,8.067,189,1.00198,1.00311,-0.0014,0.57
1335,22.4239,-12.016,6.952,224,1.00339,1.00263,0.0006,0.5703
1336,22.4407,-12.717,7.199,228,1.00294,1.00543,1e-05,0.5703
1337,22.4576,-12.157,7.409,229,1.00317,1.00263,0.00014,0.5704
1338,22.4744,-11.816,7.117,215,1.00332,1.00322,0.00046,0.5707
1339,22.4912,-10.049,8.683,169,1.00831,1.00391,0.00465,0.5733
1340,22.508,-12.29,7.255,182,1.00214,1.00261,-0.0008,0.5729
1341,22.5248,-13.454,6.489,201,1.00314,1.00406,0.00055,0.5732
1342,22.5416,-12.128,7.491,222,1.00271,1.00402,-0.00036,0.573
1343,22.5584,-12.367,7.456,231,1.00305,1.00336,-1e-05,0.573
1344,22.5752,-12.688,7.335,241,1.00279,1.00371,-0.00021,0.5729
1345,22.592,-12.033,7.184,232,1.00312,1.00394,0.00021,0.573
1346,22.6088,-12.733,7.329,216,1.00298,1.00225,-2e-05,0.573
1347,22.6257,-12.269,6.705,228,1.00273,1.00327,6e-05,0.573
1348,22.6425,-12.594,8.407,252,1.00371,1.00427,0.00015,0.5731
1349,22.6593,-12.422,7.454,244,1.00316,1.00366,0.0001,0.5732
1350,22.6761,-13.169,7.149,220,1.00158,1.00388,-0.00134,0.5724
1351,22.6929,-13.202,7.042,265,1.00331,1.00473,0.00044,0.5726
1352,22.7097,-12.609,7.531,260,1.00328,1.00329,0.00018,0.5727
1353,22.7265,-13.112,7.369,276,1.0033,1.00421,0.00027,0.5729
1354,22.7433,-12.982,6.743,283,1.00325,1.0035,0.00055,0.5732
1355,22.7601,-12.915,6.95,267,1.00248,1.00314,-0.00033,0.573
1356,22.7769,-13.144,6.993,230,1.0044,1.00374,0.00155,0.5739
1357,22.7937,-12.62,6.493,346,1.00219,1.00288,-0.00037,0.5737
1358,22.8106,-13.197,7.483,331,1.00364,1.00305,0.00055,0.574
1359,22.8274,-12.627,6.208,302,1.00243,1.00316,2e-05,0.574
1360,22.8442,-13.875,7.081,397,1.00353,1.0033,0.00063,0.5744
1361,22.861,-13.843,7.72,380,1.00372,1.00353,0.00048,0.5747
1362,22.8778,-14.1,6.573,334,1.00332,1.00264,0.00067,0.575
1363,22.8946,-13.336,6.508,324,1.00319,1.00336,0.0006,0.5754
1364,22.9114,-13.478,6.977,393,1.00304,1.00336,0.0002,0.5755
1365,22.9282,-13.848,7.305,309,1.00324,1.0027,0.00022,0.5756
1366,22.945,-13.627,6.634,357,1.00191,1.00321,-0.00075,0.5752
1367,22.9618,-14.529,7.281,400,1.00248,1.00348,-0.00054,0.5749
1368,22.9787,-13.564,6.76,351,1.00214,1.00359,-0.00059,0.5745
1369,22.9955,-14.389,7.68,282,1.00223,1.00288,-0.001,0.574
1370,23.0123,-13.848,7.276,305,1.00134,1.0025,-0.00166,0.573
1371,23.0291,-13.84,7.103,325,1.00224,1.00326,-0.00067,0.5726
1372,23.0459,-14.798,7.167,351,1.00197,1.00328,-0.001,0.5721
1373,23.0627,-13.944,7.502,356,1.0025,1.00309,-0.00062,0.5717
1374,23.0795,-14.569,7.129,296,1.00287,1.00327,-8e-05,0.5717
1375,23.0963,-13.624,6.29,301,1.00239,1.00264,-0.0001,0.5716
1376,23.1131,-13.962,6.525,315,1.00159,1.00331,-0.00102,0.571
1377,23.1299,-13.654,6.236,335,1.00222,1.00218,-0.00024,0.5709
1378,23.1467,-14.112,6.418,377,1.00283,1.00337,0.00026,0.571
1379,23.1636,-14.734,7.116,339,1.00108,1.0033,-0.00186,0.57
1380,23.1804,-13.457,5.627,307,1.00217,1.0037,3e-05,0.57
1381,23.1972,-13.703,5.755,390,1.00242,1.00432,0.00021,0.5701
1382,23.214,-14.507,6.819,344,1.0025,1.00377,-0.00028,0.5699
1383,23.2308,-14.723,6.564,360,1.00222,1.00356,-0.00043,0.5697
1384,23.2476,-13.577,5.425,348,1.00233,1.00389,0.0003,0.5699
1385,23.2644,-13.604,5.511,302,1.00299,1.00302,0.0009,0.5704
1386,23.2812,-14.01,5.892,331,1.00328,1.00262,0.00099,0.5709
1387,23.298,-14.135,4.966,346,1.0022,1.00309,0.00039,0.5712
1388,23.3148,-14.401,5.124,355,1.00261,1.00324,0.00071,0.5716
1389,23.3317,-15.265,5.928,347,1.00111,1.00282,-0.00123,0.5709
1390,23.3485,-15.087,5.16,350,1.00095,1.00313,-0.00099,0.5703
1391,23.3653,-14.805,4.79,305,1.00036,1.00258,-0.00138,0.5695
1392,23.3821,-14.674,3.326,326,0.99887,1.00355,-0.00211,0.5683
1393,23.3989,-16.412,5.298,378,1.00002,1.00233,-0.00202,0.5672
1394,23.4157,-15.566,4.683,352,1.00178,1.00198,8e-05,0.5672
1395,23.4325,-15.085,5.074,336,1.00242,1.00205,0.00052,0.5675
1396,23.4493,-15.447,3.41,352,1.00132,1.00142,0.00028,0.5677
1397,23.4661,-15.396,3.23,343,1.0002,1.00241,-0.00075,0.5672
1398,23.4829,-15.707,4.007,309,1.00071,1.00115,-0.00065,0.5669
1399,23.4997,-15.012,2.794,342,1.00143,1.00126,0.00072,0.5673
1400,23.5166,-17.202,3.257,298,1.00057,0.99976,-0.00044,0.567
1401,23.5334,-18.88,1.823,284,0.99875,0.99923,-0.00157,0.5662
1402,23.5502,-19.179,1.898,265,0.99799,0.9998,-0.00237,0.5648
1403,23.567,-16.803,1.69,303,0.99987,0.99925,-0.00031,0.5646
1404,23.5838,-17.194,1.792,311,1.00093,0.99894,0.00068,0.565
1405,23.6006,-17.685,1.012,373,0.99948,0.99793,-0.00038,0.5648
1406,23.6174,-16.5,0.833,388,0.99961,0.99999,-0.00012,0.5647
1407,23.6342,-17.89,-0.07,409,0.99747,1.00008,-0.00184,0.5637
1408,23.651,-17.697,0.513,418,0.99782,0.9999,-0.00178,0.5627
1409,23.6678,-17.703,0.36,485,0.99857,0.9994,-0.00096,0.5621
1410,23.6847,-17.015,0.257,422,0.99861,0.99912,-0.00084,0.5617
1411,23.7015,-16.796,-0.039,419,0.99864,0.99965,-0.00066,0.5613
1412,23.7183,-17.037,-0.236,411,0.99905,0.99984,-0.00015,0.5612
1413,23.7351,-16.634,-0.162,419,0.99848,0.99905,-0.00074,0.5608
1414,23.7519,-17.766,-0.481,404,0.99802,0.9997,-0.00108,0.5602
1415,23.7687,-16.999,-0.479,435,0.9983,0.99989,-0.00077,0.5598
1416,23.7855,-16.589,-0.577,456,0.99818,0.99883,-0.00083,0.5593
1417,23.8023,-16.531,-0.65,462,0.99965,0.9977,0.00069,0.5597
1418,23.8191,-17.05,-0.691,395,0.99848,0.99865,-0.00048,0.5594
1419,23.8359,-17.413,-0.745,347,0.99902,0.99747,8e-05,0.5595
1420,23.8527,-16.201,-0.846,422,0.99845,0.99747,-0.0004,0.5592
1421,23.8696,-17.793,-1.039,421,0.99806,0.9981,-0.00075,0.5588
1422,23.8864,-17.881,-0.896,445,0.99829,0.99877,-0.00058,0.5585
1423,23.9032,-17.873,-1.508,400,0.99786,0.99779,-0.0007,0.5581
1424,23.92,-16.743,-1.123,376,0.99923,0.99849,0.0005,0.5584
1425,23.9368,-16.976,-0.988,368,0.99871,0.99841,-9e-05,0.5583
1426,23.9536,-18.212,-1.667,351,0.99935,0.99819,0.00087,0.5588
1427,23.9704,-16.7,-0.638,410,0.9993,0.99811,0.00032,0.559
1428,23.9872,-16.801,-0.504,404,1.00058,0.99849,0.00153,0.5599
1429,24.004,-17.322,-1.319,388,0.99865,0.99798,1e-05,0.5599
1430,24.0208,-16.692,-0.969,431,1.00013,0.99843,0.00133,0.5606
1431,24.0377,-17.653,-1.247,382,0.99884,0.99811,0.00015,0.5607
1432,24.0545,-17.589,-1.94,386,1.0009,0.9961,0.00257,0.5621
1433,24.0713,-18.11,-3.069,363,0.99875,0.99756,0.00099,0.5627
1434,24.0881,-17.492,-3.346,355,0.99647,0.99676,-0.00114,0.5621
1435,24.1049,-16.243,-3.633,306,0.99666,0.99656,-0.00076,0.5616
1436,24.1217,-17.248,-4.389,320,0.99794,0.99558,0.00089,0.5621
1437,24.1385,-17.09,-6.18,322,0.99762,0.99778,0.0015,0.563
1438,24.1553,-16.244,-5.803,319,0.99674,0.99645,0.00044,0.5632
1439,24.1721,-16.265,-6.695,313,0.99766,0.99781,0.00183,0.5642
1440,24.1889,-14.693,-7.304,257,0.99651,0.99412,0.00104,0.5648
1441,24.2057,-14.588,-8.274,286,0.99585,0.99434,0.00088,0.5653
1442,24.2226,-14.494,-9.852,285,0.99699,0.99548,0.00284,0.5669
1443,24.2394,-13.535,-10.152,353,0.99563,0.99413,0.00167,0.5679
1444,24.2562,-12.806,-10.0,322,0.9966,0.99453,0.00258,0.5694
1445,24.273,-11.941,-10.414,344,0.99604,0.99762,0.00225,0.5706
1446,24.2898,-11.385,-10.708,319,0.99592,0.99509,0.0023,0.572
1447,24.3066,-12.303,-12.98,342,0.99536,0.99471,0.0029,0.5736
1448,24.3234,-11.719,-13.498,356,0.99583,0.99484,0.00365,0.5757
1449,24.3402,-10.029,-13.731,369,0.99447,0.99475,0.00245,0.5771
1450,24.357,-8.901,-12.116,293,0.99684,0.99225,0.00402,0.5794
1451,24.3738,-6.924,-13.371,356,0.99396,0.99372,0.00184,0.5805
1452,24.3907,-7.265,-13.868,328,0.99478,0.99183,0.00291,0.5822
1453,24.4075,-4.995,-12.989,320,0.99697,0.99482,0.00472,0.585
1454,24.4243,-4.163,-12.952,353,0.99474,0.99423,0.00248,0.5864
1455,24.4411,-3.28,-14.484,279,0.99595,0.99522,0.00451,0.5891
1456,24.4579,-1.328,-15.107,363,0.99387,0.99511,0.0028,0.5907
1457,24.4747,-0.704,-13.876,375,0.99593,0.99463,0.00425,0.5932
1458,24.4915,0.13,-12.054,141,0.99587,0.9932,0.00327,0.5952
1459,24.5083,1.314,-12.948,134,0.99477,0.99335,0.00266,0.5968
1460,24.5251,1.264,-11.909,126,0.99577,0.99458,0.00312,0.5986
1461,24.5419,2.14,-12.122,105,0.99557,0.99403,0.00306,0.6005
1462,24.5587,2.47,-12.323,229,0.99464,0.99222,0.00224,0.6018
1463,24.5756,1.824,-12.727,254,0.99583,0.99446,0.00363,0.604
1464,24.5924,2.376,-11.699,210,0.99627,0.99371,0.00355,0.6061
1465,24.6092,3.153,-12.147,224,0.99424,0.99404,0.00177,0.6072
1466,24.626,2.054,-11.444,245,0.99856,0.99636,0.00571,0.6107
1467,24.6428,2.418,-11.955,274,0.99721,0.99456,0.00462,0.6135
1468,24.6596,2.183,-11.228,312,0.99879,0.99673,0.00583,0.6171
1469,24.6764,2.524,-11.71,293,0.99796,0.99687,0.00526,0.6204
1470,24.6932,2.672,-11.198,270,0.9975,0.99538,0.00454,0.6232
1471,24.71,2.331,-11.568,270,0.99781,0.99527,0.00502,0.6263
1472,24.7268,2.729,-10.959,267,0.99787,0.99262,0.00478,0.6293
1473,24.7437,2.56,-11.885,128,0.99628,0.99635,0.00366,0.6316
1474,24.7605,2.354,-12.953,103,0.99177,0.99706,-0.00033,0.6314
1475,24.7773,1.257,-5.057,213,0.99906,0.99921,0.00287,0.6332
1476,24.7941,0.815,-2.998,227,0.99865,0.99854,0.00138,0.6341
1477,24.8109,0.807,-2.846,211,0.99878,0.99923,0.00144,0.635
1478,24.8277,0.436,-2.76,204,0.99917,0.99948,0.00177,0.6361
1479,24.8445,0.615,-2.588,201,0.99956,0.9996,0.00207,0.6375
1480,24.8613,0.398,-2.371,218,0.99943,0.99933,0.00183,0.6386
1481,24.8781,0.442,-2.304,211,0.99928,0.99933,0.00164,0.6397
1482,24.8949,0.306,-2.295,220,0.99924,0.99921,0.0016,0.6407
1483,24.9117,0.325,-2.075,211,0.99949,0.99909,0.00173,0.6418
1484,24.9286,0.387,-2.202,202,0.99935,0.99929,0.00166,0.6429
1485,24.9454,-0.179,-2.174,211,0.99877,0.9993,0.00105,0.6435
1486,24.9622,0.568,-1.689,209,0.99903,0.99923,0.00108,0.6442
1487,24.979,0.475,-1.238,191,0.99912,0.99956,0.00093,0.6448
1488,24.9958,0.296,-1.632,213,0.99943,0.99963,0.00144,0.6458
1489,25.0126,0.401,-1.574,195,0.99907,0.99907,0.00105,0.6464
1490,25.0294,0.097,-1.633,221,0.99902,0.99884,0.00102,0.6471
1491,25.0462,0.406,-1.497,176,0.99874,0.99988,0.00069,0.6475
1492,25.063,-0.192,-1.73,166,0.99816,0.99953,0.00021,0.6477
1493,25.0798,0.121,-0.998,205,0.99983,0.99981,0.00151,0.6487
1494,25.0967,0.048,-1.047,210,0.99973,0.99955,0.00143,0.6496
1495,25.1135,0.124,-1.017,207,0.99988,0.99951,0.00157,0.6506
1496,25.1303,0.123,-0.89,207,0.9997,0.99964,0.00132,0.6515
1497,25.1471,0.164,-0.965,216,0.99969,0.99965,0.00135,0.6523
1498,25.1639,0.252,-0.861,219,0.99963,0.99954,0.00124,0.6532
1499,25.1807,0.368,-0.684,225,0.9996,0.99966,0.00112,0.6539
1500,25.1975,0.355,-0.698,219,0.99977,0.99968,0.0013,0.6547
1501,25.2143,0.486,-0.5,212,0.99959,0.99966,0.00102,0.6554
1502,25.2311,0.422,-0.438,212,1.00007,0.99998,0.00146,0.6564
1503,25.2479,0.44,-0.328,209,0.9999,0.99981,0.00124,0.6572
1504,25.2648,0.382,-0.361,227,1.00011,1.0,0.00146,0.6581
1505,25.2816,0.488,-0.341,209,1.00012,1.00004,0.00147,0.6591
1506,25.2984,0.411,-0.244,216,0.99994,0.99998,0.00123,0.6599
1507,25.3152,0.376,-0.251,220,1.0001,1.00002,0.00139,0.6608
1508,25.332,0.382,-0.259,229,1.00008,0.99998,0.00139,0.6618
1509,25.3488,0.378,-0.232,205,1.00007,1.00003,0.00135,0.6627
1510,25.3656,0.38,-0.242,192,0.99992,0.99991,0.00121,0.6635
1511,25.3824,-0.035,-0.232,185,1.0001,0.99997,0.00138,0.6644
1512,25.3992,0.41,-0.333,207,0.99992,0.99989,0.00126,0.6652
1513,25.416,0.134,-0.081,165,1.00009,1.00007,0.00129,0.6661
1514,25.4328,0.0,-0.0,166,1.0,1.0,0.00116,0.6668
1518,25.5001,0.105,39.336,236,1.00072,1.00154,-0.01851,0.6546
1519,25.5169,0.849,28.783,184,1.00065,1.0039,-0.01309,0.6461
1520,25.5337,0.0,0.0,496,1.0,1.0,0.00116,0.6468
1521,25.5505,0.406,20.119,224,1.00202,1.00412,-0.00725,0.6422
1522,25.5673,0.326,12.567,272,1.00202,1.0043,-0.00333,0.64
1523,25.5841,0.119,6.606,267,1.0016,1.00358,-0.00066,0.6396
1524,25.6009,-0.097,1.498,306,1.0018,1.00258,0.00217,0.641
1525,25.6178,-0.118,-2.125,284,1.00178,1.00253,0.00404,0.6436
1526,25.6346,-0.322,-4.514,279,1.00113,1.00191,0.00461,0.6466
1527,25.6514,-0.063,-11.823,276,1.00117,1.00173,0.00845,0.6521
1528,25.6682,-0.089,-9.301,267,1.00036,1.00057,0.00633,0.6562
1529,25.685,-0.029,-9.877,256,0.99982,0.99989,0.0061,0.6602
1530,25.7018,-0.131,-10.116,248,0.99938,0.9992,0.00578,0.664
1531,25.7186,-0.073,-10.359,241,0.99915,0.99862,0.00567,0.6678
1532,25.7354,-0.078,-10.096,227,0.99891,0.9982,0.00529,0.6714
1533,25.7522,-0.177,-9.237,222,0.9987,0.99796,0.00464,0.6745
1534,25.769,-0.076,-8.495,219,0.99863,0.99743,0.00419,0.6773
1535,25.7858,-0.077,-7.925,213,0.99848,0.99753,0.00374,0.6799
1536,25.8027,-0.157,-6.937,224,0.99851,0.99749,0.00325,0.6821
1537,25.8195,-0.264,-5.342,287,0.99883,0.99711,0.00275,0.6839
1538,25.8363,-0.109,-4.4,290,0.99852,0.99737,0.00196,0.6853
1539,25.8531,-0.17,-1.866,295,0.99952,0.9989,0.00164,0.6864
1540,25.8699,-0.242,-3.429,281,0.99894,0.99756,0.00187,0.6877
1541,25.8867,0.127,-2.93,296,0.99788,0.99791,0.00055,0.6881
1542,25.9035,-0.162,-1.985,283,0.999,0.99821,0.00118,0.6889
1543,25.9203,-0.133,-1.519,294,0.99892,0.99864,0.00086,0.6895
1544,25.9371,0.138,-1.231,300,0.99866,0.99897,0.00046,0.6898
1545,25.9539,-0.07,-0.595,296,0.99962,0.99926,0.00109,0.6905
1546,25.9708,-0.075,-0.177,284,0.99976,0.99943,0.00101,0.6912
1547,25.9876,-0.2,-0.008,268,0.99985,0.99947,0.00101,0.6919
