frame,t_s,dxA,dyA,peakA,dxB,dyB,peakB
346,5.7500,76.28,-66.02,27.4,-27.51,63.91,47.4
347,5.7667,79.29,-68.47,27.7,113.57,-67.38,24.5
348,5.7833,82.04,-70.53,24.5,-24.26,68.35,32.3
349,5.8000,85.71,-73.82,28.9,-26.60,76.55,23.4
350,5.8167,88.48,-75.75,26.8,-30.21,44.36,9.3
351,5.8333,92.04,-78.02,30.0,-30.00,50.05,18.7
352,5.8500,95.86,-80.17,26.5,-20.00,47.97,19.5
353,5.8667,-2.84,-16.04,29.2,-32.06,56.01,22.6
354,5.8833,-3.22,-16.28,31.2,-28.12,31.26,21.3
355,5.9000,-3.41,-16.40,36.7,-28.25,31.71,32.5
356,5.9167,-3.70,-16.63,39.4,-30.11,33.94,38.5
357,5.9333,-3.47,-16.42,41.8,67.34,-43.74,41.0
358,5.9500,-3.36,-17.14,35.2,71.66,-46.17,59.8
359,5.9667,-3.81,-16.44,43.8,76.00,-48.59,50.7
360,5.9833,-3.36,-16.14,48.7,-29.90,37.57,44.6
361,6.0000,-2.95,-16.36,56.3,88.41,-57.72,72.2
362,6.0167,-4.04,-15.82,58.9,94.34,-61.81,68.3
363,6.0333,-3.18,-15.66,60.0,101.70,-67.82,62.8
364,6.0500,-5.06,-15.90,60.3,-29.66,41.62,44.3
365,6.0667,-4.04,-14.23,53.1,113.65,-76.71,58.3
366,6.0833,-4.58,-14.07,58.2,120.07,-81.75,52.1
367,6.1000,-4.73,-13.86,67.1,-24.42,39.21,41.8
368,6.1167,-5.91,-10.44,74.0,-26.13,41.46,58.9
369,6.1333,-6.17,-10.45,57.3,140.01,-99.65,44.2
370,6.1500,-6.55,-8.49,58.3,147.35,-106.28,42.0
371,6.1667,-7.03,-8.18,61.4,-23.70,38.13,51.4
372,6.1833,-7.36,-6.68,54.3,-24.06,40.17,55.0
373,6.2000,-7.01,-6.04,83.4,-23.75,40.34,65.0
374,6.2167,-7.82,-4.74,54.0,-21.59,38.06,63.6
375,6.2333,-7.49,-4.09,105.2,-21.69,37.85,81.9
376,6.2500,-7.33,-2.70,62.6,-21.73,37.53,87.9
377,6.2667,-7.42,-2.09,103.5,-21.64,36.83,71.8
378,6.2833,-6.17,-1.42,77.5,-21.90,34.61,56.7
379,6.3000,-7.41,0.03,103.7,-19.37,34.14,65.3
380,6.3167,-6.73,0.75,66.4,-19.75,32.46,54.7
381,6.3333,-6.31,2.05,143.0,-16.06,21.05,48.0
382,6.3500,-7.20,3.66,82.5,-14.37,19.62,94.9
383,6.3667,-6.02,4.01,130.0,-12.43,17.95,96.8
384,6.3833,-5.23,4.86,74.2,-11.31,16.48,106.5
385,6.4000,-5.72,6.00,162.1,-10.13,15.91,164.4
386,6.4167,-4.26,6.35,138.1,-8.26,14.20,117.9
387,6.4333,-4.10,6.43,122.1,-8.13,15.36,116.8
388,6.4500,-2.31,6.38,122.8,-6.72,15.45,99.4
389,6.4667,-1.86,6.65,103.2,-5.94,15.78,136.9
390,6.4833,-0.33,6.22,129.1,-4.32,15.82,122.6
391,6.5000,-0.15,6.51,129.8,-3.55,16.10,122.9
392,6.5167,-1.07,7.67,126.7,-2.09,16.00,173.7
393,6.5333,-0.15,7.33,143.2,-1.36,16.04,118.0
394,6.5500,0.17,7.53,149.6,-0.00,15.96,198.0
395,6.5667,0.35,7.67,152.2,0.44,16.26,126.2
396,6.5833,0.81,7.67,128.0,2.04,15.96,124.2
397,6.6000,2.00,7.38,146.1,2.31,16.86,110.1
398,6.6167,2.32,7.32,134.0,3.41,16.14,119.7
399,6.6333,3.52,6.49,127.6,4.00,16.03,201.1
400,6.6500,3.94,6.56,143.4,4.24,16.51,139.2
401,6.6667,4.09,6.50,156.7,4.61,16.66,103.8
402,6.6833,4.11,6.94,134.4,5.77,16.77,105.3
403,6.7000,4.18,6.26,201.3,5.78,16.17,145.1
404,6.7167,4.47,6.50,147.8,6.07,16.44,166.5
405,6.7333,4.51,6.32,169.2,6.02,16.19,198.6
406,6.7500,4.64,6.64,143.9,6.04,17.30,155.2
407,6.7667,5.12,6.63,124.7,6.18,17.76,175.9
408,6.7833,5.18,6.42,139.3,6.23,17.50,151.1
409,6.8000,4.90,6.39,142.2,6.24,17.41,151.1
410,6.8167,5.01,6.56,131.7,6.59,17.53,127.0
411,6.8333,5.41,6.73,136.2,7.31,17.98,135.8
412,6.8500,5.24,6.49,148.5,7.06,17.92,112.5
413,6.8667,5.64,6.82,141.8,7.66,18.17,148.9
414,6.8833,5.54,6.61,153.0,7.69,18.05,155.7
415,6.9000,5.48,6.91,143.2,7.61,18.27,140.0
416,6.9167,5.48,6.97,141.2,7.69,18.21,142.1
417,6.9333,5.50,6.80,150.7,7.50,18.45,117.5
418,6.9500,5.43,7.17,149.0,7.53,19.09,93.3
419,6.9667,5.11,7.05,127.2,6.28,18.37,110.6
420,6.9833,5.18,7.62,154.1,6.86,19.71,123.7
421,7.0000,4.29,7.00,157.2,6.17,19.22,140.3
422,7.0167,4.36,7.32,171.6,6.01,19.99,177.5
423,7.0333,4.09,7.40,202.2,4.93,19.83,104.1
424,7.0500,3.92,7.62,216.2,4.08,19.94,136.1
425,7.0667,3.84,7.79,235.2,3.86,20.46,125.2
426,7.0833,3.65,7.83,219.1,3.41,20.94,92.5
427,7.1000,3.23,7.85,179.2,3.50,21.70,85.2
428,7.1167,2.67,7.70,178.8,2.34,21.31,110.2
429,7.1333,2.43,7.83,215.1,2.01,20.90,105.4
430,7.1500,2.27,7.89,230.2,2.02,20.41,115.2
431,7.1667,2.15,7.85,245.8,1.92,20.07,97.6
432,7.1833,2.13,7.90,253.6,-0.04,0.02,112.9
433,7.2000,2.08,7.91,245.8,0.00,-0.01,135.9
434,7.2167,2.05,7.92,243.2,0.01,0.00,158.3
435,7.2333,2.03,7.94,231.1,-0.00,-0.00,185.7
436,7.2500,1.97,7.92,226.1,-0.00,0.00,211.8
437,7.2667,1.97,8.00,206.4,0.00,0.00,240.3
438,7.2833,1.93,8.01,206.1,0.00,0.00,265.9
439,7.3000,1.93,8.03,206.0,0.00,-0.00,288.0
440,7.3167,1.90,8.16,189.6,-0.00,-0.00,299.6
441,7.3333,1.89,8.17,187.7,-0.00,0.00,311.5
442,7.3500,1.85,8.24,173.7,-0.00,0.00,319.1
443,7.3667,1.82,8.41,152.3,-0.00,0.00,323.3
444,7.3833,1.74,8.30,149.8,-0.00,0.00,327.5
445,7.4000,1.74,8.30,152.8,0.00,0.00,253.4
446,7.4167,1.72,8.35,140.8,0.00,-0.00,331.6
447,7.4333,1.67,8.54,131.1,-0.00,0.00,332.0
448,7.4500,1.64,8.41,133.7,-0.00,0.00,332.0
449,7.4667,1.51,8.22,138.6,-0.00,-0.00,332.0
450,7.4833,1.52,8.36,124.5,-0.00,-0.00,332.0
451,7.5000,1.45,8.33,114.9,-0.00,-0.00,332.0
452,7.5167,1.50,8.20,108.3,-0.00,-0.00,332.0
453,7.5333,1.37,8.17,95.2,0.00,-0.00,332.0
454,7.5500,1.32,8.09,98.3,0.00,0.00,331.4
455,7.5667,0.54,8.61,95.3,0.00,0.00,332.0
456,7.5833,0.50,8.81,101.8,-0.00,0.00,332.0
457,7.6000,0.46,8.62,111.7,-0.00,-0.00,332.0
458,7.6167,0.36,8.39,112.2,0.00,0.00,332.0
459,7.6333,-0.24,11.55,109.4,0.00,-0.00,332.0
460,7.6500,0.07,8.54,105.7,-0.00,0.00,332.0
461,7.6667,-0.00,8.46,116.7,0.00,0.00,332.0
462,7.6833,-0.11,8.22,123.9,-0.00,-0.00,332.0
463,7.7000,-0.10,8.27,119.0,0.00,-0.00,332.0
464,7.7167,-0.21,8.33,124.6,-0.00,0.00,332.0
465,7.7333,-0.27,8.25,124.5,-0.00,0.00,312.1
466,7.7500,-0.00,0.00,470.2,0.00,0.00,332.0
467,7.7667,-0.00,0.00,470.2,0.00,0.00,332.0
468,7.7833,-0.00,0.00,470.2,0.00,0.00,332.0
469,7.8000,0.15,35.19,49.0,0.00,0.00,327.8
470,7.8167,-0.50,7.93,121.1,-0.00,0.00,323.3
471,7.8333,-0.43,7.89,123.3,0.00,-0.00,321.0
472,7.8500,-0.47,7.87,114.0,0.00,0.00,315.2
473,7.8667,-1.32,8.11,85.8,-0.00,-0.00,309.5
474,7.8833,-2.21,11.18,99.3,0.00,0.00,299.2
475,7.9000,-7.83,14.24,74.4,-0.00,0.00,289.2
476,7.9167,-1.39,8.58,90.5,-0.00,0.00,285.4
477,7.9333,-1.97,14.40,107.6,-0.00,0.00,279.1
478,7.9500,-1.04,8.27,76.0,0.00,0.00,272.0
479,7.9667,-1.50,8.27,74.3,0.00,-0.00,264.1
480,7.9833,-3.71,11.66,78.6,0.00,0.00,251.4
481,8.0000,-1.82,8.71,72.1,-0.01,0.01,245.9
482,8.0167,-2.00,8.61,95.5,-0.00,0.00,244.1
483,8.0333,-2.00,8.72,106.9,0.00,-0.01,227.9
484,8.0500,-2.25,9.09,92.1,-0.00,-0.00,211.7
485,8.0667,-2.07,8.61,78.1,-0.00,-0.00,210.9
486,8.0833,-3.83,10.39,109.7,0.01,0.01,205.6
487,8.1000,-2.19,8.55,75.2,-0.00,-0.01,190.9
488,8.1167,-2.67,9.03,64.2,-0.01,-0.01,184.9
489,8.1333,-3.45,9.52,69.7,0.00,0.00,177.1
490,8.1500,-3.70,9.33,70.1,0.00,-0.00,167.7
491,8.1667,-3.93,9.58,74.9,-0.00,0.00,154.4
492,8.1833,-4.17,9.51,137.4,0.01,0.01,137.0
493,8.2000,-3.26,8.89,42.9,0.01,0.01,125.8
494,8.2167,0.02,0.03,22.9,-0.02,-0.01,113.8
495,8.2333,-0.13,-0.02,36.2,0.02,0.02,89.5
496,8.2500,-4.46,7.86,60.3,-0.00,0.01,83.5
497,8.2667,-6.07,9.61,78.3,0.03,0.02,71.0
498,8.2833,-6.11,9.53,169.3,-0.01,0.01,59.0
499,8.3000,-6.01,8.23,122.8,-8.41,14.01,52.4
500,8.3167,-6.08,8.28,103.9,0.06,0.11,53.8
501,8.3333,-6.21,8.12,129.3,-10.04,12.49,75.0
502,8.3500,-6.39,8.25,114.6,-10.66,12.22,67.6
503,8.3667,-6.39,8.00,124.8,-11.99,12.07,74.9
504,8.3833,-6.71,7.96,90.1,-10.81,14.42,41.6
505,8.4000,0.00,0.07,113.6,-23.97,0.00,49.1
506,8.4167,-0.04,0.09,110.8,-10.52,14.25,59.3
507,8.4333,-0.01,0.07,108.8,-11.97,13.79,117.6
508,8.4500,0.02,0.08,117.4,-10.52,13.92,84.1
509,8.4667,0.01,0.05,132.5,-11.96,13.69,125.6
510,8.4833,-7.61,7.97,124.1,-11.96,14.00,72.0
511,8.5000,-7.70,8.01,175.1,-11.98,13.97,140.4
512,8.5167,-7.56,7.90,141.9,-12.00,13.99,132.1
513,8.5333,-7.80,7.96,156.8,-12.21,14.02,132.8
514,8.5500,-7.90,7.95,143.9,-12.30,14.03,126.7
515,8.5667,-7.93,7.96,169.9,-12.75,13.99,119.4
516,8.5833,-7.98,7.85,189.7,-12.89,13.96,106.1
517,8.6000,-8.02,7.67,154.9,-13.76,13.77,143.7
518,8.6167,-8.30,7.54,114.9,-13.73,13.70,120.1
519,8.6333,-8.50,7.56,105.6,-14.00,13.74,149.1
520,8.6500,0.00,-0.02,110.4,-14.08,13.63,154.8
521,8.6667,-0.01,-0.01,111.1,-14.12,13.50,139.7
522,8.6833,-0.07,-0.01,107.3,-14.43,13.13,100.0
523,8.7000,-0.08,-0.03,112.2,-14.27,12.75,101.3
524,8.7167,-10.00,6.84,124.9,-14.59,12.29,104.3
525,8.7333,-10.00,6.38,150.6,-15.63,12.47,110.6
526,8.7500,-10.03,6.22,173.7,-15.12,12.06,113.0
527,8.7667,-10.41,6.35,97.4,-15.83,12.38,119.2
528,8.7833,-10.11,5.96,146.6,-15.68,12.10,121.3
529,8.8000,-10.57,6.19,100.5,-15.97,12.11,111.9
530,8.8167,-10.47,6.11,114.1,-15.88,12.00,83.9
531,8.8333,-10.76,6.11,105.9,-0.05,-2.05,65.8
532,8.8500,-10.57,6.12,111.1,-0.06,-2.04,63.9
533,8.8667,-10.99,5.94,82.5,-13.95,10.17,46.9
534,8.8833,-10.64,5.94,109.8,-13.83,9.74,83.4
535,8.9000,-10.64,5.92,101.3,-15.66,8.18,75.8
536,8.9167,-10.66,5.92,94.1,-14.65,9.71,77.1
537,8.9333,-10.62,5.85,100.9,-14.46,9.76,98.6
538,8.9500,-10.63,5.90,97.2,-14.43,9.91,116.9
539,8.9667,-10.45,5.89,117.5,-14.64,9.80,108.4
540,8.9833,-10.36,5.89,126.3,-15.13,10.13,108.5
541,9.0000,-10.45,5.81,114.9,-15.40,10.15,128.8
542,9.0167,-10.29,5.89,133.9,-15.27,10.14,121.1
543,9.0333,-10.31,5.87,140.6,-15.58,10.10,143.6
544,9.0500,-10.28,5.83,142.8,-15.62,10.11,149.8
545,9.0667,-10.32,5.82,148.2,-15.67,10.10,162.0
546,9.0833,-10.40,5.85,142.7,-15.74,10.12,168.8
547,9.1000,-10.37,5.81,142.0,-15.75,10.15,165.8
548,9.1167,-10.43,5.85,133.6,-15.78,10.14,162.6
549,9.1333,-10.67,5.86,128.6,-15.95,10.20,159.2
550,9.1500,-10.56,5.92,141.7,-15.87,10.13,151.7
551,9.1667,-10.58,5.83,141.9,-15.76,10.19,131.0
552,9.1833,-10.52,5.91,155.9,-15.75,10.19,120.6
553,9.2000,-10.53,5.92,166.3,-15.66,10.19,108.5
554,9.2167,-10.53,5.97,167.0,-15.50,10.27,112.0
555,9.2333,-10.55,5.96,150.2,-14.92,10.06,86.9
556,9.2500,-10.40,6.03,167.5,-15.91,11.31,91.8
557,9.2667,-10.18,6.01,188.4,-16.00,11.42,66.6
558,9.2833,-10.62,6.18,133.8,-16.14,11.66,61.5
559,9.3000,-10.14,6.01,169.8,-14.43,10.07,46.9
560,9.3167,-10.20,6.15,153.0,-13.92,10.31,66.0
561,9.3333,-10.28,6.18,142.9,-14.05,10.26,84.2
562,9.3500,-10.17,6.17,151.9,-13.96,10.29,87.2
563,9.3667,-10.31,6.28,133.5,-15.95,12.02,78.7
564,9.3833,-9.96,6.23,146.9,-15.69,11.97,93.3
565,9.4000,-10.08,6.25,131.8,-15.78,12.35,68.6
566,9.4167,-10.10,6.23,128.2,-15.85,12.03,130.7
567,9.4333,-9.97,6.35,123.0,-15.61,11.99,103.5
568,9.4500,-9.94,6.27,126.1,-15.77,12.07,82.9
569,9.4667,-10.09,6.37,127.4,-15.64,12.00,96.3
570,9.4833,-9.66,6.13,124.0,-15.74,12.14,88.2
571,9.5000,-10.03,6.29,138.1,-15.53,11.94,95.8
572,9.5167,-9.89,6.25,135.1,-13.80,10.22,87.0
573,9.5333,-9.81,6.27,126.9,-13.82,10.16,107.2
574,9.5500,-9.99,6.23,144.2,-13.80,10.36,112.9
575,9.5667,-9.93,6.37,133.3,-13.87,10.31,111.4
576,9.5833,-9.85,6.21,143.6,-13.91,10.36,112.8
577,9.6000,-9.97,6.37,139.6,-13.91,10.40,133.9
578,9.6167,-10.00,6.33,142.6,-14.00,10.46,123.7
579,9.6333,-9.87,6.55,132.7,-13.93,10.47,123.7
580,9.6500,-10.02,6.33,160.6,-14.10,10.76,111.4
581,9.6667,-9.96,6.43,154.7,-14.07,10.73,117.5
582,9.6833,-9.98,6.46,156.9,-14.19,10.85,98.6
583,9.7000,-9.98,6.51,152.3,-14.35,11.05,96.9
584,9.7167,-9.99,6.35,161.0,-14.33,11.32,111.5
585,9.7333,-9.98,6.57,143.5,-14.30,11.56,128.6
586,9.7500,-9.93,6.55,143.3,-14.25,11.65,126.3
587,9.7667,-9.97,6.62,138.9,-14.42,11.82,125.5
588,9.7833,-9.93,6.70,131.3,-14.31,11.87,138.4
589,9.8000,-10.02,6.53,137.4,-14.28,12.00,145.7
590,9.8167,-9.84,6.93,116.8,-14.45,12.16,140.6
591,9.8333,-9.86,6.71,121.0,-14.40,12.19,136.8
592,9.8500,-10.07,7.45,125.2,-14.75,12.36,120.1
593,9.8667,-10.05,7.45,123.8,-14.96,12.49,107.7
594,9.8833,-10.09,7.19,105.2,-15.50,12.43,115.3
595,9.9000,-10.00,7.59,124.5,-14.22,12.81,116.2
596,9.9167,-9.97,7.78,123.9,-14.20,13.17,104.7
597,9.9333,-10.09,7.72,119.1,-15.18,13.31,96.7
598,9.9500,-9.87,7.59,106.6,-14.42,13.62,93.5
599,9.9667,-9.88,7.69,89.5,-15.54,13.87,132.8
600,9.9833,-9.83,7.76,88.6,-14.33,13.78,113.3
601,10.0000,0.07,-0.01,98.3,-15.53,14.00,126.3
602,10.0167,0.00,0.02,99.0,-14.53,14.08,83.8
603,10.0333,0.05,0.01,94.2,-15.06,13.91,70.6
604,10.0500,0.01,0.03,102.8,-15.37,14.06,80.2
605,10.0667,0.06,0.07,101.6,-15.16,13.96,75.0
606,10.0833,0.05,0.05,93.3,-15.44,14.22,73.1
607,10.1000,0.03,0.01,95.4,0.64,0.07,82.4
608,10.1167,-0.00,0.03,102.0,0.60,0.05,95.9
609,10.1333,-0.00,0.05,115.5,0.55,0.12,101.7
610,10.1500,0.02,0.04,110.4,0.69,0.05,95.9
611,10.1667,0.02,0.04,113.8,0.74,0.07,100.1
612,10.1833,-0.02,0.04,108.8,1.18,-0.01,97.0
613,10.2000,0.03,0.03,115.7,0.79,0.13,101.7
614,10.2167,-0.01,0.06,105.6,0.69,0.10,118.4
615,10.2333,0.02,0.02,107.6,0.62,0.16,103.0
616,10.2500,-0.02,0.02,108.9,0.63,0.13,118.8
617,10.2667,0.02,0.02,88.6,0.58,0.45,95.2
618,10.2833,-9.50,7.53,87.0,0.26,0.27,124.3
619,10.3000,0.01,0.02,84.6,0.24,0.47,117.7
620,10.3167,-9.77,7.65,108.4,0.25,0.87,101.6
621,10.3333,-9.61,7.76,110.1,0.14,0.33,136.1
622,10.3500,-9.19,7.19,91.2,0.19,0.54,117.9
623,10.3667,-9.92,7.88,170.6,0.20,0.82,96.7
624,10.3833,-9.62,7.41,120.8,0.18,0.50,107.6
625,10.4000,-9.90,7.83,168.9,0.01,0.61,114.4
626,10.4167,-10.00,7.90,213.3,0.47,0.42,79.3
627,10.4333,-9.85,7.77,179.6,1.18,0.08,75.8
628,10.4500,-9.95,7.90,230.0,1.62,0.02,98.2
629,10.4667,-9.99,7.94,248.0,1.40,0.01,89.2
630,10.4833,-10.02,7.99,261.4,1.84,0.06,108.6
631,10.5000,-10.03,7.93,266.9,1.49,0.06,77.9
632,10.5167,-10.04,7.99,283.6,1.79,0.01,79.8
633,10.5333,-10.09,8.00,278.9,1.45,0.02,61.7
634,10.5500,-10.12,8.01,276.2,1.91,0.13,75.2
635,10.5667,-10.17,8.08,252.6,-12.35,12.11,48.9
636,10.5833,-10.18,8.06,268.7,-13.92,13.75,63.9
637,10.6000,-10.26,8.13,249.2,-13.99,13.71,82.6
638,10.6167,-10.22,8.11,252.6,-13.80,13.47,66.5
639,10.6333,-10.29,8.10,256.9,-14.04,13.77,118.1
640,10.6500,-10.31,8.16,239.7,-13.76,13.69,85.3
641,10.6667,-10.41,8.18,219.6,-13.95,13.82,115.8
642,10.6833,-10.44,8.21,207.5,-13.99,13.72,88.8
643,10.7000,-11.25,8.88,146.0,-14.08,14.03,113.5
644,10.7167,-10.35,8.15,244.9,-13.93,13.91,91.3
645,10.7333,-12.06,10.07,279.5,-14.09,14.02,86.4
646,10.7500,-13.82,11.71,169.9,-14.10,14.03,89.6
647,10.7667,-14.40,11.95,195.5,-14.11,14.03,91.1
648,10.7833,-11.91,9.39,204.5,1.55,0.07,68.4
649,10.8000,-17.50,14.07,144.4,-14.03,13.97,68.9
650,10.8167,-18.49,21.56,122.4,1.76,0.01,118.1
651,10.8333,-24.04,18.30,102.3,1.17,0.07,80.3
652,10.8500,-23.37,28.31,59.3,1.77,0.03,134.6
653,10.8667,-29.64,42.18,43.6,1.64,0.02,111.3
654,10.8833,-12.36,9.92,191.9,1.70,0.06,129.2
655,10.9000,-7.88,7.63,52.2,1.80,0.00,140.2
656,10.9167,-8.00,7.52,71.3,1.88,0.04,158.2
657,10.9333,-7.96,7.44,98.8,1.59,0.06,114.1
658,10.9500,-8.06,7.42,114.9,1.69,-0.02,138.7
659,10.9667,-8.17,7.52,105.7,1.90,-0.00,185.3
660,10.9833,-8.04,7.05,103.5,1.90,0.01,166.4
661,11.0000,-8.12,7.56,109.5,1.92,0.01,171.1
662,11.0167,-8.18,7.33,93.5,1.87,0.00,181.7
663,11.0333,-8.14,7.60,105.3,1.92,-0.01,187.6
664,11.0500,-8.35,7.71,107.6,1.92,0.01,190.2
665,11.0667,-8.16,7.66,116.0,1.93,0.01,192.0
666,11.0833,-8.37,7.77,103.7,1.91,0.02,202.1
667,11.1000,-8.35,7.74,96.9,1.91,0.01,194.4
668,11.1167,-8.28,7.83,82.4,1.92,0.01,179.0
669,11.1333,-8.19,7.98,76.1,1.93,-0.01,158.0
670,11.1500,-8.18,7.80,64.6,1.90,0.01,163.8
671,11.1667,-8.45,7.83,53.2,1.90,-0.04,104.9
672,11.1833,-7.91,6.42,40.9,1.94,-0.01,144.4
673,11.2000,-13.80,4.36,43.6,0.03,1.90,135.8
674,11.2167,-13.71,4.30,42.2,0.01,1.94,151.2
675,11.2333,-8.57,7.63,39.4,-0.03,1.93,108.6
676,11.2500,-12.22,6.04,80.6,1.85,0.03,108.2
677,11.2667,-12.38,6.57,67.8,1.89,0.01,105.1
678,11.2833,-12.01,7.69,73.9,1.85,-0.01,68.2
679,11.3000,-12.08,7.68,63.2,1.75,0.04,52.8
680,11.3167,-14.07,9.50,113.0,-14.02,13.90,97.9
681,11.3333,-14.07,9.79,144.2,-13.90,13.81,89.5
682,11.3500,-13.91,9.65,135.6,-13.86,13.31,57.4
683,11.3667,-14.13,9.67,169.6,-14.14,14.07,121.0
684,11.3833,-13.67,12.44,97.3,-14.06,13.81,73.4
685,11.4000,-14.43,12.65,94.0,0.56,-0.03,61.0
686,11.4167,-13.95,12.12,131.5,0.07,0.04,74.7
687,11.4333,-14.27,12.26,122.0,0.01,-0.07,74.9
688,11.4500,-15.34,14.11,71.9,0.16,-0.09,91.6
689,11.4667,-14.53,14.27,82.2,0.07,-0.06,116.0
690,11.4833,-15.55,14.21,91.5,-0.03,0.01,118.2
691,11.5000,-15.68,14.35,98.8,0.07,0.02,141.0
692,11.5167,-14.66,16.03,63.9,0.04,0.03,170.6
693,11.5333,-14.71,15.97,58.5,0.02,-0.00,191.8
694,11.5500,-19.51,18.42,59.2,0.09,0.04,151.3
695,11.5667,-18.50,18.08,80.8,0.02,0.03,144.9
696,11.5833,-25.29,22.51,84.4,0.03,-0.03,192.1
697,11.6000,-26.11,23.19,91.3,0.39,0.03,131.3
698,11.6167,-25.74,22.66,108.1,0.33,0.02,164.1
699,11.6333,-26.13,23.06,91.1,0.54,0.07,113.0
700,11.6500,-17.80,16.66,129.4,1.90,0.00,181.7
701,11.6667,-17.60,16.44,136.6,0.00,1.92,164.1
702,11.6833,-17.43,16.91,105.8,0.25,2.02,126.0
703,11.7000,-16.78,16.41,113.1,-0.00,3.89,117.3
704,11.7167,-8.88,3.67,159.7,0.10,4.68,97.2
705,11.7333,85.66,12.08,34.2,0.02,5.83,137.8
706,11.7500,-4.12,23.16,109.3,8.02,0.03,105.4
707,11.7667,-3.93,33.16,114.4,0.10,8.02,167.1
708,11.7833,-2.21,25.24,107.1,-0.19,9.99,127.4
709,11.8000,-1.82,45.93,84.9,0.39,10.38,83.5
710,11.8167,-0.05,-0.02,86.9,0.05,12.02,124.2
711,11.8333,-0.01,-0.02,136.4,0.60,12.41,73.0
712,11.8500,0.03,0.03,139.8,0.23,14.01,99.9
713,11.8667,0.03,-0.01,136.9,-0.24,16.00,110.1
714,11.8833,-0.04,6.16,136.2,0.00,15.92,135.0
715,11.9000,0.00,0.01,143.8,0.10,16.80,83.1
716,11.9167,0.03,5.94,122.4,-0.31,17.67,82.5
717,11.9333,0.02,0.04,130.2,0.15,18.00,93.5
718,11.9500,0.06,6.68,118.3,0.09,18.10,86.0
719,11.9667,0.03,0.03,153.5,-0.00,-0.00,77.1
720,11.9833,0.01,0.01,143.9,-0.03,-0.01,84.7
721,12.0000,-0.04,9.38,84.0,0.01,0.01,91.7
722,12.0167,0.02,0.02,84.9,0.02,-0.01,96.6
723,12.0333,-0.02,8.07,101.3,-0.00,-0.01,97.9
724,12.0500,-0.08,8.22,99.1,-0.00,-0.01,118.5
725,12.0667,-0.04,8.27,94.6,0.00,-0.00,114.3
726,12.0833,-0.09,7.79,140.4,0.01,-0.00,123.3
727,12.1000,-0.00,0.08,119.4,0.01,-0.01,120.8
728,12.1167,-0.04,-0.08,174.4,-0.02,-0.01,116.7
729,12.1333,-0.12,0.34,71.6,0.01,0.00,118.9
730,12.1500,0.04,0.04,228.0,-0.02,0.01,135.1
731,12.1667,0.03,0.02,254.5,0.00,0.04,127.3
732,12.1833,-0.03,-0.01,292.9,-0.00,-0.04,133.3
733,12.2000,-0.02,-0.02,282.8,0.01,0.01,130.4
734,12.2167,-0.01,-0.04,161.7,0.01,-0.01,129.3
735,12.2333,0.02,0.02,156.4,0.01,0.01,130.0
736,12.2500,-7.53,0.03,106.4,-0.01,0.00,132.9
737,12.2667,-8.38,0.08,99.0,0.00,0.01,130.4
738,12.2833,-8.92,-0.03,89.2,0.01,-0.01,129.1
739,12.3000,-0.03,0.01,142.3,-0.02,-0.01,128.5
740,12.3167,-11.29,-0.01,104.9,-0.00,0.00,127.0
741,12.3333,-0.03,-0.02,94.5,0.00,0.01,122.4
742,12.3500,-0.00,-0.03,104.1,-0.00,-0.00,113.3
743,12.3667,0.01,-0.04,85.2,-0.02,-0.00,109.1
744,12.3833,-0.01,0.02,119.0,0.01,-0.01,101.2
745,12.4000,-13.21,-0.11,85.1,0.01,-0.00,96.9
746,12.4167,-12.00,-0.04,106.6,0.01,-0.01,92.2
747,12.4333,-11.90,-0.06,103.4,-0.00,0.01,83.4
748,12.4500,-12.98,-0.07,69.7,-18.07,-2.04,109.0
749,12.4667,-13.19,-0.25,82.4,-19.96,-0.10,77.4
750,12.4833,-12.12,-0.07,89.9,-0.03,0.00,64.9
751,12.5000,-10.44,0.01,99.6,0.02,-16.13,98.2
752,12.5167,-12.01,-0.01,88.8,-0.04,-16.01,100.0
753,12.5333,-13.75,0.27,72.6,0.01,-14.28,76.4
754,12.5500,-14.01,1.21,63.0,0.13,-14.03,85.4
755,12.5667,-13.82,1.78,72.5,-13.95,-0.01,131.2
756,12.5833,0.00,0.02,116.8,2.02,-13.93,47.9
757,12.6000,-12.59,2.16,49.6,-11.90,-0.01,111.2
758,12.6167,0.01,-0.02,124.4,0.06,-9.90,107.3
759,12.6333,-0.02,0.01,99.5,-0.29,-8.01,54.0
760,12.6500,-12.17,3.97,97.6,51.92,-56.10,17.4
761,12.6667,-12.08,4.16,131.1,0.88,-8.01,107.3
762,12.6833,-11.82,4.23,105.7,1.77,-7.96,134.6
763,12.7000,-11.87,4.34,110.4,0.02,-5.98,104.6
764,12.7167,-11.63,4.52,96.2,0.72,-6.17,46.7
765,12.7333,-11.50,4.92,80.4,-0.21,-4.86,56.1
766,12.7500,-11.45,5.32,95.3,1.39,-6.00,72.7
767,12.7667,-11.39,5.50,97.1,-0.04,-4.10,81.8
768,12.7833,-11.14,5.59,87.6,-0.02,-3.97,146.1
769,12.8000,-10.93,5.55,98.8,0.01,-3.98,200.1
770,12.8167,-10.77,5.47,101.0,-1.55,-2.11,67.2
771,12.8333,-10.68,5.79,103.4,0.28,-3.90,85.3
772,12.8500,-10.28,5.71,130.7,-0.03,-2.93,92.6
773,12.8667,-10.83,5.81,108.2,0.10,-3.21,90.4
774,12.8833,-10.41,5.62,115.6,-13.94,9.99,58.1
775,12.9000,-10.30,5.87,112.2,-14.09,10.11,70.9
776,12.9167,-10.92,5.76,104.7,-16.05,11.92,80.6
777,12.9333,-10.35,5.84,109.2,-14.07,10.02,77.1
778,12.9500,-10.46,5.88,113.5,-16.03,11.82,66.9
779,12.9667,-10.83,5.89,85.3,-15.62,11.74,71.9
780,12.9833,-10.63,5.92,91.6,-15.91,11.88,89.9
781,13.0000,-8.17,4.17,81.5,-0.02,-1.90,83.1
782,13.0167,-10.53,5.96,89.2,-15.24,11.87,63.7
783,13.0333,-8.09,4.27,92.6,-14.55,11.89,74.1
784,13.0500,-10.49,6.10,82.2,-15.64,12.04,75.0
785,13.0667,-10.35,6.18,96.5,-0.11,-1.13,27.4
786,13.0833,-11.45,8.03,106.3,-15.86,11.66,49.3
787,13.1000,-10.11,7.96,97.2,-14.19,10.03,57.8
788,13.1167,-13.92,11.92,119.2,-0.09,-3.54,66.5
789,13.1333,-13.43,12.36,86.7,-4.17,-0.12,37.8
790,13.1500,-11.96,13.85,76.1,-0.19,-4.11,57.5
791,13.1667,-7.36,14.04,59.8,-0.04,-4.03,59.1
792,13.1833,-9.98,16.03,104.6,-0.25,-4.43,52.7
793,13.2000,-8.13,15.95,122.1,-0.31,-4.88,32.6
794,13.2167,-7.70,16.15,89.8,-4.29,-0.43,42.3
795,13.2333,-7.62,16.22,94.0,-4.39,-0.07,65.5
796,13.2500,-7.58,16.26,89.8,-0.44,-4.10,37.0
797,13.2667,-7.16,16.33,93.7,-0.02,-5.84,70.1
798,13.2833,-7.50,16.51,88.0,0.03,-5.82,76.4
799,13.3000,-8.05,16.06,157.6,-0.49,-2.19,50.3
800,13.3167,-8.11,16.07,141.8,-0.27,-3.71,68.7
801,13.3333,-8.20,15.87,122.1,-0.08,-3.39,77.0
802,13.3500,-8.38,15.51,103.6,0.01,-3.79,142.3
803,13.3667,-7.85,14.52,113.8,-1.32,-1.95,120.9
804,13.3833,-8.10,14.12,159.2,-1.89,-0.34,81.2
805,13.4000,-8.19,13.87,149.2,-1.68,-0.63,79.6
806,13.4167,-8.22,13.38,126.8,-0.94,-0.61,44.4
807,13.4333,-7.92,12.32,162.9,0.06,-0.25,97.9
808,13.4500,-8.05,12.07,201.6,0.03,-1.33,93.3
809,13.4667,-8.14,11.88,190.2,-0.29,-0.52,82.0
810,13.4833,-8.17,11.50,162.8,-0.02,-0.25,142.5
811,13.5000,-7.87,10.41,178.2,-0.16,-0.03,98.2
812,13.5167,-7.99,10.16,234.6,-0.05,0.13,115.9
813,13.5333,-8.04,10.01,256.1,-0.03,-0.03,210.8
814,13.5500,-8.09,9.92,258.8,-0.02,-0.02,226.3
815,13.5667,-8.17,9.65,216.8,0.04,0.01,242.8
816,13.5833,-8.27,9.14,180.4,0.07,0.01,212.9
817,13.6000,-7.93,8.48,210.7,-0.03,-1.19,93.9
818,13.6167,-7.99,8.24,252.5,0.27,1.15,62.6
819,13.6333,-8.04,8.14,293.5,0.31,0.11,96.7
820,13.6500,-8.06,8.04,347.7,1.19,-0.03,63.3
821,13.6667,-8.11,8.01,335.0,0.52,0.11,97.8
822,13.6833,-8.16,7.95,301.9,0.62,0.05,67.5
823,13.7000,-8.23,7.93,295.9,-12.04,11.85,71.9
824,13.7167,-8.29,7.88,275.9,-12.05,12.06,122.4
825,13.7333,-8.31,7.81,268.0,-12.04,11.98,118.9
826,13.7500,-8.33,7.77,248.3,-12.10,12.08,77.7
827,13.7667,-8.44,7.65,219.7,-12.03,12.01,92.1
828,13.7833,-8.38,7.53,209.5,-12.29,12.15,61.2
829,13.8000,-8.81,7.61,175.2,-12.32,12.20,50.0
830,13.8167,-8.55,7.34,161.3,1.89,0.01,94.2
831,13.8333,-8.05,6.77,141.9,1.87,-0.01,114.8
832,13.8500,-8.13,6.71,130.9,1.88,-0.00,125.0
833,13.8667,-8.20,6.56,129.2,1.64,0.01,105.6
834,13.8833,-8.25,6.39,128.0,1.87,0.01,128.6
835,13.9000,-8.25,6.41,116.2,1.63,-0.02,107.9
836,13.9167,-8.16,6.26,138.6,1.12,0.08,86.8
837,13.9333,-8.30,6.32,97.3,1.75,0.03,93.8
838,13.9500,-8.22,6.22,105.1,0.14,0.11,105.1
839,13.9667,-8.25,6.21,101.2,1.08,0.33,39.8
840,13.9833,-8.25,6.21,83.1,0.43,0.31,87.0
841,14.0000,-8.17,6.16,82.1,0.46,0.21,110.7
842,14.0167,-8.61,6.05,67.7,0.51,0.27,102.0
843,14.0333,-8.35,6.06,60.4,0.07,0.07,100.0
844,14.0500,-8.57,5.96,51.2,1.82,1.35,66.5
845,14.0667,-19.23,9.55,47.6,0.29,0.17,126.9
846,14.0833,-17.68,10.37,59.8,0.38,-0.10,81.6
847,14.1000,-17.83,10.06,96.0,0.13,0.43,64.7
848,14.1167,-17.93,10.25,97.1,0.23,0.65,82.4
849,14.1333,-18.57,10.65,71.4,0.33,0.35,84.6
850,14.1500,-18.14,12.03,105.1,0.29,0.28,81.1
851,14.1667,-18.08,12.90,95.0,0.41,0.61,56.9
852,14.1833,-17.89,13.33,99.5,0.79,0.14,46.3
853,14.2000,-17.85,13.52,116.4,0.00,1.81,79.9
854,14.2167,-16.59,14.23,95.8,-12.31,13.99,90.3
855,14.2333,-15.88,14.21,108.0,-11.72,14.20,82.2
856,14.2500,-15.38,14.91,65.8,-10.26,14.25,66.6
857,14.2667,-14.30,15.70,98.1,-10.00,15.95,123.3
858,14.2833,-12.64,15.79,102.5,-8.14,15.98,107.8
859,14.3000,-10.51,15.74,90.3,-5.76,16.31,76.6
860,14.3167,-9.39,15.55,82.8,-3.86,16.11,118.7
861,14.3333,-7.75,15.96,96.5,-0.79,15.51,56.8
862,14.3500,-6.01,15.31,78.5,0.12,16.03,159.1
863,14.3667,1.77,7.19,94.8,0.90,17.39,38.2
864,14.3833,3.07,6.52,80.1,3.55,16.03,43.2
865,14.4000,3.96,6.42,143.3,5.47,15.84,56.4
866,14.4167,4.44,6.14,144.1,5.95,15.92,111.8
867,14.4333,5.78,6.25,191.8,7.93,14.32,68.8
868,14.4500,6.11,6.08,226.9,9.74,14.05,106.0
869,14.4667,6.58,5.94,182.7,9.94,14.17,84.1
870,14.4833,7.52,6.11,184.5,10.10,14.05,149.0
871,14.5000,7.88,5.92,211.7,11.39,13.55,56.4
872,14.5167,8.12,5.80,206.4,-0.01,-0.04,76.5
873,14.5333,8.59,5.85,181.4,-0.04,0.01,87.4
874,14.5500,8.56,5.64,170.2,0.01,-0.02,91.2
875,14.5667,9.16,5.81,147.0,0.02,0.03,114.3
876,14.5833,9.76,5.88,218.3,-0.00,0.01,129.2
877,14.6000,9.67,5.83,197.7,0.00,0.01,141.9
878,14.6167,9.77,5.89,213.7,-0.02,-0.00,133.6
879,14.6333,9.83,5.84,222.9,-0.01,0.01,105.6
880,14.6500,9.85,5.92,228.8,0.00,0.01,164.7
881,14.6667,9.86,5.93,230.5,0.01,0.01,165.3
882,14.6833,9.85,5.94,233.1,0.00,-0.01,173.1
883,14.7000,9.81,5.97,218.5,0.00,0.01,175.8
884,14.7167,9.79,6.05,224.6,0.01,-0.00,185.5
885,14.7333,9.51,6.23,195.7,0.01,0.00,202.8
886,14.7500,8.61,6.03,187.3,0.00,-0.01,200.8
887,14.7667,7.93,6.57,199.2,-0.01,0.00,215.7
888,14.7833,6.00,7.31,178.9,0.01,-0.00,176.3
889,14.8000,2.29,6.17,223.5,-0.02,0.01,157.3
890,14.8167,-0.14,5.87,238.8,0.00,0.01,197.1
891,14.8333,-2.33,5.06,149.6,-0.00,-0.01,207.6
892,14.8500,-4.28,4.17,242.3,0.00,0.00,226.3
893,14.8667,-6.22,3.91,211.4,-0.00,-0.00,237.1
894,14.8833,-7.76,3.46,157.0,0.01,0.00,249.5
895,14.9000,-8.42,2.53,147.6,0.01,0.00,166.6
896,14.9167,-9.68,2.17,168.1,0.00,0.01,214.3
897,14.9333,-10.16,2.07,218.1,-0.01,0.00,206.9
898,14.9500,-10.86,2.10,141.5,0.02,-0.01,157.4
899,14.9667,-11.75,1.77,158.9,0.01,-0.00,201.6
900,14.9833,-11.92,1.71,156.7,0.00,0.01,139.1
901,15.0000,-12.20,1.68,158.2,0.01,-0.01,206.0
902,15.0167,-12.18,1.36,134.9,0.01,-0.01,197.0
903,15.0333,-12.05,0.48,144.5,0.00,0.01,122.1
904,15.0500,-12.20,0.20,184.3,0.00,0.01,160.1
905,15.0667,-12.31,0.12,204.3,0.03,0.00,149.6
906,15.0833,-12.41,0.07,200.7,-0.01,0.01,110.2
907,15.1000,-12.40,0.02,186.6,0.02,-0.01,150.1
908,15.1167,-12.61,-0.09,159.6,0.01,-0.01,86.7
909,15.1333,-13.39,-0.34,146.5,-0.01,0.00,154.3
910,15.1500,-12.32,-0.35,154.6,-0.01,-0.01,127.5
911,15.1667,-13.64,-0.35,133.9,0.01,-0.01,150.6
912,15.1833,-13.77,-0.36,130.2,0.00,0.00,144.8
913,15.2000,-12.25,-1.74,114.7,-0.02,0.01,134.3
914,15.2167,-12.41,-1.65,112.8,-0.00,0.01,126.2
915,15.2333,-12.23,-1.71,119.8,-0.03,-0.00,108.8
916,15.2500,-12.21,-1.77,117.9,-0.02,-0.02,90.7
917,15.2667,-12.19,-1.78,110.6,-0.04,0.01,93.7
918,15.2833,-12.12,-1.85,110.4,-0.05,-0.02,69.7
919,15.3000,-12.13,-1.90,117.9,-23.85,-0.00,65.2
920,15.3167,-12.18,-1.86,123.0,-23.79,-0.03,59.2
921,15.3333,-12.08,-1.87,115.4,-0.02,0.00,52.8
922,15.3500,-12.15,-1.85,109.5,-23.77,0.06,63.7
923,15.3667,-11.82,-1.91,122.5,-6.04,-16.14,45.2
924,15.3833,-12.00,-1.89,115.3,-23.63,0.00,53.4
925,15.4000,-11.96,-1.81,101.2,-17.84,-4.12,54.9
926,15.4167,-12.28,-1.85,101.0,-19.60,-4.06,74.9
927,15.4333,-11.92,-1.82,125.6,-18.07,-4.44,86.0
928,15.4500,-13.97,-0.24,88.2,-18.03,-4.05,127.2
929,15.4667,-13.72,-0.23,109.3,-17.93,-3.92,86.3
930,15.4833,-13.41,-0.15,116.2,-18.03,-2.55,59.9
931,15.5000,-12.32,-0.07,144.4,-19.90,-0.10,91.6
932,15.5167,-11.85,0.04,177.8,-18.04,-0.02,127.9
933,15.5333,-13.92,1.83,96.7,-17.08,0.38,44.5
934,15.5500,-10.05,0.01,164.3,-15.92,0.05,100.7
935,15.5667,-12.06,1.79,110.4,-14.05,0.01,99.1
936,15.5833,-11.91,1.98,117.2,-13.21,0.10,36.9
937,15.6000,-11.45,1.98,97.7,1.98,-12.03,74.5
938,15.6167,-9.97,1.98,173.5,1.55,-10.03,94.2
939,15.6333,-6.06,0.05,94.0,-0.11,-8.01,81.1
940,15.6500,-11.94,3.92,71.3,0.11,-8.01,120.3
941,15.6667,-11.74,3.89,71.3,-8.00,-0.00,238.0
942,15.6833,-8.23,1.98,76.0,-7.23,0.03,87.2
943,15.7000,-11.01,4.21,73.4,0.04,-6.00,89.6
944,15.7167,-3.99,0.02,93.3,-6.02,0.01,174.1
945,15.7333,-10.47,3.93,79.9,-5.82,-0.10,88.1
946,15.7500,-10.12,3.97,136.8,-7.14,-0.02,66.4
947,15.7667,-10.11,4.00,120.2,-2.05,-0.06,73.3
948,15.7833,-10.05,4.07,107.3,0.00,-3.99,136.8
949,15.8000,-11.83,5.90,85.3,-1.94,-1.95,108.4
950,15.8167,-11.80,5.95,94.1,-15.01,9.86,38.1
951,15.8333,-11.73,5.99,101.1,-15.81,9.98,58.5
952,15.8500,-11.67,6.03,108.9,-15.56,9.86,49.6
953,15.8667,-11.75,6.00,111.1,-15.43,10.01,68.5
954,15.8833,-11.89,6.13,131.7,-15.58,10.31,51.2
955,15.9000,-11.51,6.03,107.6,-15.27,9.97,81.7
956,15.9167,-11.79,6.08,128.8,-15.55,10.15,79.8
957,15.9333,-11.94,6.27,139.9,-15.82,10.63,64.2
958,15.9500,-11.58,6.08,128.7,-15.69,10.31,54.9
959,15.9667,-11.97,6.33,151.8,-2.57,0.02,79.1
960,15.9833,-11.79,6.20,154.9,-3.06,-0.05,83.5
961,16.0000,-11.90,6.26,158.0,-3.01,-0.03,64.4
962,16.0167,-11.83,6.24,155.7,-2.67,-0.17,35.1
963,16.0333,-11.85,6.33,160.6,-0.29,-0.16,114.9
964,16.0500,-11.83,6.36,158.7,-0.01,-1.97,205.3
965,16.0667,-11.78,6.44,144.4,-0.00,-1.96,223.9
966,16.0833,-11.72,6.48,140.5,-0.02,-1.88,171.3
967,16.1000,-11.88,7.27,118.5,-1.83,-0.03,146.5
968,16.1167,-11.77,7.31,106.9,-1.72,-0.04,131.0
969,16.1333,-11.74,7.55,112.3,-0.66,-0.16,103.1
970,16.1500,-11.72,7.68,111.7,-0.48,-0.11,128.8
971,16.1667,-11.63,7.73,107.0,-0.79,0.02,113.6
972,16.1833,-11.64,7.81,111.0,-0.10,0.01,168.9
973,16.2000,-11.34,7.96,99.8,-0.07,0.01,182.5
974,16.2167,0.00,-0.15,118.4,-0.00,-0.01,255.4
975,16.2333,0.04,-0.16,113.5,-0.01,0.00,211.3
976,16.2500,0.08,-0.16,111.5,0.05,-0.02,139.7
977,16.2667,0.12,-0.32,80.9,0.08,-0.06,119.5
978,16.2833,0.04,-0.22,109.3,-13.82,12.00,78.4
979,16.3000,-8.26,5.67,102.9,0.28,-0.05,85.3
980,16.3167,-8.22,5.77,117.8,-13.37,12.04,81.0
981,16.3333,-8.20,5.77,129.3,-14.48,11.93,68.6
982,16.3500,-8.22,5.87,131.7,-13.92,12.65,47.7
983,16.3667,-8.17,5.84,132.5,-13.84,12.23,81.5
984,16.3833,-8.22,5.92,139.6,0.35,0.19,67.0
985,16.4000,-8.36,6.01,122.6,0.23,0.26,76.3
986,16.4167,-8.10,5.88,142.0,0.90,0.35,58.8
987,16.4333,-8.23,5.94,132.1,1.58,0.03,89.3
988,16.4500,0.09,-0.16,120.9,0.92,-0.17,66.9
989,16.4667,-8.14,5.92,152.2,1.54,0.48,56.4
990,16.4833,-8.27,5.95,131.8,1.56,0.03,115.5
991,16.5000,-8.34,6.08,123.8,1.81,0.03,150.6
992,16.5167,-8.37,6.11,121.8,1.74,0.03,138.0
993,16.5333,-8.22,6.03,142.4,1.76,0.03,129.6
994,16.5500,-8.32,6.03,129.8,1.84,0.02,161.2
995,16.5667,-8.33,6.02,125.6,1.76,0.01,140.0
996,16.5833,-8.37,6.08,127.1,1.93,0.01,179.2
997,16.6000,-8.38,6.05,124.1,1.94,-0.01,178.0
998,16.6167,-8.49,6.11,120.0,1.89,-0.01,167.3
999,16.6333,-8.29,6.12,127.1,1.87,0.02,166.9
1000,16.6500,-8.32,6.06,119.2,1.87,0.02,122.4
1001,16.6667,-8.37,6.09,110.8,1.92,0.08,119.6
1002,16.6833,-8.47,6.14,110.3,1.95,-0.00,147.9
1003,16.7000,0.18,-0.14,100.4,1.90,-0.02,158.3
1004,16.7167,-8.39,6.12,106.8,1.95,0.00,125.4
1005,16.7333,0.18,-0.06,109.4,1.88,-0.02,120.2
1006,16.7500,0.16,-0.07,114.2,1.91,0.02,130.1
1007,16.7667,0.11,-0.04,106.6,1.94,0.02,93.6
1008,16.7833,0.16,-0.06,119.3,1.86,-0.02,67.8
1009,16.8000,0.13,-0.06,109.0,-12.59,12.55,56.0
1010,16.8167,-8.53,6.28,91.9,-13.74,13.93,35.0
1011,16.8333,0.12,-0.08,116.0,-12.20,12.24,89.7
1012,16.8500,0.11,-0.16,102.5,-0.03,2.02,77.1
1013,16.8667,0.13,-0.07,111.6,1.97,0.02,92.1
1014,16.8833,0.18,-0.04,84.1,2.03,0.02,71.0
1015,16.9000,0.13,-0.11,102.0,0.03,1.94,74.4
1016,16.9167,0.16,-0.03,91.8,0.04,1.98,121.7
1017,16.9333,0.12,-0.08,100.4,-0.00,1.99,148.0
1018,16.9500,0.13,-0.06,103.2,-0.00,1.99,151.6
1019,16.9667,0.10,-0.06,102.1,-0.00,1.98,189.5
1020,16.9833,0.16,-0.01,98.4,0.01,2.00,171.1
1021,17.0000,0.10,-0.06,98.9,0.02,1.97,196.3
1022,17.0167,0.09,0.02,96.5,-0.02,1.97,209.1
1023,17.0333,0.09,-0.07,95.6,-0.02,1.98,207.8
1024,17.0500,-6.57,5.95,114.2,0.01,1.98,194.9
1025,17.0667,-6.49,5.76,102.9,-0.00,1.99,205.1
1026,17.0833,-6.42,5.73,117.1,-0.01,1.97,201.4
1027,17.1000,-6.50,5.84,130.2,-0.01,1.98,183.0
1028,17.1167,-6.73,5.85,119.2,-0.00,1.99,166.8
1029,17.1333,-6.72,5.74,124.3,0.01,1.99,142.2
1030,17.1500,-6.95,5.83,132.4,0.04,1.97,139.0
1031,17.1667,-6.44,5.81,144.4,-0.02,1.99,127.6
1032,17.1833,-6.73,5.78,145.1,-0.02,1.93,109.0
1033,17.2000,-6.68,5.87,165.1,0.01,1.91,113.4
1034,17.2167,-7.06,5.83,149.6,-13.60,13.88,61.0
1035,17.2333,-6.65,5.83,160.6,0.07,1.91,84.1
1036,17.2500,-6.65,5.85,168.6,-12.13,12.81,54.8
1037,17.2667,-7.36,5.92,183.1,-13.41,14.01,73.5
1038,17.2833,-6.72,5.78,164.8,-13.27,13.91,65.8
1039,17.3000,-6.79,5.86,183.7,-0.02,1.86,57.9
1040,17.3167,-6.99,5.86,165.0,-13.65,13.94,73.0
1041,17.3333,-7.00,5.90,183.9,-13.40,14.03,69.7
1042,17.3500,-7.44,5.99,210.3,0.09,1.73,69.8
1043,17.3667,-7.06,5.77,172.9,0.13,1.83,72.7
1044,17.3833,-6.98,5.88,181.1,0.06,1.62,58.2
1045,17.4000,-7.23,5.91,188.8,0.02,0.10,104.2
1046,17.4167,-7.30,5.98,202.5,0.13,2.10,54.6
1047,17.4333,-7.58,6.01,214.0,3.05,-0.01,97.0
1048,17.4500,-7.07,5.79,176.8,2.89,0.03,82.3
1049,17.4667,-7.49,6.01,219.3,2.92,0.02,102.7
1050,17.4833,-7.21,5.95,199.7,2.72,0.06,85.9
1051,17.5000,-7.67,6.02,242.9,2.90,0.04,116.6
1052,17.5167,-7.28,5.96,206.3,2.96,0.01,121.8
1053,17.5333,-7.60,6.05,232.0,2.92,0.03,110.3
1054,17.5500,-7.36,6.02,208.8,2.95,0.05,116.1
1055,17.5667,-7.53,6.03,224.7,2.94,0.04,102.2
1056,17.5833,-7.73,6.11,230.6,0.69,2.02,60.7
1057,17.6000,-7.56,6.06,210.8,3.26,-0.04,63.0
1058,17.6167,-7.51,6.06,209.8,3.31,-0.04,54.3
1059,17.6333,-7.63,6.10,221.6,0.48,2.17,77.4
1060,17.6500,-7.66,6.11,222.3,0.35,2.37,75.5
1061,17.6667,-7.72,6.13,236.6,0.07,2.58,78.4
1062,17.6833,-7.69,6.13,234.4,0.01,3.02,69.1
1063,17.7000,-7.77,6.17,240.1,-12.21,14.02,57.5
1064,17.7167,-7.74,6.16,239.7,-12.31,14.06,70.0
1065,17.7333,-7.81,6.18,238.0,0.45,2.28,56.1
1066,17.7500,0.00,-0.00,470.2,0.00,-0.00,332.0
1067,17.7667,0.00,-0.00,470.2,0.00,-0.00,332.0
1068,17.7833,0.00,-0.00,470.2,0.00,-0.00,332.0
1069,17.8000,-32.12,26.48,96.3,0.17,12.07,42.5
1070,17.8167,-6.18,5.37,181.2,0.18,1.81,56.5
1071,17.8333,-7.48,6.02,224.8,0.39,2.36,48.9
1072,17.8500,-7.53,6.06,221.8,-12.11,14.24,53.1
1073,17.8667,-7.75,6.10,232.8,2.90,-0.01,64.5
1074,17.8833,-7.84,6.12,230.8,2.19,0.21,72.3
1075,17.9000,-7.83,6.16,248.7,0.11,-0.11,54.6
1076,17.9167,-7.92,6.23,251.2,1.78,4.04,35.6
1077,17.9333,-7.92,6.32,241.0,-0.69,3.71,70.8
1078,17.9500,-7.95,6.34,234.4,1.34,1.65,82.0
1079,17.9667,-7.99,6.42,227.8,0.47,2.20,99.1
1080,17.9833,-8.03,6.48,207.5,0.04,2.79,103.3
1081,18.0000,-8.06,6.58,186.9,-0.03,3.05,95.0
1082,18.0167,-8.05,6.44,189.9,3.76,0.05,89.1
1083,18.0333,-8.09,6.53,180.6,0.09,2.66,67.2
1084,18.0500,-8.13,6.73,167.1,0.03,2.70,69.1
1085,18.0667,-8.23,6.71,150.1,-0.02,2.85,59.7
1086,18.0833,-8.30,6.96,134.6,3.75,0.02,71.4
1087,18.1000,-8.25,6.62,145.7,0.73,2.04,65.1
1088,18.1167,-9.09,7.60,137.1,0.03,3.51,67.7
1089,18.1333,-8.00,6.66,171.2,0.20,2.69,68.1
1090,18.1500,-8.18,7.57,179.8,0.01,3.98,146.3
1091,18.1667,-7.97,7.67,228.8,0.39,3.95,37.8
1092,18.1833,-7.48,7.86,183.4,-0.11,6.15,26.8
1093,18.2000,-6.15,8.02,207.4,8.97,0.04,48.5
1094,18.2167,-5.69,7.98,205.2,-7.89,16.17,55.4
1095,18.2333,-4.18,8.17,200.7,-7.81,17.92,109.8
1096,18.2500,-2.73,8.19,160.0,-5.27,17.76,60.4
1097,18.2667,-1.83,8.15,207.7,-3.16,17.74,45.5
1098,18.2833,-0.04,8.27,195.8,0.10,16.25,115.8
1099,18.3000,1.42,8.06,176.3,0.14,17.76,114.7
1100,18.3167,2.15,7.95,225.1,2.05,17.69,83.9
1101,18.3333,3.71,8.02,186.7,4.05,17.33,56.6
1102,18.3500,4.26,7.68,184.6,5.93,16.01,73.3
1103,18.3667,5.64,7.70,162.2,-0.04,-0.02,63.6
1104,18.3833,6.08,7.32,152.6,-0.06,0.04,78.7
1105,18.4000,6.57,6.40,128.2,0.01,0.02,103.5
1106,18.4167,7.71,6.35,156.8,-0.00,0.02,108.1
1107,18.4333,7.97,6.25,171.5,-0.01,0.01,156.0
1108,18.4500,8.11,6.22,188.4,-0.01,-0.00,178.8
1109,18.4667,8.40,6.08,150.1,-0.02,0.01,122.4
1110,18.4833,8.55,6.11,147.8,-0.00,0.00,201.0
1111,18.5000,9.00,6.20,130.5,0.00,-0.00,176.7
1112,18.5167,9.20,6.18,140.3,-0.00,-0.01,204.8
1113,18.5333,9.09,6.15,134.2,0.01,-0.00,164.7
1114,18.5500,9.67,6.08,158.7,0.00,-0.01,166.4
1115,18.5667,9.75,6.25,148.8,24.27,-0.03,71.8
1116,18.5833,9.66,6.14,164.3,-0.00,0.01,150.1
1117,18.6000,9.34,5.98,144.1,0.02,0.00,152.3
1118,18.6167,9.90,6.24,179.1,0.03,-0.00,139.1
1119,18.6333,9.58,5.96,139.1,0.03,-0.01,126.7
1120,18.6500,9.91,6.27,166.9,-0.00,-0.03,86.5
1121,18.6667,9.65,6.06,166.8,0.01,0.00,168.1
1122,18.6833,9.95,6.20,166.2,-0.00,0.01,113.2
1123,18.7000,9.58,6.09,149.1,0.07,-0.00,108.2
1124,18.7167,9.98,6.13,152.3,0.02,-0.01,127.3
1125,18.7333,9.67,6.22,143.5,0.01,-0.01,147.1
1126,18.7500,9.71,6.11,155.0,0.00,0.00,162.7
1127,18.7667,9.85,6.26,138.2,0.00,-0.00,171.4
1128,18.7833,9.73,6.19,135.6,0.01,-0.02,163.5
1129,18.8000,9.84,6.20,156.0,-0.00,-0.00,175.0
1130,18.8167,9.46,6.19,127.9,0.01,0.00,189.2
1131,18.8333,9.80,6.26,117.0,0.01,-0.01,161.3
1132,18.8500,9.72,6.19,135.1,-0.01,0.01,181.1
1133,18.8667,9.47,6.44,105.6,0.01,-0.01,210.6
1134,18.8833,9.75,6.28,121.0,-0.01,0.00,222.7
1135,18.9000,9.43,6.40,105.2,-0.00,-0.01,210.4
1136,18.9167,9.45,6.29,112.1,0.01,-0.02,145.7
1137,18.9333,9.06,6.43,93.0,0.00,0.02,176.1
1138,18.9500,-0.19,-0.33,115.0,0.00,0.00,171.9
1139,18.9667,-0.06,-0.81,90.9,-0.00,0.00,197.3
1140,18.9833,-0.11,-0.46,112.0,0.01,0.03,129.3
1141,19.0000,-0.07,-0.50,111.8,-0.01,0.02,158.0
1142,19.0167,8.37,6.33,106.9,-0.00,0.03,149.2
1143,19.0333,-0.10,-0.47,112.0,-0.00,0.02,144.2
1144,19.0500,-0.38,-0.38,104.0,-0.00,-0.00,151.8
1145,19.0667,-0.09,-0.70,93.4,-0.00,0.00,158.1
1146,19.0833,8.09,6.39,131.1,0.01,0.03,151.3
1147,19.1000,8.09,6.39,102.9,-0.01,0.00,160.2
1148,19.1167,8.05,6.42,114.3,0.01,0.05,150.8
1149,19.1333,0.10,-1.15,105.2,-0.01,0.04,143.3
1150,19.1500,-0.32,-0.90,99.8,-0.00,0.03,153.1
1151,19.1667,0.20,-1.48,121.2,-0.01,0.02,168.6
1152,19.1833,0.02,-1.25,112.8,-0.00,0.01,189.0
1153,19.2000,0.22,-1.51,130.8,-0.01,0.01,175.6
1154,19.2167,0.06,-1.27,115.7,0.00,-0.01,175.1
1155,19.2333,0.20,-1.61,136.7,0.00,0.00,181.5
1156,19.2500,0.01,-1.34,119.5,-0.01,-0.01,176.2
1157,19.2667,-0.24,-0.88,110.7,-0.01,0.00,159.4
1158,19.2833,0.22,-1.68,140.2,0.00,-0.01,144.4
1159,19.3000,0.02,-1.43,118.2,-0.00,0.00,163.6
1160,19.3167,0.21,-1.64,129.9,-0.00,-0.00,193.3
1161,19.3333,8.10,7.49,127.6,0.00,0.02,126.8
1162,19.3500,8.13,7.49,134.9,-0.00,0.02,106.7
1163,19.3667,8.13,7.64,145.3,-0.02,-0.00,124.6
1164,19.3833,8.09,7.75,156.6,-0.00,0.00,79.2
1165,19.4000,8.09,7.82,158.9,-0.00,0.02,82.6
1166,19.4167,8.12,7.80,173.5,-0.01,0.02,78.0
1167,19.4333,8.09,7.88,175.9,-0.02,0.03,81.2
1168,19.4500,8.06,7.98,188.3,-0.03,0.03,71.9
1169,19.4667,8.02,8.04,197.5,0.02,0.00,90.3
1170,19.4833,7.97,8.13,183.1,-0.00,-0.00,75.5
1171,19.5000,7.81,8.10,187.8,0.00,-0.01,100.4
1172,19.5167,7.45,8.22,148.0,0.02,0.04,80.8
1173,19.5333,6.97,8.23,115.3,0.01,0.02,81.6
1174,19.5500,6.05,8.50,158.6,0.03,0.00,90.2
1175,19.5667,5.61,8.99,116.4,0.02,0.00,97.9
1176,19.5833,4.65,9.12,113.7,-0.01,-0.01,102.0
1177,19.6000,4.03,9.78,187.4,0.01,-0.01,145.2
1178,19.6167,3.67,9.97,171.9,-0.00,-0.01,118.3
1179,19.6333,2.53,9.75,153.7,-0.01,0.02,127.4
1180,19.6500,2.03,10.01,217.9,0.00,-0.03,128.6
1181,19.6667,1.74,10.05,192.8,0.01,-0.01,134.5
1182,19.6833,0.55,10.04,157.0,0.01,0.01,145.8
1183,19.7000,0.19,10.09,197.6,0.02,-0.01,167.9
1184,19.7167,-0.03,10.14,201.2,-0.00,-0.00,176.3
1185,19.7333,-0.21,10.17,187.0,0.00,-0.00,170.4
1186,19.7500,-0.38,10.27,153.8,0.00,-0.00,161.6
1187,19.7667,-0.79,10.23,126.2,0.01,0.01,164.4
1188,19.7833,-1.54,11.83,138.6,0.01,0.01,166.9
1189,19.8000,-1.78,11.96,165.2,0.01,0.01,165.4
1190,19.8167,-0.02,11.95,178.5,0.00,0.01,163.9
1191,19.8333,-0.17,11.10,115.0,-0.00,0.01,147.0
1192,19.8500,-2.00,11.21,111.4,-0.00,0.01,186.5
1193,19.8667,-1.81,10.04,152.3,-0.00,0.01,144.6
1194,19.8833,-0.09,-0.42,143.5,-0.01,0.01,163.9
1195,19.9000,0.32,-0.11,138.0,0.00,-0.01,124.3
1196,19.9167,-0.04,-0.36,162.3,0.01,0.01,125.4
1197,19.9333,0.61,0.04,138.8,-0.00,0.01,122.7
1198,19.9500,0.65,0.10,156.1,-0.00,-0.00,113.0
1199,19.9667,0.75,0.09,157.7,0.02,0.02,97.0
1200,19.9833,0.63,0.12,175.4,-0.00,0.02,100.7
1201,20.0000,0.85,0.19,171.0,-0.01,0.03,97.2
1202,20.0167,1.91,0.01,241.3,-0.02,0.02,75.5
1203,20.0333,0.67,0.18,200.6,-0.04,-0.00,79.0
1204,20.0500,1.92,0.03,254.4,0.04,-0.02,66.1
1205,20.0667,1.93,0.03,258.9,-0.00,0.02,71.5
1206,20.0833,3.20,-0.15,165.3,0.02,0.01,59.0
1207,20.1000,1.91,0.02,261.9,-0.01,0.02,66.0
1208,20.1167,1.89,0.02,260.7,-0.04,-0.05,67.8
1209,20.1333,2.96,0.38,159.6,-0.04,0.09,62.6
1210,20.1500,1.87,0.02,250.9,0.00,0.03,65.5
1211,20.1667,2.90,0.35,151.4,0.01,0.03,61.5
1212,20.1833,3.11,-0.20,149.8,-0.07,-0.01,53.1
1213,20.2000,2.97,0.37,143.2,0.03,0.03,61.8
1214,20.2167,3.04,-0.25,140.8,-0.07,-0.02,58.7
1215,20.2333,4.05,0.13,199.8,0.03,0.02,74.6
1216,20.2500,2.85,0.31,139.6,0.00,0.02,98.9
1217,20.2667,4.97,0.76,118.5,0.02,-0.01,76.9
1218,20.2833,4.72,0.53,130.9,0.02,0.00,80.3
1219,20.3000,5.98,0.24,154.9,0.01,0.01,85.8
1220,20.3167,5.88,0.11,157.5,0.01,0.01,87.7
1221,20.3333,5.89,0.08,154.7,0.03,0.01,86.2
1222,20.3500,5.86,0.04,149.4,0.01,-0.01,82.6
1223,20.3667,6.32,0.52,111.4,-0.01,-0.01,77.8
1224,20.3833,4.16,-0.16,117.4,0.00,0.03,75.6
1225,20.4000,5.33,-0.58,89.4,0.04,-0.02,70.9
1226,20.4167,4.16,-0.29,87.0,-0.04,-0.05,60.6
1227,20.4333,5.84,-0.15,113.1,-10.22,12.72,67.5
1228,20.4500,-0.06,-0.30,82.7,-9.76,13.27,76.5
1229,20.4667,4.16,-1.87,90.2,-10.61,12.87,72.2
1230,20.4833,-0.15,-0.27,97.5,-11.10,12.19,76.1
1231,20.5000,3.77,-2.24,104.3,-11.74,12.26,105.5
1232,20.5167,0.17,-0.18,106.5,-11.65,12.16,129.3
1233,20.5333,0.18,-0.17,108.1,-11.97,12.23,148.0
1234,20.5500,0.18,-0.01,157.3,-12.06,12.18,151.7
1235,20.5667,0.36,-0.05,128.0,-12.21,12.13,156.9
1236,20.5833,0.21,-0.01,185.5,-12.39,12.06,152.8
1237,20.6000,0.21,0.03,210.3,-12.48,12.01,149.5
1238,20.6167,0.17,0.02,228.2,-13.00,11.96,124.3
1239,20.6333,0.02,-0.06,266.3,-13.46,12.04,139.5
1240,20.6500,0.01,-0.03,288.1,-13.67,11.96,161.7
1241,20.6667,0.16,0.06,260.6,-13.80,11.98,162.5
1242,20.6833,0.13,0.06,264.0,-13.84,11.89,172.3
1243,20.7000,0.02,-0.03,301.0,-13.82,11.85,178.3
1244,20.7167,0.02,-0.02,292.6,-13.83,11.80,168.0
1245,20.7333,0.13,0.06,260.0,-13.97,11.93,182.4
1246,20.7500,0.02,-0.01,288.0,-13.89,11.61,140.0
1247,20.7667,0.02,-0.01,286.1,-13.95,11.77,159.4
1248,20.7833,0.12,0.07,251.4,-14.10,11.81,129.0
1249,20.8000,0.02,-0.01,267.9,-13.90,11.64,131.9
1250,20.8167,0.01,-0.02,260.2,-14.06,11.52,103.9
1251,20.8333,0.01,-0.02,238.5,-14.13,11.58,93.8
1252,20.8500,-0.01,-0.01,244.6,-14.23,11.58,76.3
1253,20.8667,0.01,-0.00,239.5,-14.07,11.73,82.9
1254,20.8833,-0.00,0.00,226.8,-14.03,11.97,115.5
1255,20.9000,-0.00,0.01,221.4,-37.91,-13.45,64.3
1256,20.9167,-0.01,0.01,221.2,-16.01,10.15,124.4
1257,20.9333,0.01,-0.00,212.6,-14.06,12.31,89.3
1258,20.9500,-0.01,0.01,202.6,-15.95,10.72,80.1
1259,20.9667,-0.00,0.01,190.9,-14.01,13.32,77.9
1260,20.9833,0.16,0.13,168.1,-33.93,-7.95,52.8
1261,21.0000,-0.01,-0.00,181.7,-14.07,12.68,101.9
1262,21.0167,0.02,-0.02,182.2,-14.14,13.81,53.3
1263,21.0333,0.02,-0.03,138.6,-8.29,20.11,17.5
1264,21.0500,0.02,0.00,167.0,-16.00,12.09,111.1
1265,21.0667,0.33,0.20,124.2,-36.07,-7.99,50.8
1266,21.0833,0.01,-0.01,131.1,-14.58,12.70,38.7
1267,21.1000,0.02,-0.00,133.0,-15.66,9.45,35.3
1268,21.1167,0.02,-0.00,135.9,-15.91,12.82,81.3
1269,21.1333,0.01,-0.01,125.8,-15.99,13.80,117.4
1270,21.1500,0.29,0.24,106.1,-16.06,14.06,119.8
1271,21.1667,0.03,-0.03,121.7,-15.99,13.64,113.8
1272,21.1833,0.00,-0.02,116.6,-16.08,14.01,110.6
1273,21.2000,0.01,0.00,113.4,-15.90,14.13,80.2
1274,21.2167,-0.01,-0.02,117.9,-15.99,13.98,94.8
1275,21.2333,0.35,0.25,96.6,-16.00,15.92,100.1
1276,21.2500,0.01,-0.05,106.0,-16.06,14.00,95.8
1277,21.2667,-8.09,5.70,108.8,-0.02,0.01,87.7
1278,21.2833,-0.03,-0.04,104.1,-0.01,0.01,133.0
1279,21.3000,-0.02,-0.02,100.6,-0.00,-0.00,179.9
1280,21.3167,-8.54,5.57,88.8,-0.00,-0.00,233.6
1281,21.3333,-0.02,-0.04,97.8,-0.00,-0.00,285.7
1282,21.3500,-7.96,5.51,115.3,-0.00,0.00,311.9
1283,21.3667,-8.25,5.35,93.3,-0.00,0.00,325.4
1284,21.3833,-7.88,5.19,102.2,-0.00,-0.00,331.5
1285,21.4000,-8.09,5.31,101.6,0.00,-0.00,332.0
1286,21.4167,-8.14,5.39,109.7,-0.00,-0.00,332.0
1287,21.4333,-7.89,5.14,95.4,0.00,0.00,332.0
1288,21.4500,-7.81,5.07,109.1,0.00,0.00,332.0
1289,21.4667,-8.08,5.40,117.0,-0.00,-0.00,332.0
1290,21.4833,-7.98,5.31,128.6,-0.00,-0.00,331.6
1291,21.5000,-7.96,5.14,112.6,0.00,0.00,329.9
1292,21.5167,-8.15,5.40,115.9,-0.00,0.00,327.0
1293,21.5333,-8.00,5.07,112.6,-0.00,-0.00,318.3
1294,21.5500,-8.07,5.37,132.1,0.00,0.00,301.1
1295,21.5667,-8.24,5.58,132.8,-0.00,0.00,275.3
1296,21.5833,-8.01,5.25,136.2,0.00,0.01,248.1
1297,21.6000,-8.41,5.62,134.7,0.00,0.00,216.3
1298,21.6167,-8.16,5.46,146.2,-0.02,-0.00,173.8
1299,21.6333,-8.12,5.44,154.3,-0.03,-0.00,139.4
1300,21.6500,-8.47,5.71,148.5,-0.04,-0.02,111.1
1301,21.6667,-8.13,5.37,158.2,-0.02,-0.01,96.8
1302,21.6833,-8.32,5.59,158.1,-0.04,-0.01,82.3
1303,21.7000,-8.78,5.77,144.7,-14.10,10.21,105.4
1304,21.7167,-8.24,5.49,155.9,-13.87,9.90,105.1
1305,21.7333,-8.80,5.72,146.4,-13.99,10.45,89.2
1306,21.7500,-8.60,5.61,155.3,-14.00,10.41,106.7
1307,21.7667,-8.96,5.69,142.0,-14.04,11.84,103.7
1308,21.7833,-8.48,5.49,156.9,-14.19,10.00,130.3
1309,21.8000,-9.37,5.63,164.7,-15.24,10.64,79.1
1310,21.8167,-8.66,5.58,155.7,-14.41,10.48,100.1
1311,21.8333,-9.57,5.71,178.9,-15.95,11.37,130.7
1312,21.8500,-9.35,5.50,160.6,-14.13,11.48,99.8
1313,21.8667,-9.33,5.50,158.6,-15.95,10.05,127.4
1314,21.8833,-9.70,5.69,193.8,-15.58,11.59,66.7
1315,21.9000,-9.49,5.60,174.8,-15.92,10.20,75.4
1316,21.9167,-9.64,5.62,183.8,-16.04,10.46,134.2
1317,21.9333,-9.70,5.71,194.9,-15.53,11.82,118.5
1318,21.9500,-9.86,5.72,205.8,-15.86,11.90,110.8
1319,21.9667,-9.82,5.68,204.3,-15.95,11.51,123.4
1320,21.9833,-9.98,5.72,209.3,-16.15,11.74,125.9
1321,22.0000,-9.95,5.75,218.5,-16.03,12.13,136.6
1322,22.0167,-9.92,5.65,206.6,-15.90,11.90,116.4
1323,22.0333,-10.02,5.75,233.2,-16.05,12.66,79.7
1324,22.0500,-10.08,5.76,228.2,-16.77,11.98,74.9
1325,22.0667,-10.04,5.68,213.4,-16.13,13.55,77.6
1326,22.0833,-10.24,5.74,228.9,-17.55,12.49,72.3
1327,22.1000,-10.07,5.66,224.7,-16.34,12.26,85.2
1328,22.1167,-10.20,5.72,228.5,-0.03,-0.05,88.3
1329,22.1333,-10.26,5.68,226.4,0.01,-0.06,115.0
1330,22.1500,-10.33,5.74,223.6,-0.00,0.02,137.2
1331,22.1667,-10.19,5.54,208.1,0.01,-0.00,180.0
1332,22.1833,-10.56,5.76,209.3,0.00,-0.00,218.9
1333,22.2000,-10.23,5.52,210.3,0.00,-0.00,251.7
1334,22.2167,-10.83,5.75,194.9,0.00,-0.00,283.4
1335,22.2333,-10.28,5.47,199.0,-0.00,0.00,308.8
1336,22.2500,-10.89,5.71,183.2,0.00,-0.00,322.1
1337,22.2667,-10.54,5.58,195.3,-0.00,-0.00,328.9
1338,22.2833,-10.49,5.58,197.8,0.00,-0.00,331.2
1339,22.3000,-11.14,5.98,176.3,-0.00,0.00,331.9
1340,22.3167,-10.67,5.39,174.3,-0.00,-0.00,332.0
1341,22.3333,-11.23,5.99,170.1,-0.00,0.00,332.0
1342,22.3500,-10.83,5.26,167.8,0.00,-0.00,332.0
1343,22.3667,-11.46,5.96,173.3,-0.00,0.00,332.0
1344,22.3833,-11.47,5.96,177.1,-0.00,0.00,332.0
1345,22.4000,-9.91,4.89,160.0,0.00,-0.00,332.0
1346,22.4167,-11.72,5.95,191.0,0.00,0.00,331.6
1347,22.4333,-9.92,4.74,164.5,0.00,-0.00,330.1
1348,22.4500,-11.92,5.93,207.1,-0.00,0.00,326.5
1349,22.4667,-11.76,5.90,172.9,0.00,-0.00,320.6
1350,22.4833,-11.73,5.84,160.1,0.00,0.00,311.4
1351,22.5000,-11.97,5.83,195.9,0.00,-0.00,294.9
1352,22.5167,-10.01,4.37,159.0,0.00,-0.00,274.4
1353,22.5333,-12.02,5.70,174.8,0.00,-0.00,244.4
1354,22.5500,-11.95,5.68,161.4,-0.00,-0.00,216.0
1355,22.5667,-10.18,4.19,151.9,0.01,0.00,174.2
1356,22.5833,-12.09,5.47,188.5,-0.02,-0.01,144.3
1357,22.6000,-10.23,4.14,155.7,-0.01,-0.00,135.6
1358,22.6167,-12.13,5.40,181.4,0.02,0.01,119.7
1359,22.6333,-12.04,5.15,137.2,0.04,-0.03,93.0
1360,22.6500,-12.20,5.21,157.4,-16.05,8.15,113.0
1361,22.6667,-11.34,4.90,147.6,-15.91,8.12,118.5
1362,22.6833,-11.45,4.95,151.1,-16.11,7.99,125.3
1363,22.7000,-11.55,4.50,173.9,-16.06,8.03,143.4
1364,22.7167,-11.39,4.55,158.2,-15.97,8.09,144.1
1365,22.7333,-11.62,4.55,168.7,-24.04,0.15,59.5
1366,22.7500,-11.60,4.34,182.4,-16.33,5.85,29.7
1367,22.7667,-11.74,4.28,191.0,-15.77,8.86,54.6
1368,22.7833,-11.53,4.37,167.4,-15.79,8.01,85.1
1369,22.8000,-11.53,4.16,166.3,-16.01,8.70,66.9
1370,22.8167,-11.69,4.25,165.8,-17.68,7.87,65.3
1371,22.8333,-11.71,4.12,171.9,-16.37,9.66,54.9
1372,22.8500,-11.71,4.15,180.6,-17.91,8.11,75.9
1373,22.8667,-11.62,4.09,173.8,-15.89,9.39,57.9
1374,22.8833,-11.96,4.13,175.7,-17.48,8.30,31.3
1375,22.9000,-11.79,4.06,185.7,-16.07,9.77,91.3
1376,22.9167,-11.93,4.03,179.9,-16.91,8.81,39.5
1377,22.9333,-11.94,4.04,178.2,-17.79,9.10,62.3
1378,22.9500,-11.79,4.02,179.9,-17.71,8.52,84.7
1379,22.9667,-12.18,4.06,160.3,-18.06,9.41,84.3
1380,22.9833,-12.08,3.97,170.7,-17.27,9.96,69.8
1381,23.0000,-11.82,3.94,163.2,-17.56,9.40,75.7
1382,23.0167,-12.36,4.04,139.4,-19.89,8.01,74.7
1383,23.0333,-12.09,4.01,165.7,-18.86,8.47,58.2
1384,23.0500,-12.12,3.98,141.2,-18.04,9.87,97.9
1385,23.0667,-12.20,3.90,144.4,-19.71,8.07,63.0
1386,23.0833,-12.17,3.90,142.9,-28.12,-1.83,45.3
1387,23.1000,-12.24,3.96,135.5,-19.82,7.95,58.1
1388,23.1167,-12.31,3.84,141.8,-17.23,8.09,52.3
1389,23.1333,-12.32,3.73,128.8,-16.96,7.85,60.1
1390,23.1500,-12.33,3.78,126.9,-17.47,7.66,57.3
1391,23.1667,-12.35,3.85,142.2,-17.88,7.82,48.4
1392,23.1833,-12.43,3.65,108.9,-17.88,8.03,65.3
1393,23.2000,-12.51,3.56,95.9,-17.69,7.53,30.0
1394,23.2167,-13.57,2.43,91.9,-19.06,0.05,28.4
1395,23.2333,-13.80,2.30,95.0,-0.01,0.01,65.4
1396,23.2500,-13.70,2.20,119.8,-0.01,0.01,71.3
1397,23.2667,-13.80,2.10,126.1,-0.02,-0.00,76.1
1398,23.2833,-13.88,1.95,122.5,-15.35,2.07,47.7
1399,23.3000,-13.82,2.02,139.4,-14.65,0.04,47.7
1400,23.3167,-14.09,1.88,143.5,-0.00,-0.00,99.7
1401,23.3333,-14.14,1.79,116.5,-10.38,-0.14,37.1
1402,23.3500,-14.03,1.84,117.1,-15.78,0.32,56.6
1403,23.3667,-15.49,0.31,105.8,-0.00,-0.01,89.9
1404,23.3833,-15.59,0.16,145.3,0.01,-0.00,121.9
1405,23.4000,-15.51,0.20,144.6,-0.01,0.00,107.9
1406,23.4167,-14.77,0.19,138.8,0.01,0.01,114.2
1407,23.4333,-15.40,0.08,165.1,0.00,-0.00,126.6
1408,23.4500,-14.32,0.03,187.5,0.01,-0.00,118.3
1409,23.4667,-14.71,-0.05,157.4,-0.01,-0.01,98.8
1410,23.4833,-14.65,-0.04,152.2,-20.09,0.03,85.1
1411,23.5000,-14.52,-0.07,168.3,-20.02,-0.19,100.7
1412,23.5167,-14.43,-0.08,170.7,-20.04,-0.11,116.6
1413,23.5333,-14.62,-0.08,150.2,-20.19,-0.24,91.7
1414,23.5500,-14.58,-0.12,146.2,-20.21,-0.43,91.5
1415,23.5667,-14.95,-0.13,125.6,-20.49,-1.15,55.2
1416,23.5833,-14.21,-0.13,159.5,-20.28,-0.25,75.7
1417,23.6000,-14.61,-0.13,135.0,-21.54,0.57,62.9
1418,23.6167,-14.52,-0.13,137.6,-21.92,0.51,80.2
1419,23.6333,-15.42,-0.69,132.8,-23.85,-0.44,69.8
1420,23.6500,-14.28,-0.17,136.9,-22.50,-1.72,86.5
1421,23.6667,-14.46,-0.09,134.9,-22.56,-0.49,68.4
1422,23.6833,-14.38,-0.13,137.2,-23.57,-1.65,61.6
1423,23.7000,-14.39,-0.10,124.5,-23.10,-1.03,52.2
1424,23.7167,-14.28,-0.11,141.1,-22.85,-1.79,52.1
1425,23.7333,-14.27,-0.10,143.8,-22.41,-1.89,40.9
1426,23.7500,-15.88,-1.64,120.0,-26.06,-1.56,38.6
1427,23.7667,-14.57,-0.08,116.3,-27.82,-2.63,54.5
1428,23.7833,-14.26,-0.10,131.1,-28.02,-2.53,61.3
1429,23.8000,-14.26,-0.10,150.8,-27.65,-2.01,54.2
1430,23.8167,-14.27,-0.20,125.0,-27.87,-1.86,75.9
1431,23.8333,-14.47,-0.14,117.5,-28.45,-2.06,55.6
1432,23.8500,-15.67,-1.74,118.5,-25.91,-2.15,41.9
1433,23.8667,-15.62,-1.95,148.3,-23.77,-4.42,27.9
1434,23.8833,-14.74,-1.70,116.9,-25.38,-3.57,45.6
1435,23.9000,-14.22,-1.96,150.7,-22.34,-5.25,26.7
1436,23.9167,-13.97,-2.08,138.2,-23.88,-7.62,57.0
1437,23.9333,-14.14,-3.74,146.0,-24.08,-8.07,38.4
1438,23.9500,-13.78,-4.03,148.4,-20.47,-9.60,38.3
1439,23.9667,-12.18,-3.97,163.4,-23.11,-11.44,41.9
1440,23.9833,-11.85,-4.35,124.6,-22.24,-10.41,39.3
