frame,t_s,n_pairs,median_spacing_px,pairs
700,11.6500,2,156.95,199.7@y1051 114.2@y1410
701,11.6667,1,199.4,199.4@y1059
702,11.6833,1,199.2,199.2@y1068
703,11.7000,2,206.8,213.9@y865 199.7@y1076
704,11.7167,2,202.35,205.6@y873 199.1@y1084
705,11.7333,2,201.95,202.4@y881 201.5@y1094
706,11.7500,2,200.3,201.2@y889 199.4@y1102
707,11.7667,2,200.05,200.8@y897 199.3@y1112
708,11.7833,2,201.35000000000002,201.9@y907 200.8@y1122
709,11.8000,2,198.6,202.5@y915 194.7@y1129
710,11.8167,2,195.25,203.0@y924 187.5@y1135
711,11.8333,2,183.6,205.0@y933 162.2@y1133
712,11.8500,2,179.75,204.1@y941 155.4@y1140
713,11.8667,2,174.3,202.0@y951 146.6@y1147
714,11.8833,2,172.45,203.7@y960 141.2@y1154
715,11.9000,2,170.0,203.9@y968 136.1@y1163
716,11.9167,2,167.95,205.3@y977 130.6@y1171
717,11.9333,1,205.9,205.9@y988
718,11.9500,1,207.6,207.6@y996
719,11.9667,1,210.3,210.3@y1006
720,11.9833,1,212.1,212.1@y1015
721,12.0000,1,216.9,216.9@y1026
722,12.0167,1,222.6,222.6@y1035
723,12.0333,1,228.0,228.0@y1045
724,12.0500,1,249.4,249.4@y1186
725,12.0667,1,243.7,243.7@y1199
726,12.0833,1,239.6,239.6@y1213
727,12.1000,1,206.3,206.3@y1334
728,12.1167,1,209.2,209.2@y1346
729,12.1333,1,206.4,206.4@y1355
730,12.1500,1,206.6,206.6@y1363
731,12.1667,1,205.4,205.4@y1370
732,12.1833,2,216.3,227.7@y1120 204.9@y1376
733,12.2000,2,210.85,217.7@y1125 204.0@y1380
734,12.2167,2,208.10000000000002,211.3@y1129 204.9@y1385
735,12.2333,2,204.65,205.9@y1132 203.4@y1388
736,12.2500,2,205.25,207.1@y1135 203.4@y1391
737,12.2667,2,204.35000000000002,205.9@y1137 202.8@y1392
738,12.2833,2,202.95,206.6@y1138 199.3@y1393
739,12.3000,2,202.8,206.9@y1139 198.7@y1393
740,12.3167,2,202.65,205.9@y1138 199.4@y1393
741,12.3333,2,201.55,206.2@y1138 196.9@y1392
742,12.3500,2,195.39999999999998,203.7@y1137 187.1@y1384
743,12.3667,2,180.7,203.6@y1136 157.8@y1373
744,12.3833,2,178.0,203.8@y1135 152.2@y1369
745,12.4000,2,187.7,203.6@y1133 171.8@y1387
746,12.4167,2,179.75,202.5@y1131 157.0@y1393
747,12.4333,2,177.8,203.2@y1130 152.4@y1410
748,12.4500,2,161.05,181.4@y1051 140.7@y1429
749,12.4667,2,159.65,191.8@y1049 127.5@y1452
750,12.4833,2,164.4,201.4@y1128 127.4@y1451
751,12.5000,1,201.5,201.5@y1128
752,12.5167,2,203.10000000000002,204.3@y931 201.9@y1129
753,12.5333,2,202.39999999999998,202.2@y932 202.6@y1130
754,12.5500,2,200.7,201.2@y935 200.2@y1132
755,12.5667,2,201.2,201.8@y937 200.6@y1134
756,12.5833,2,199.25,200.1@y939 198.4@y1136
757,12.6000,2,197.1,202.0@y942 192.2@y1137
758,12.6167,2,194.2,200.5@y945 187.9@y1138
759,12.6333,2,184.35000000000002,200.8@y948 167.9@y1133
760,12.6500,2,193.85,201.1@y952 186.6@y1146
761,12.6667,2,192.55,200.8@y957 184.3@y1150
762,12.6833,2,189.3,199.3@y960 179.3@y1153
763,12.7000,2,188.5,200.6@y966 176.4@y1156
764,12.7167,2,186.45,200.9@y971 172.0@y1160
765,12.7333,2,184.45,199.3@y976 169.6@y1164
766,12.7500,2,150.45,199.6@y981 101.3@y1290
767,12.7667,2,196.9,200.8@y987 193.0@y1188
768,12.7833,2,198.3,200.9@y992 195.7@y1196
769,12.8000,2,199.4,199.9@y997 198.9@y1204
770,12.8167,2,199.9,200.5@y1003 199.3@y1213
771,12.8333,2,198.2,198.6@y1009 197.8@y1226
772,12.8500,2,198.2,200.9@y1015 195.5@y1245
773,12.8667,2,195.7,198.9@y1021 192.5@y1270
774,12.8833,2,195.95,199.8@y1027 192.1@y1276
775,12.9000,2,193.6,198.7@y1034 188.5@y1306
776,12.9167,2,190.7,199.5@y1040 181.9@y1340
777,12.9333,2,182.10000000000002,200.4@y1047 163.8@y1371
778,12.9500,2,167.95,199.1@y1052 136.8@y1401
779,12.9667,1,198.7,198.7@y1059
780,12.9833,1,200.2,200.2@y1066
781,13.0000,1,197.6,197.6@y1071
782,13.0167,1,194.1,194.1@y1076
783,13.0333,1,191.0,191.0@y1081
784,13.0500,1,181.2,181.2@y1084
785,13.0667,1,170.7,170.7@y1086
786,13.0833,1,176.2,176.2@y1097
787,13.1000,1,168.0,168.0@y1104
788,13.1167,1,159.3,159.3@y1112
789,13.1333,1,187.6,187.6@y1140
790,13.1500,1,191.7,191.7@y1155
791,13.1667,1,104.1,104.1@y1250
792,13.1833,1,219.3,219.3@y1183
793,13.2000,1,211.2,211.2@y1205
794,13.2167,0,,
795,13.2333,0,,
796,13.2500,1,161.0,161.0@y1295
797,13.2667,1,161.2,161.2@y1328
798,13.2833,1,158.3,158.3@y1341
799,13.3000,1,152.3,152.3@y1379
800,13.3167,1,146.1,146.1@y1420
801,13.3333,0,,
802,13.3500,0,,
803,13.3667,0,,
804,13.3833,1,152.3,152.3@y867
805,13.4000,1,149.6,149.6@y880
806,13.4167,1,150.3,150.3@y894
807,13.4333,1,147.1,147.1@y907
808,13.4500,1,145.1,145.1@y919
809,13.4667,1,144.1,144.1@y931
810,13.4833,1,144.0,144.0@y943
811,13.5000,1,141.2,141.2@y954
812,13.5167,1,140.6,140.6@y965
813,13.5333,1,139.1,139.1@y975
814,13.5500,1,139.9,139.9@y986
815,13.5667,1,137.5,137.5@y996
816,13.5833,1,137.6,137.6@y1006
817,13.6000,1,136.0,136.0@y1016
818,13.6167,2,136.05,136.6@y888 135.5@y1025
819,13.6333,2,135.85000000000002,136.8@y898 134.9@y1034
820,13.6500,2,134.3,134.3@y906 134.3@y1043
821,13.6667,2,134.05,134.0@y915 134.1@y1053
822,13.6833,2,134.7,134.8@y923 134.6@y1062
823,13.7000,2,133.9,133.9@y931 133.9@y1071
824,13.7167,2,131.85000000000002,131.8@y939 131.9@y1079
825,13.7333,2,131.89999999999998,132.2@y948 131.6@y1088
826,13.7500,2,131.85000000000002,130.9@y956 132.8@y1098
827,13.7667,2,131.85,131.2@y964 132.5@y1106
828,13.7833,2,131.64999999999998,132.1@y973 131.2@y1114
829,13.8000,2,131.10000000000002,132.4@y981 129.8@y1123
830,13.8167,2,129.95,131.6@y989 128.3@y1131
831,13.8333,2,130.55,132.2@y997 128.9@y1139
832,13.8500,2,131.2,133.1@y1005 129.3@y1148
833,13.8667,2,131.05,131.8@y1013 130.3@y1157
834,13.8833,2,130.85,131.6@y1021 130.1@y1166
835,13.9000,2,127.7,131.0@y1029 124.4@y1172
836,13.9167,2,125.85,130.6@y1035 121.1@y1178
837,13.9333,2,123.75,131.2@y1043 116.3@y1184
838,13.9500,3,131.2,131.6@y914 131.2@y1051 110.3@y1190
839,13.9667,3,130.9,130.9@y922 131.4@y1059 103.1@y1195
840,13.9833,2,130.75,130.7@y929 130.8@y1067
841,14.0000,3,130.5,130.5@y936 130.5@y1075 121.7@y1221
842,14.0167,2,130.15,130.5@y942 129.8@y1082
843,14.0333,3,130.1,131.4@y950 129.9@y1090 130.1@y1242
844,14.0500,3,130.6,131.6@y958 130.1@y1098 130.6@y1254
845,14.0667,3,130.9,130.9@y965 129.4@y1105 131.4@y1271
846,14.0833,3,130.3,131.7@y971 130.3@y1113 129.2@y1279
847,14.1000,3,130.4,130.9@y978 130.4@y1121 128.0@y1299
848,14.1167,3,129.3,131.0@y986 129.3@y1129 126.8@y1322
849,14.1333,2,130.0,131.1@y994 128.9@y1137
850,14.1500,2,128.6,129.9@y1001 127.3@y1144
851,14.1667,3,128.1,131.5@y1008 128.1@y1153 119.7@y1410
852,14.1833,3,129.8,130.9@y1015 129.8@y1161 119.5@y1419
853,14.2000,2,130.4,131.0@y1023 129.8@y1169
854,14.2167,2,130.10000000000002,130.8@y1030 129.4@y1178
855,14.2333,2,128.6,128.7@y981 128.5@y1186
856,14.2500,2,127.14999999999999,129.7@y1046 124.6@y1194
857,14.2667,2,127.15,132.0@y1056 122.3@y1203
858,14.2833,2,124.6,132.1@y1065 117.1@y1210
859,14.3000,1,130.0,130.0@y1074
860,14.3167,1,130.3,130.3@y1083
861,14.3333,1,131.6,131.6@y1093
862,14.3500,1,132.4,132.4@y1101
863,14.3667,1,132.2,132.2@y1110
864,14.3833,1,129.2,129.2@y1060
865,14.4000,1,131.4,131.4@y1127
866,14.4167,1,132.2,132.2@y1136
867,14.4333,1,132.8,132.8@y1144
868,14.4500,1,132.3,132.3@y1151
869,14.4667,2,130.5,130.3@y1158 130.7@y1324
870,14.4833,2,132.65,131.0@y1166 134.3@y1330
871,14.5000,2,133.5,132.3@y1174 134.7@y1339
872,14.5167,2,134.55,133.5@y1182 135.6@y1347
873,14.5333,2,134.60000000000002,133.8@y1190 135.4@y1355
874,14.5500,2,135.55,135.3@y1197 135.8@y1363
875,14.5667,2,134.8,135.9@y1204 133.7@y1371
876,14.5833,2,134.75,134.5@y1211 135.0@y1380
877,14.6000,2,135.0,134.6@y1217 135.4@y1388
878,14.6167,1,135.0,135.0@y1396
879,14.6333,1,131.7,131.7@y1402
880,14.6500,1,132.6,132.6@y1412
881,14.6667,1,142.1,142.1@y1423
882,14.6833,1,137.5,137.5@y1428
883,14.7000,1,133.7,133.7@y1437
884,14.7167,0,,
885,14.7333,1,133.6,133.6@y1454
886,14.7500,0,,
887,14.7667,1,135.2,135.2@y1474
888,14.7833,1,136.7,136.7@y1484
889,14.8000,0,,
890,14.8167,1,134.5,134.5@y1503
891,14.8333,0,,
892,14.8500,0,,
893,14.8667,0,,
894,14.8833,1,133.1,133.1@y1525
895,14.9000,0,,
896,14.9167,1,133.0,133.0@y1532
897,14.9333,0,,
898,14.9500,1,131.6,131.6@y1539
899,14.9667,0,,
900,14.9833,1,132.1,132.1@y1542
901,15.0000,0,,
902,15.0167,0,,
903,15.0333,1,135.8,135.8@y1542
904,15.0500,1,135.8,135.8@y1543
905,15.0667,1,133.7,133.7@y1544
906,15.0833,1,133.1,133.1@y1544
907,15.1000,0,,
908,15.1167,1,132.0,132.0@y1542
909,15.1333,1,132.0,132.0@y1540
910,15.1500,1,131.8,131.8@y1538
911,15.1667,1,132.0,132.0@y1536
912,15.1833,1,132.6,132.6@y1532
913,15.2000,0,,
914,15.2167,1,137.4,137.4@y1276
915,15.2333,1,135.1,135.1@y1343
916,15.2500,2,132.45,134.4@y1191 130.5@y1338
917,15.2667,1,132.6,132.6@y1188
918,15.2833,1,130.5,130.5@y1184
919,15.3000,2,131.45,130.4@y1183 132.5@y1332
920,15.3167,1,129.5,129.5@y1180
