frame,t_s,found,knob_x,knob_y,knob_w,knob_h,area_full,fill
250,4.1500,0,,,,,,
251,4.1667,0,,,,,,
252,4.1833,0,,,,,,
253,4.2000,0,,,,,,
254,4.2167,0,,,,,,
255,4.2333,0,,,,,,
256,4.2500,0,,,,,,
257,4.2667,0,,,,,,
258,4.2833,0,,,,,,
259,4.3000,0,,,,,,
260,4.3167,0,,,,,,
261,4.3333,0,,,,,,
262,4.3500,0,,,,,,
263,4.3667,0,,,,,,
264,4.3833,0,,,,,,
265,4.4000,0,,,,,,
266,4.4167,0,,,,,,
267,4.4333,0,,,,,,
268,4.4500,0,,,,,,
269,4.4667,0,,,,,,
270,4.4833,0,,,,,,
271,4.5000,1,661.8,2141.0,152,152,20419,0.76
272,4.5167,1,661.8,2141.0,152,152,20416,0.76
273,4.5333,1,661.8,2141.2,152,151,20374,0.76
274,4.5500,1,661.8,2141.3,152,151,20374,0.76
275,4.5667,1,660.8,2141.2,152,150,19819,0.74
276,4.5833,1,660.4,2141.0,152,150,19565,0.73
277,4.6000,1,660.4,2141.0,152,150,19569,0.73
278,4.6167,1,660.4,2141.0,152,150,19569,0.73
279,4.6333,1,660.4,2141.0,152,150,19569,0.73
280,4.6500,1,660.4,2141.0,152,150,19569,0.73
281,4.6667,1,659.8,2141.1,152,150,19404,0.72
282,4.6833,1,659.8,2141.1,152,150,19404,0.72
283,4.7000,1,659.8,2141.1,152,150,19404,0.72
284,4.7167,1,659.8,2141.1,152,150,19404,0.72
285,4.7333,1,659.8,2141.1,152,150,19404,0.72
286,4.7500,1,659.8,2141.1,152,150,19404,0.72
287,4.7667,1,659.8,2141.1,152,150,19404,0.72
288,4.7833,1,659.8,2141.1,152,150,19404,0.72
289,4.8000,1,659.8,2141.1,152,150,19404,0.72
290,4.8167,1,660.0,2141.6,151,150,19030,0.71
291,4.8333,1,660.0,2141.6,151,150,19030,0.71
292,4.8500,1,660.0,2141.6,151,150,19030,0.71
293,4.8667,1,660.0,2141.6,151,150,19030,0.71
294,4.8833,1,660.0,2141.6,151,150,19030,0.71
295,4.9000,1,660.0,2141.6,151,150,19030,0.71
296,4.9167,1,659.9,2141.1,151,148,18878,0.72
297,4.9333,1,659.9,2141.1,151,148,18878,0.72
298,4.9500,1,659.9,2141.1,151,148,18878,0.72
299,4.9667,1,659.9,2141.1,151,148,18878,0.72
300,4.9833,1,659.9,2141.1,151,148,18878,0.72
301,5.0000,1,659.5,2142.0,150,148,18479,0.74
302,5.0167,1,659.5,2142.0,150,148,18479,0.74
303,5.0333,1,659.5,2142.0,150,148,18479,0.74
304,5.0500,1,659.5,2142.0,150,148,18479,0.74
305,5.0667,1,659.5,2142.0,150,148,18479,0.74
306,5.0833,1,659.5,2142.0,150,148,18479,0.74
307,5.1000,1,659.5,2142.0,150,148,18479,0.74
308,5.1167,1,659.5,2142.0,150,148,18479,0.74
309,5.1333,1,659.5,2142.0,150,148,18479,0.74
310,5.1500,1,659.5,2142.0,150,148,18479,0.74
311,5.1667,1,659.5,2142.0,150,148,18479,0.74
312,5.1833,1,659.5,2142.0,150,148,18479,0.74
313,5.2000,1,659.5,2142.0,150,148,18479,0.74
314,5.2167,1,960.9,2020.7,147,149,19814,0.80
315,5.2333,1,960.9,2020.7,147,148,19799,0.80
316,5.2500,1,961.0,2020.7,147,149,19800,0.80
317,5.2667,1,961.1,2020.6,148,149,19778,0.80
318,5.2833,1,961.1,2020.6,148,149,19791,0.80
319,5.3000,1,983.9,2002.1,143,151,19573,0.78
320,5.3167,1,987.7,1998.7,147,151,19766,0.76
321,5.3333,1,993.0,1993.7,148,150,19864,0.76
322,5.3500,1,997.9,1987.4,147,149,19738,0.77
323,5.3667,1,1002.1,1980.8,148,150,19891,0.75
324,5.3833,1,1006.3,1973.6,148,150,19802,0.77
325,5.4000,1,1009.5,1967.2,148,151,19724,0.76
326,5.4167,1,1010.9,1961.9,148,149,19614,0.74
327,5.4333,1,1014.2,1957.9,148,150,19579,0.74
328,5.4500,1,1016.4,1953.1,150,151,19869,0.75
329,5.4667,1,1017.4,1948.3,150,150,19792,0.75
330,5.4833,1,1018.3,1943.2,150,151,19980,0.76
331,5.5000,1,1018.5,1938.7,150,150,19964,0.77
332,5.5167,1,1018.2,1932.7,150,149,19867,0.77
333,5.5333,1,1018.2,1924.8,149,149,19902,0.77
334,5.5500,1,1018.2,1914.8,150,149,19901,0.76
335,5.5667,1,1011.4,1900.9,149,150,19892,0.79
336,5.5833,1,1004.1,1886.8,151,149,19993,0.74
337,5.6000,1,995.6,1872.0,148,150,19895,0.75
338,5.6167,1,990.0,1856.0,148,150,19748,0.77
339,5.6333,1,983.0,1852.2,148,148,19809,0.79
340,5.6500,1,977.6,1846.7,148,148,19769,0.75
341,5.6667,1,974.6,1838.8,148,149,19854,0.75
342,5.6833,1,972.1,1829.3,149,149,19858,0.75
343,5.7000,1,971.3,1819.3,149,149,19910,0.75
344,5.7167,1,970.8,1808.7,149,149,19734,0.75
345,5.7333,1,971.2,1797.9,149,149,19771,0.75
346,5.7500,1,971.3,1788.0,149,150,19913,0.75
347,5.7667,1,971.4,1778.8,149,149,19726,0.75
348,5.7833,1,971.3,1771.7,150,147,19596,0.75
349,5.8000,1,971.6,1765.8,150,147,19436,0.76
350,5.8167,1,971.9,1760.7,149,147,19259,0.75
351,5.8333,1,971.6,1756.5,150,147,19285,0.73
352,5.8500,1,971.7,1752.6,148,147,19195,0.75
353,5.8667,1,971.3,1749.5,147,148,19254,0.77
354,5.8833,1,972.7,1746.8,149,149,19562,0.73
355,5.9000,1,974.3,1743.7,150,150,19536,0.73
356,5.9167,1,975.1,1741.6,149,150,19727,0.77
357,5.9333,1,977.0,1739.3,149,150,19814,0.75
358,5.9500,1,981.1,1737.0,148,150,19703,0.75
359,5.9667,1,986.1,1736.0,150,150,19820,0.75
360,5.9833,1,992.7,1736.1,150,150,19721,0.75
361,6.0000,1,1001.0,1736.3,150,150,19745,0.75
362,6.0167,1,1007.8,1736.5,150,150,19810,0.75
363,6.0333,1,1013.7,1736.6,150,151,19923,0.73
364,6.0500,1,1021.5,1737.8,150,151,19862,0.75
365,6.0667,1,1027.7,1738.2,149,151,19755,0.77
366,6.0833,1,1032.9,1738.6,149,152,19667,0.76
367,6.1000,1,1038.4,1738.4,148,151,19781,0.77
368,6.1167,1,1041.3,1737.6,149,152,19838,0.75
369,6.1333,1,1044.5,1737.7,149,151,19693,0.75
370,6.1500,1,1046.4,1736.7,148,151,19711,0.75
371,6.1667,1,1047.0,1735.0,147,150,19627,0.76
372,6.1833,1,1047.4,1734.6,147,150,19524,0.76
373,6.2000,1,1047.2,1734.2,147,149,19409,0.75
374,6.2167,1,1047.1,1734.2,147,149,19402,0.75
375,6.2333,1,1047.2,1734.1,147,150,19394,0.77
376,6.2500,1,1047.2,1734.0,147,150,19403,0.77
377,6.2667,1,1047.2,1734.0,147,149,19386,0.77
378,6.2833,1,1047.2,1734.0,147,149,19394,0.77
379,6.3000,1,1047.2,1733.9,147,149,19394,0.77
380,6.3167,1,1047.2,1733.9,147,149,19399,0.77
381,6.3333,1,1047.4,1734.4,147,148,19282,0.77
382,6.3500,1,1046.3,1733.9,148,148,19073,0.73
383,6.3667,1,1034.9,1728.3,148,148,19014,0.74
384,6.3833,1,1017.8,1719.4,150,147,19000,0.74
385,6.4000,1,999.4,1709.5,151,145,19077,0.78
386,6.4167,1,982.3,1699.2,151,146,19210,0.77
387,6.4333,1,967.3,1688.7,150,147,19271,0.76
388,6.4500,1,953.6,1677.1,148,147,19294,0.74
389,6.4667,1,942.0,1666.3,148,147,19327,0.76
390,6.4833,1,930.5,1654.7,150,148,19564,0.77
391,6.5000,1,920.3,1643.4,149,148,19577,0.76
392,6.5167,1,908.9,1632.8,150,149,19597,0.77
393,6.5333,1,900.1,1621.3,149,150,19644,0.78
394,6.5500,1,890.0,1611.3,150,150,19644,0.77
395,6.5667,1,881.9,1601.7,149,150,19434,0.76
396,6.5833,1,875.5,1593.4,149,148,19086,0.74
397,6.6000,1,870.2,1586.8,149,149,19201,0.77
398,6.6167,1,866.1,1581.1,148,150,19312,0.74
399,6.6333,1,863.8,1576.6,150,150,19311,0.76
400,6.6500,1,861.5,1572.9,149,149,19297,0.75
401,6.6667,1,860.9,1570.0,149,150,19374,0.75
402,6.6833,1,860.1,1567.3,148,149,19496,0.79
403,6.7000,1,858.9,1567.1,148,150,19373,0.75
404,6.7167,1,858.5,1565.6,148,150,19163,0.74
405,6.7333,1,858.5,1564.8,149,149,19368,0.75
406,6.7500,1,858.1,1564.2,148,150,19319,0.76
407,6.7667,1,858.3,1563.2,148,148,19444,0.75
408,6.7833,1,857.8,1562.6,148,149,19346,0.75
409,6.8000,1,858.1,1562.6,147,148,19323,0.77
410,6.8167,1,857.6,1562.3,148,148,19348,0.75
411,6.8333,1,858.0,1561.7,148,147,19375,0.75
412,6.8500,1,857.5,1561.5,149,147,19348,0.75
413,6.8667,1,857.9,1560.6,149,148,19466,0.74
414,6.8833,1,857.9,1560.0,149,148,19498,0.74
415,6.9000,1,858.3,1558.4,149,147,19518,0.76
416,6.9167,1,860.0,1556.4,149,147,19569,0.75
417,6.9333,1,866.2,1553.0,149,147,19241,0.73
418,6.9500,1,873.8,1548.9,149,146,19318,0.77
419,6.9667,1,880.8,1545.7,149,148,19339,0.77
420,6.9833,1,887.3,1542.7,149,148,19547,0.76
421,7.0000,1,891.9,1540.5,148,150,19543,0.77
422,7.0167,1,896.0,1538.3,150,149,19516,0.76
423,7.0333,1,899.1,1535.8,150,149,19851,0.77
424,7.0500,1,901.9,1533.9,149,149,19471,0.78
425,7.0667,1,904.3,1532.0,149,149,19564,0.76
426,7.0833,1,905.9,1529.4,149,149,19573,0.76
427,7.1000,1,906.2,1527.9,151,150,19646,0.74
428,7.1167,1,905.3,1526.6,148,149,19430,0.78
429,7.1333,1,905.2,1525.5,148,148,19404,0.77
430,7.1500,1,905.4,1524.6,147,149,19462,0.79
431,7.1667,1,905.1,1523.3,147,148,19365,0.77
432,7.1833,1,905.7,1522.5,147,149,19256,0.77
433,7.2000,1,906.6,1521.7,148,149,19450,0.77
434,7.2167,1,906.3,1520.9,148,149,19604,0.78
435,7.2333,1,907.8,1520.0,149,148,19678,0.76
436,7.2500,1,907.4,1519.8,148,148,19391,0.75
437,7.2667,1,907.9,1518.7,147,148,19323,0.75
438,7.2833,1,908.9,1517.9,151,148,19457,0.76
439,7.3000,1,910.0,1517.4,149,150,19346,0.78
440,7.3167,1,910.9,1516.6,149,149,19339,0.75
441,7.3333,1,912.5,1516.0,151,149,19514,0.74
442,7.3500,1,912.9,1514.9,148,148,19141,0.77
443,7.3667,1,913.9,1514.2,148,147,19117,0.78
444,7.3833,1,914.6,1513.5,147,148,19268,0.77
445,7.4000,1,916.1,1513.7,148,148,19311,0.79
446,7.4167,1,915.9,1513.1,148,147,19169,0.79
447,7.4333,1,916.8,1512.4,148,147,19168,0.77
448,7.4500,1,918.0,1511.6,148,147,19265,0.75
449,7.4667,1,920.3,1510.7,148,148,19279,0.75
450,7.4833,1,922.6,1509.4,149,147,19447,0.78
451,7.5000,1,925.6,1508.4,150,148,19501,0.78
452,7.5167,1,928.5,1508.0,150,148,19441,0.74
453,7.5333,1,930.0,1506.9,150,148,19394,0.78
454,7.5500,1,932.9,1505.7,150,148,19393,0.78
455,7.5667,1,934.3,1505.2,151,148,19125,0.77
456,7.5833,1,937.2,1504.2,150,148,19138,0.77
457,7.6000,1,939.2,1503.0,150,148,19296,0.75
458,7.6167,1,939.5,1501.4,150,148,19222,0.79
459,7.6333,1,940.7,1500.4,150,148,19179,0.76
460,7.6500,1,943.0,1499.4,150,148,19168,0.74
461,7.6667,1,943.9,1498.8,150,148,19302,0.77
462,7.6833,1,943.6,1497.5,150,147,19285,0.74
463,7.7000,1,944.5,1497.1,150,147,19327,0.75
464,7.7167,1,945.7,1496.7,150,147,19298,0.75
465,7.7333,1,945.9,1496.4,150,148,19299,0.75
466,7.7500,1,945.9,1496.4,150,148,19299,0.75
467,7.7667,1,945.9,1496.4,150,148,19299,0.75
468,7.7833,1,945.9,1496.4,150,148,19299,0.75
469,7.8000,1,947.4,1496.1,150,148,19261,0.75
470,7.8167,1,952.5,1496.0,150,147,19274,0.75
471,7.8333,1,955.8,1495.7,149,147,19253,0.75
472,7.8500,1,958.7,1495.4,149,148,19430,0.76
473,7.8667,1,960.7,1494.3,150,147,19344,0.75
474,7.8833,1,962.5,1493.8,148,147,19238,0.74
475,7.9000,1,964.0,1493.2,149,146,19219,0.73
476,7.9167,1,966.2,1493.7,150,147,19250,0.75
477,7.9333,1,968.4,1493.1,150,147,19224,0.72
478,7.9500,1,969.7,1492.5,151,147,19213,0.75
479,7.9667,1,972.0,1492.4,152,147,19390,0.75
480,7.9833,1,974.5,1492.3,151,147,19385,0.77
481,8.0000,1,975.3,1491.5,151,147,19468,0.75
482,8.0167,1,977.2,1491.3,150,147,19330,0.75
483,8.0333,1,979.0,1490.8,150,146,19470,0.78
484,8.0500,1,980.5,1490.5,151,148,19507,0.76
485,8.0667,1,982.8,1490.5,150,148,19434,0.77
486,8.0833,1,985.4,1490.9,151,147,19570,0.76
487,8.1000,1,987.3,1490.8,151,147,19468,0.74
488,8.1167,1,991.7,1491.4,150,148,19489,0.77
489,8.1333,1,997.5,1492.5,149,148,19400,0.77
490,8.1500,1,1005.1,1494.1,149,148,19345,0.75
491,8.1667,1,1010.5,1494.8,148,147,19050,0.76
492,8.1833,1,1016.5,1495.1,149,148,19292,0.79
493,8.2000,1,1022.4,1494.9,150,148,19497,0.78
494,8.2167,1,1026.5,1494.5,150,147,19584,0.78
495,8.2333,1,1029.4,1493.7,147,148,19510,0.78
496,8.2500,1,1032.5,1493.0,149,148,19550,0.80
497,8.2667,1,1034.7,1492.1,148,149,19771,0.78
498,8.2833,1,1036.9,1491.9,150,150,19813,0.76
499,8.3000,1,1038.7,1491.4,148,151,19676,0.74
500,8.3167,1,1039.6,1491.4,148,151,19713,0.76
501,8.3333,1,1040.9,1490.9,150,152,19794,0.76
502,8.3500,1,1041.6,1490.7,149,152,19625,0.78
503,8.3667,1,1041.9,1490.2,151,151,19839,0.75
504,8.3833,1,1042.8,1490.2,150,151,19743,0.77
505,8.4000,1,1043.7,1490.1,149,151,19797,0.77
506,8.4167,1,1045.6,1490.8,149,150,19613,0.78
507,8.4333,1,1047.0,1491.0,150,151,19752,0.76
508,8.4500,1,1048.9,1490.5,150,151,19759,0.76
509,8.4667,1,1051.1,1491.5,150,151,19786,0.78
510,8.4833,1,1053.1,1491.7,153,151,19844,0.77
511,8.5000,1,1055.6,1492.3,154,151,19545,0.74
512,8.5167,1,1059.7,1492.6,152,152,19739,0.75
513,8.5333,1,1062.7,1493.2,153,151,19571,0.74
514,8.5500,1,1067.2,1493.9,152,150,19475,0.77
515,8.5667,1,1070.6,1494.0,152,148,19519,0.75
516,8.5833,1,1073.9,1494.3,150,148,19361,0.77
517,8.6000,1,1078.3,1495.3,149,147,19191,0.77
518,8.6167,1,1082.2,1496.6,149,146,19234,0.75
519,8.6333,1,1086.0,1499.0,151,146,19389,0.75
520,8.6500,1,1088.2,1499.2,152,148,19479,0.74
521,8.6667,1,1091.1,1500.6,150,148,19353,0.73
522,8.6833,1,1093.8,1501.4,147,148,19357,0.77
523,8.7000,1,1095.2,1501.9,149,149,19390,0.78
524,8.7167,1,1096.0,1502.7,149,148,19275,0.76
525,8.7333,1,1097.1,1502.5,148,149,19452,0.76
526,8.7500,1,1097.0,1502.2,148,150,19470,0.76
527,8.7667,1,1097.0,1502.9,149,150,19573,0.74
528,8.7833,1,1097.5,1503.3,148,149,19507,0.74
529,8.8000,1,1097.7,1503.6,149,149,19540,0.76
530,8.8167,1,1097.6,1503.3,150,149,19565,0.74
531,8.8333,1,1097.9,1503.5,148,150,19453,0.76
532,8.8500,1,1097.8,1503.5,150,150,19512,0.76
533,8.8667,1,1097.0,1504.1,153,150,19558,0.72
534,8.8833,1,1097.6,1504.3,150,150,19400,0.75
535,8.9000,1,1097.3,1504.4,152,150,19447,0.75
536,8.9167,1,1097.0,1504.4,154,150,19539,0.74
537,8.9333,1,1097.1,1504.5,154,150,19506,0.74
538,8.9500,1,1097.2,1504.7,153,150,19433,0.74
539,8.9667,1,1097.3,1504.7,152,150,19423,0.74
540,8.9833,1,1097.2,1504.6,153,150,19458,0.74
541,9.0000,1,1097.4,1504.7,151,150,19424,0.74
542,9.0167,1,1097.5,1504.8,151,150,19410,0.74
543,9.0333,1,1097.2,1504.4,151,151,19496,0.74
544,9.0500,1,1097.3,1504.6,151,151,19456,0.74
545,9.0667,1,1097.5,1504.6,151,150,19395,0.74
546,9.0833,1,1097.5,1504.6,151,151,19407,0.74
547,9.1000,1,1097.5,1504.6,151,151,19408,0.74
548,9.1167,1,1097.5,1504.6,151,151,19398,0.74
549,9.1333,1,1097.7,1503.4,151,151,19506,0.74
550,9.1500,1,1097.3,1501.7,150,149,19431,0.76
551,9.1667,1,1095.8,1500.2,150,149,19203,0.74
552,9.1833,1,1094.9,1497.6,150,149,19370,0.75
553,9.2000,1,1094.9,1495.5,149,148,19443,0.75
554,9.2167,1,1095.0,1493.6,151,149,19543,0.76
555,9.2333,1,1095.2,1491.8,151,150,19693,0.76
556,9.2500,1,1095.5,1490.9,150,150,19654,0.74
557,9.2667,1,1096.2,1490.0,149,149,19583,0.78
558,9.2833,1,1096.0,1488.9,148,150,19376,0.77
559,9.3000,1,1096.3,1488.4,149,150,19530,0.78
560,9.3167,1,1096.5,1488.2,150,149,19530,0.74
561,9.3333,1,1096.9,1487.8,150,150,19437,0.74
562,9.3500,1,1097.0,1487.7,150,150,19452,0.74
563,9.3667,1,1096.8,1486.8,150,149,19504,0.76
564,9.3833,1,1097.1,1486.8,151,148,19541,0.76
565,9.4000,1,1096.9,1486.9,151,149,19435,0.76
566,9.4167,1,1097.1,1486.8,150,149,19452,0.76
567,9.4333,1,1097.5,1486.7,150,149,19382,0.76
568,9.4500,1,1097.4,1486.4,151,150,19497,0.76
569,9.4667,1,1096.7,1485.6,151,149,19489,0.75
570,9.4833,1,1096.9,1485.4,149,149,19388,0.77
571,9.5000,1,1097.2,1485.4,149,149,19459,0.76
572,9.5167,1,1097.9,1485.6,150,149,19420,0.78
573,9.5333,1,1098.6,1486.0,151,149,19206,0.77
574,9.5500,1,1099.1,1484.8,149,150,19213,0.73
575,9.5667,1,1100.8,1483.4,151,150,19176,0.73
576,9.5833,1,1102.4,1482.5,150,149,19204,0.75
577,9.6000,1,1103.6,1480.9,151,150,19448,0.76
578,9.6167,1,1104.4,1479.7,150,149,19499,0.73
579,9.6333,1,1105.0,1477.7,151,149,19446,0.75
580,9.6500,1,1106.1,1476.4,152,148,19611,0.78
581,9.6667,1,1106.1,1475.1,151,149,19650,0.74
582,9.6833,1,1106.4,1473.3,151,148,19729,0.79
583,9.7000,1,1106.1,1472.0,150,148,19640,0.76
584,9.7167,1,1106.1,1471.4,151,149,19338,0.75
585,9.7333,1,1106.5,1470.0,150,150,19486,0.76
586,9.7500,1,1106.1,1468.4,150,149,19463,0.75
587,9.7667,1,1105.9,1466.7,150,149,19522,0.73
588,9.7833,1,1105.8,1464.3,152,148,19618,0.78
589,9.8000,1,1106.3,1463.0,150,148,19613,0.76
590,9.8167,1,1105.7,1461.3,150,148,19531,0.76
591,9.8333,1,1105.7,1460.1,150,149,19590,0.76
592,9.8500,1,1106.3,1458.8,149,149,19570,0.76
593,9.8667,1,1106.4,1458.3,149,150,19686,0.76
594,9.8833,1,1106.6,1457.6,150,149,19613,0.78
595,9.9000,1,1106.3,1456.3,150,149,19578,0.76
596,9.9167,1,1106.6,1455.9,148,149,19431,0.77
597,9.9333,1,1106.9,1455.2,149,149,19450,0.75
598,9.9500,1,1106.6,1455.4,149,150,19268,0.74
599,9.9667,1,1106.6,1454.4,148,149,19329,0.75
600,9.9833,1,1106.8,1454.1,149,150,19374,0.75
601,10.0000,1,1107.1,1453.7,148,150,19442,0.75
602,10.0167,1,1107.1,1453.4,149,149,19426,0.79
603,10.0333,1,1107.4,1453.2,149,150,19536,0.77
604,10.0500,1,1107.3,1452.3,148,148,19537,0.77
605,10.0667,1,1107.3,1452.4,149,149,19492,0.77
606,10.0833,1,1107.5,1452.2,148,150,19519,0.76
607,10.1000,1,1107.1,1451.5,149,150,19420,0.75
608,10.1167,1,1107.6,1451.3,148,150,19387,0.75
609,10.1333,1,1107.5,1451.1,149,150,19451,0.75
610,10.1500,1,1108.6,1451.0,148,150,19299,0.73
611,10.1667,1,1108.7,1450.9,149,150,19373,0.75
612,10.1833,1,1108.9,1450.8,148,150,19272,0.75
613,10.2000,1,1108.9,1450.6,148,149,19289,0.75
614,10.2167,1,1108.8,1450.7,148,149,19318,0.75
615,10.2333,1,1109.7,1451.1,148,149,19225,0.74
616,10.2500,1,1110.0,1451.1,149,149,19265,0.75
617,10.2667,1,1110.1,1451.1,149,149,19302,0.75
618,10.2833,1,1110.0,1450.2,149,150,19416,0.75
619,10.3000,1,1109.7,1449.9,150,149,19446,0.75
620,10.3167,1,1109.2,1449.6,149,149,19314,0.75
621,10.3333,1,1109.3,1448.8,148,148,19266,0.76
622,10.3500,1,1109.7,1448.3,150,148,19327,0.77
623,10.3667,1,1110.4,1447.6,148,147,19192,0.74
624,10.3833,1,1110.5,1447.3,148,148,19064,0.74
625,10.4000,1,1110.3,1447.3,148,148,19133,0.74
626,10.4167,1,1109.4,1446.1,147,146,18618,0.74
627,10.4333,1,1109.6,1445.6,148,146,18734,0.75
628,10.4500,1,1110.1,1445.4,147,147,18668,0.74
629,10.4667,1,1109.9,1445.4,147,147,18715,0.75
630,10.4833,1,1110.0,1445.0,148,146,18729,0.75
631,10.5000,1,1110.1,1445.1,148,147,18757,0.75
632,10.5167,1,1110.0,1445.0,148,147,18812,0.75
633,10.5333,1,1110.0,1445.0,148,147,18821,0.75
634,10.5500,1,1110.0,1445.0,148,147,18822,0.75
635,10.5667,1,1109.8,1444.9,149,147,18857,0.75
636,10.5833,1,1109.7,1444.8,149,147,18892,0.75
637,10.6000,1,1109.8,1444.9,149,147,18860,0.75
638,10.6167,1,1109.8,1444.9,149,147,18853,0.75
639,10.6333,1,1109.7,1444.8,149,147,18895,0.75
640,10.6500,1,1109.7,1444.8,149,147,18887,0.75
641,10.6667,1,1109.7,1444.6,149,148,18914,0.75
642,10.6833,1,1109.7,1444.6,149,149,18920,0.75
643,10.7000,1,1110.9,1445.1,149,147,18965,0.76
644,10.7167,1,1111.0,1445.1,150,146,18976,0.76
645,10.7333,1,1111.1,1445.0,150,146,18961,0.76
646,10.7500,1,1110.8,1445.0,149,147,18978,0.74
647,10.7667,1,1110.7,1445.0,149,148,18992,0.76
648,10.7833,1,1110.2,1444.4,150,148,19141,0.75
649,10.8000,1,1109.7,1444.7,150,149,19029,0.74
650,10.8167,1,1109.7,1444.5,150,149,19088,0.74
651,10.8333,1,1109.4,1444.2,152,149,19149,0.73
652,10.8500,1,1109.1,1443.7,151,150,19260,0.74
653,10.8667,1,1109.2,1443.5,151,150,19263,0.73
654,10.8833,1,1109.4,1442.5,152,150,19547,0.74
655,10.9000,1,1109.6,1442.3,152,151,19545,0.74
656,10.9167,1,1109.5,1441.5,152,150,19458,0.76
657,10.9333,1,1109.7,1441.5,152,150,19384,0.75
658,10.9500,1,1109.5,1441.4,153,150,19502,0.76
659,10.9667,1,1110.2,1441.0,151,150,19446,0.78
660,10.9833,1,1110.2,1440.7,151,150,19396,0.78
661,11.0000,1,1110.1,1440.5,151,150,19363,0.76
662,11.0167,1,1110.2,1440.4,152,150,19414,0.76
663,11.0333,1,1110.2,1440.4,152,150,19429,0.76
664,11.0500,1,1110.2,1439.1,151,149,19686,0.75
665,11.0667,1,1110.5,1439.0,151,149,19764,0.76
666,11.0833,1,1110.5,1438.9,151,149,19704,0.75
667,11.1000,1,1110.5,1438.9,152,149,19741,0.76
668,11.1167,1,1110.4,1439.0,151,149,19689,0.76
669,11.1333,1,1110.3,1438.9,151,148,19669,0.75
670,11.1500,1,1110.4,1438.7,151,149,19634,0.75
671,11.1667,1,1111.8,1439.1,148,148,19339,0.77
672,11.1833,1,1111.8,1439.1,148,148,19371,0.77
673,11.2000,1,1112.5,1439.5,149,148,19361,0.76
674,11.2167,1,1113.7,1440.2,148,148,19194,0.77
675,11.2333,1,1114.8,1440.5,149,148,19252,0.76
676,11.2500,1,1116.9,1440.7,150,149,19276,0.75
677,11.2667,1,1119.1,1441.5,148,149,19034,0.77
678,11.2833,1,1119.9,1441.6,149,149,18937,0.76
679,11.3000,1,1121.9,1441.9,149,149,18901,0.74
680,11.3167,1,1123.4,1441.7,149,149,18904,0.76
681,11.3333,1,1124.6,1441.9,148,149,18834,0.74
682,11.3500,1,1125.0,1441.5,149,150,18766,0.75
683,11.3667,1,1125.6,1441.8,150,149,18832,0.74
684,11.3833,0,,,,,,
685,11.4000,1,1127.7,1441.9,149,149,18529,0.75
686,11.4167,1,1127.8,1441.8,149,149,18528,0.75
687,11.4333,1,1127.9,1441.4,148,150,18563,0.72
688,11.4500,1,1128.4,1441.5,148,150,18497,0.74
689,11.4667,1,1128.7,1441.4,148,150,18534,0.72
690,11.4833,1,1128.6,1441.4,149,151,18567,0.72
691,11.5000,1,1128.7,1441.3,149,151,18583,0.72
692,11.5167,1,1128.7,1440.5,149,151,18741,0.73
693,11.5333,1,1127.4,1438.1,150,150,18916,0.75
694,11.5500,1,1126.4,1435.9,151,150,18930,0.74
695,11.5667,1,1126.3,1433.1,151,150,19080,0.76
696,11.5833,1,1124.7,1429.4,150,150,19051,0.76
697,11.6000,1,1123.1,1424.5,151,150,19180,0.73
698,11.6167,1,1119.7,1417.8,152,150,19321,0.74
699,11.6333,1,1115.2,1410.3,153,150,19394,0.73
700,11.6500,1,1109.3,1402.4,151,150,19353,0.73
701,11.6667,1,1099.6,1394.8,151,150,18996,0.71
702,11.6833,1,1090.8,1388.4,156,150,19065,0.69
703,11.7000,1,1081.0,1380.6,153,150,19247,0.74
704,11.7167,1,1070.3,1375.9,153,149,19070,0.73
705,11.7333,1,1058.0,1371.4,154,150,19045,0.73
706,11.7500,1,1047.7,1367.1,152,150,19263,0.76
707,11.7667,1,1036.0,1363.5,151,150,19170,0.73
708,11.7833,1,1028.5,1362.2,151,148,19148,0.77
709,11.8000,1,1020.8,1359.7,153,147,19357,0.73
710,11.8167,1,1015.4,1356.7,151,148,19148,0.76
711,11.8333,1,1012.0,1354.0,151,148,19120,0.76
712,11.8500,1,1010.5,1351.6,150,149,19446,0.76
713,11.8667,1,1004.7,1351.6,155,147,18982,0.73
714,11.8833,1,998.7,1350.4,155,146,19109,0.75
715,11.9000,1,994.6,1350.8,153,148,18981,0.75
716,11.9167,1,990.4,1351.2,153,149,18766,0.74
717,11.9333,1,987.5,1350.1,155,149,19154,0.72
718,11.9500,1,986.2,1350.1,154,148,19126,0.73
719,11.9667,1,985.2,1349.2,157,149,19377,0.72
720,11.9833,1,984.7,1349.4,157,149,19103,0.72
721,12.0000,1,984.7,1354.8,156,149,19021,0.73
722,12.0167,1,989.2,1363.7,153,149,18814,0.71
723,12.0333,1,1009.5,1378.7,151,149,19099,0.72
724,12.0500,1,1039.8,1398.6,151,148,19184,0.75
725,12.0667,1,1073.9,1419.6,153,149,19192,0.74
726,12.0833,1,1106.3,1441.1,159,151,19581,0.71
727,12.1000,1,1131.3,1458.7,151,153,19243,0.75
728,12.1167,1,1153.0,1470.5,150,183,20334,0.64
729,12.1333,0,,,,,,
730,12.1500,1,1184.4,1492.9,151,151,19437,0.75
731,12.1667,1,1191.5,1499.2,150,152,19734,0.73
732,12.1833,1,1194.6,1506.5,150,150,19623,0.76
733,12.2000,1,1196.3,1515.7,151,150,19630,0.76
734,12.2167,1,1196.1,1522.7,150,149,19504,0.77
735,12.2333,1,1195.8,1529.8,151,150,19459,0.74
736,12.2500,1,1196.2,1535.2,151,150,19439,0.76
737,12.2667,1,1197.8,1540.8,151,149,19488,0.78
738,12.2833,1,1199.7,1543.4,152,149,19603,0.74
739,12.3000,1,1201.9,1545.2,152,148,19598,0.78
740,12.3167,1,1203.6,1546.2,149,150,19584,0.74
741,12.3333,1,1204.7,1546.7,148,151,19461,0.71
742,12.3500,1,1205.4,1547.3,149,152,19488,0.73
743,12.3667,1,1205.6,1547.9,148,152,19320,0.73
744,12.3833,1,1207.0,1544.4,149,151,19229,0.75
745,12.4000,1,1206.8,1531.4,149,150,19073,0.72
746,12.4167,1,1206.6,1517.1,149,151,19256,0.74
747,12.4333,1,1206.4,1501.0,149,152,19340,0.74
748,12.4500,1,1206.6,1486.1,148,151,19371,0.75
749,12.4667,1,1207.1,1474.8,150,150,19667,0.75
750,12.4833,1,1204.9,1464.1,150,152,19863,0.77
751,12.5000,1,1202.0,1456.0,150,152,19593,0.73
752,12.5167,1,1200.0,1445.7,150,149,19475,0.76
753,12.5333,1,1199.0,1437.1,151,148,19288,0.78
754,12.5500,1,1198.5,1428.9,152,147,19468,0.76
755,12.5667,1,1197.6,1421.7,153,148,18983,0.74
756,12.5833,0,,,,,,
757,12.6000,1,1199.5,1411.3,152,148,18880,0.76
758,12.6167,1,1200.6,1406.1,151,148,19224,0.78
759,12.6333,1,1202.2,1403.3,150,148,19144,0.74
760,12.6500,1,1204.8,1402.0,155,151,19771,0.74
761,12.6667,1,1206.1,1399.1,154,150,19573,0.74
762,12.6833,1,1207.3,1397.5,155,150,19334,0.74
763,12.7000,1,1209.2,1394.3,154,149,19444,0.75
764,12.7167,1,1209.7,1390.8,153,149,19528,0.75
765,12.7333,1,1210.9,1388.3,152,149,19822,0.76
766,12.7500,1,1212.2,1386.1,152,149,19818,0.78
767,12.7667,1,1212.9,1384.5,151,149,19621,0.76
768,12.7833,1,1213.8,1383.3,152,148,19575,0.78
769,12.8000,1,1214.4,1381.0,152,148,19544,0.77
770,12.8167,1,1215.1,1378.8,150,148,19569,0.77
771,12.8333,1,1215.6,1377.0,151,149,19757,0.80
772,12.8500,1,1216.1,1375.6,151,148,19690,0.76
773,12.8667,0,,,,,,
774,12.8833,1,1216.8,1374.1,151,148,19867,0.79
775,12.9000,1,1217.2,1373.7,152,148,19881,0.79
776,12.9167,1,1216.8,1373.3,151,149,19750,0.78
777,12.9333,1,1216.8,1372.2,151,149,19780,0.79
778,12.9500,1,1216.9,1371.1,152,149,19706,0.76
779,12.9667,1,1216.1,1369.4,152,148,19721,0.77
780,12.9833,1,1215.7,1367.6,152,147,19642,0.77
781,13.0000,1,1215.4,1365.9,152,147,19568,0.78
782,13.0167,1,1214.3,1363.1,154,147,19812,0.75
783,13.0333,1,1214.2,1361.3,153,148,19789,0.76
784,13.0500,1,1213.3,1358.3,153,148,19574,0.73
785,13.0667,1,1212.7,1354.7,153,147,19672,0.74
786,13.0833,1,1212.3,1352.6,154,148,19490,0.75
787,13.1000,1,1212.4,1349.0,154,148,19532,0.76
788,13.1167,1,1212.7,1346.3,153,148,19619,0.74
789,13.1333,1,1212.8,1343.4,153,148,19672,0.74
790,13.1500,1,1213.9,1341.3,153,148,19684,0.76
791,13.1667,1,1213.7,1339.4,153,150,19681,0.74
792,13.1833,1,1214.6,1337.9,154,148,19783,0.77
793,13.2000,1,1214.7,1336.9,152,150,19619,0.78
794,13.2167,1,1215.4,1335.2,153,149,19743,0.77
795,13.2333,1,1215.2,1333.4,152,147,19710,0.78
796,13.2500,1,1216.4,1333.4,151,148,19708,0.78
797,13.2667,1,1216.4,1333.0,152,148,19780,0.76
798,13.2833,1,1216.3,1332.3,152,147,19679,0.76
799,13.3000,1,1216.9,1332.0,151,147,19495,0.78
800,13.3167,1,1217.1,1331.8,151,147,19584,0.76
801,13.3333,1,1217.0,1331.9,152,148,19638,0.76
802,13.3500,1,1217.3,1331.4,151,148,19577,0.76
803,13.3667,1,1217.4,1331.4,151,148,19571,0.76
804,13.3833,1,1217.4,1331.4,150,148,19570,0.76
805,13.4000,1,1217.4,1331.3,151,148,19593,0.76
806,13.4167,1,1217.3,1331.3,151,149,19611,0.76
807,13.4333,1,1217.2,1331.2,151,149,19632,0.76
808,13.4500,1,1217.2,1331.2,151,149,19628,0.76
809,13.4667,1,1217.3,1331.2,151,149,19615,0.76
810,13.4833,1,1217.3,1331.3,151,149,19606,0.76
811,13.5000,1,1217.3,1331.3,151,149,19606,0.76
812,13.5167,1,1217.3,1331.3,151,148,19596,0.76
813,13.5333,1,1217.2,1331.3,151,149,19608,0.76
814,13.5500,1,1217.3,1331.3,151,148,19595,0.76
815,13.5667,1,1217.3,1331.3,151,148,19589,0.76
816,13.5833,1,1217.2,1331.2,151,149,19614,0.76
817,13.6000,1,1217.2,1331.3,151,149,19611,0.76
818,13.6167,1,1217.2,1331.2,151,149,19623,0.76
819,13.6333,1,1217.2,1331.3,151,148,19613,0.76
820,13.6500,1,1217.3,1331.3,151,148,19594,0.76
821,13.6667,1,1217.3,1331.4,151,148,19583,0.76
822,13.6833,1,1217.3,1331.3,151,148,19590,0.76
823,13.7000,1,1217.3,1331.3,151,148,19595,0.76
824,13.7167,1,1217.2,1331.3,151,148,19613,0.76
825,13.7333,1,1217.4,1331.4,151,148,19581,0.76
826,13.7500,1,1217.2,1331.2,151,149,19626,0.76
827,13.7667,1,1217.3,1331.3,151,149,19608,0.76
828,13.7833,1,1217.2,1331.2,151,148,19621,0.76
829,13.8000,1,1217.8,1331.2,152,148,19556,0.77
830,13.8167,1,1219.5,1331.7,153,147,19445,0.75
831,13.8333,1,1221.3,1332.6,149,147,19434,0.77
832,13.8500,1,1222.3,1332.3,150,147,19421,0.77
833,13.8667,1,1223.4,1332.1,149,147,19449,0.79
834,13.8833,1,1224.4,1331.9,150,147,19397,0.77
835,13.9000,1,1225.0,1331.4,149,148,19332,0.77
836,13.9167,1,1225.8,1331.5,149,148,19325,0.79
837,13.9333,1,1226.7,1331.9,149,148,19394,0.77
838,13.9500,1,1227.1,1331.5,149,148,19473,0.77
839,13.9667,1,1227.2,1331.3,149,148,19446,0.76
840,13.9833,1,1227.2,1331.3,149,147,19260,0.77
841,14.0000,1,1227.1,1331.4,149,147,19177,0.76
842,14.0167,1,1227.1,1331.4,149,147,19195,0.76
843,14.0333,1,1227.0,1331.2,149,147,19242,0.76
844,14.0500,1,1227.0,1331.2,149,147,19261,0.76
845,14.0667,1,1227.2,1331.4,149,147,19201,0.76
846,14.0833,1,1227.1,1331.3,150,147,19236,0.77
847,14.1000,1,1227.2,1331.4,150,147,19200,0.76
848,14.1167,1,1227.1,1331.3,149,147,19273,0.76
849,14.1333,1,1226.8,1330.5,149,148,19354,0.76
850,14.1500,1,1224.4,1327.9,149,148,19521,0.76
851,14.1667,1,1215.2,1319.0,150,150,19679,0.76
852,14.1833,1,1199.3,1311.1,151,149,19579,0.76
853,14.2000,1,1179.0,1304.5,150,149,19266,0.78
854,14.2167,1,1158.5,1299.0,151,148,19577,0.75
855,14.2333,1,1134.8,1295.5,150,147,19276,0.78
856,14.2500,1,1108.6,1293.0,151,149,19655,0.78
857,14.2667,1,1078.3,1291.8,152,149,19752,0.77
858,14.2833,1,1052.2,1296.4,153,150,19903,0.77
859,14.3000,1,1032.9,1301.9,152,151,19755,0.77
860,14.3167,1,1017.1,1304.5,152,149,19691,0.77
861,14.3333,1,1002.2,1304.3,151,149,19712,0.76
862,14.3500,1,987.8,1301.8,154,148,19778,0.77
863,14.3667,1,975.8,1299.0,153,147,19833,0.78
864,14.3833,1,963.6,1295.5,153,150,19889,0.78
865,14.4000,1,954.4,1291.5,152,148,19776,0.73
866,14.4167,1,944.1,1287.5,152,149,19715,0.76
867,14.4333,1,933.6,1283.4,150,150,19752,0.76
868,14.4500,1,924.1,1279.2,152,151,19602,0.76
869,14.4667,1,916.3,1274.7,150,150,19355,0.77
870,14.4833,1,911.1,1268.8,151,151,19621,0.76
871,14.5000,1,905.7,1263.7,154,150,19976,0.73
872,14.5167,1,902.8,1259.3,155,150,20051,0.75
873,14.5333,1,900.0,1256.0,153,149,19961,0.76
874,14.5500,1,898.4,1253.8,154,149,20021,0.75
875,14.5667,1,898.5,1251.6,178,149,20197,0.62
876,14.5833,1,896.5,1250.9,154,149,19884,0.74
877,14.6000,0,,,,,,
878,14.6167,0,,,,,,
879,14.6333,0,,,,,,
880,14.6500,1,902.3,1247.0,153,149,19823,0.76
881,14.6667,1,905.2,1247.7,153,149,19680,0.74
882,14.6833,0,,,,,,
883,14.7000,1,918.6,1247.6,152,149,19501,0.74
884,14.7167,1,946.4,1252.0,156,150,19683,0.75
885,14.7333,1,994.8,1268.1,153,149,19842,0.76
886,14.7500,1,1050.2,1284.0,153,158,20304,0.76
887,14.7667,1,1101.9,1306.1,160,151,19777,0.76
888,14.7833,1,1140.1,1321.6,151,152,19536,0.75
889,14.8000,1,1165.2,1333.5,151,153,19893,0.76
890,14.8167,1,1179.1,1340.0,151,152,19722,0.75
891,14.8333,1,1186.5,1344.5,149,150,19583,0.77
892,14.8500,1,1191.3,1345.7,150,151,19541,0.74
893,14.8667,1,1193.3,1345.6,149,151,19675,0.77
894,14.8833,1,1194.3,1345.4,150,151,19831,0.78
895,14.9000,1,1195.0,1345.4,148,151,19624,0.76
896,14.9167,1,1195.2,1343.3,151,178,20340,0.64
897,14.9333,1,1198.9,1345.7,148,150,19607,0.75
898,14.9500,1,1201.0,1347.5,148,151,19671,0.78
899,14.9667,1,1203.2,1349.8,148,171,20109,0.63
900,14.9833,1,1207.3,1357.3,147,150,19744,0.80
901,15.0000,1,1210.1,1364.0,148,150,19843,0.81
902,15.0167,1,1212.8,1372.0,148,150,19625,0.78
903,15.0333,1,1215.7,1378.6,148,151,19645,0.78
904,15.0500,1,1218.5,1384.0,149,151,19824,0.76
905,15.0667,1,1222.5,1390.9,151,151,19829,0.78
906,15.0833,1,1226.2,1394.9,157,151,20049,0.76
907,15.1000,1,1229.6,1397.8,152,149,19820,0.77
908,15.1167,1,1232.5,1400.0,151,148,19866,0.75
909,15.1333,1,1234.9,1400.8,150,149,19604,0.75
910,15.1500,1,1236.5,1401.4,149,150,19574,0.76
911,15.1667,1,1238.0,1401.7,151,149,19569,0.76
912,15.1833,1,1238.7,1402.7,151,149,19293,0.75
913,15.2000,1,1239.8,1402.2,150,150,19402,0.75
914,15.2167,1,1240.1,1402.0,151,151,19464,0.75
915,15.2333,1,1240.3,1401.7,151,151,19577,0.77
916,15.2500,1,1240.5,1401.8,151,152,19592,0.77
917,15.2667,1,1240.6,1401.7,151,152,19600,0.77
918,15.2833,1,1240.6,1401.7,151,152,19600,0.77
919,15.3000,1,1240.6,1401.7,151,152,19611,0.77
920,15.3167,1,1240.5,1401.6,151,152,19593,0.77
921,15.3333,1,1240.3,1401.8,151,152,19541,0.77
922,15.3500,1,1240.3,1401.8,151,152,19529,0.77
923,15.3667,1,1239.9,1402.2,151,152,19483,0.77
924,15.3833,1,1239.7,1402.7,151,152,19242,0.76
925,15.4000,1,1239.7,1402.9,151,151,19189,0.76
926,15.4167,1,1239.9,1399.3,151,150,19270,0.77
927,15.4333,1,1239.8,1378.1,150,149,19516,0.77
928,15.4500,1,1239.5,1350.3,150,152,19610,0.75
929,15.4667,1,1237.3,1327.8,151,153,19716,0.76
930,15.4833,1,1234.8,1312.4,150,152,19798,0.75
931,15.5000,1,1232.2,1299.3,152,150,19736,0.74
932,15.5167,1,1229.4,1291.6,153,148,19515,0.75
933,15.5333,0,,,,,,
934,15.5500,0,,,,,,
935,15.5667,1,1224.5,1272.2,153,148,19064,0.71
936,15.5833,1,1225.2,1267.1,153,149,19516,0.73
937,15.6000,1,1225.7,1263.0,153,148,19526,0.77
938,15.6167,1,1226.6,1260.1,153,149,19530,0.75
939,15.6333,1,1227.2,1256.5,152,149,19713,0.78
940,15.6500,1,1227.3,1253.9,153,149,19599,0.73
941,15.6667,1,1227.8,1250.6,153,149,19858,0.75
942,15.6833,1,1228.2,1247.5,153,148,20078,0.75
943,15.7000,1,1229.5,1246.1,153,149,20010,0.76
944,15.7167,1,1229.4,1244.8,152,149,19721,0.76
945,15.7333,1,1229.1,1242.2,153,148,19894,0.77
946,15.7500,1,1229.4,1241.8,158,149,19899,0.66
947,15.7667,1,1230.6,1241.7,153,148,19635,0.76
948,15.7833,1,1231.0,1241.5,153,149,19686,0.76
949,15.8000,1,1231.0,1241.4,153,150,19522,0.76
950,15.8167,1,1231.2,1241.3,153,150,19513,0.75
951,15.8333,1,1231.4,1241.2,153,149,19478,0.75
952,15.8500,1,1231.8,1240.9,152,149,19523,0.75
953,15.8667,1,1231.7,1240.8,153,149,19570,0.75
954,15.8833,1,1231.5,1239.9,152,149,19582,0.75
955,15.9000,1,1231.4,1239.8,152,149,19646,0.76
956,15.9167,1,1231.3,1239.8,152,149,19606,0.74
957,15.9333,1,1231.3,1239.1,152,147,19543,0.76
958,15.9500,1,1231.1,1238.9,152,148,19586,0.76
959,15.9667,1,1230.8,1237.3,153,147,19795,0.77
960,15.9833,1,1229.5,1235.6,155,148,19897,0.76
961,16.0000,1,1229.6,1234.0,155,147,19883,0.75
962,16.0167,1,1229.1,1232.4,156,148,20010,0.77
963,16.0333,1,1229.1,1231.0,155,148,19850,0.75
964,16.0500,1,1228.2,1228.8,155,149,19981,0.76
965,16.0667,1,1227.7,1225.4,153,147,19854,0.75
966,16.0833,1,1227.7,1223.4,153,149,19648,0.74
967,16.1000,1,1227.8,1220.4,152,148,19485,0.75
968,16.1167,1,1227.4,1218.4,151,149,19251,0.74
969,16.1333,1,1227.4,1216.4,151,150,18977,0.72
970,16.1500,1,1228.7,1213.8,150,149,18930,0.75
971,16.1667,1,1228.5,1211.0,150,148,19131,0.74
972,16.1833,1,1228.8,1208.4,151,148,19098,0.74
973,16.2000,1,1229.1,1205.6,151,149,19205,0.75
974,16.2167,1,1229.5,1203.8,151,149,19396,0.75
975,16.2333,1,1230.0,1203.3,150,148,19170,0.76
976,16.2500,1,1230.5,1202.6,151,149,19278,0.74
977,16.2667,1,1230.5,1201.6,152,148,19167,0.76
978,16.2833,1,1230.5,1200.8,152,149,19074,0.75
979,16.3000,1,1230.2,1201.1,151,149,18857,0.74
980,16.3167,1,1230.4,1200.8,151,149,18870,0.73
981,16.3333,1,1230.5,1200.8,151,148,18907,0.73
982,16.3500,1,1230.4,1200.3,151,150,19025,0.73
983,16.3667,1,1230.4,1200.3,151,149,19028,0.73
984,16.3833,1,1230.4,1200.2,151,150,19051,0.73
985,16.4000,1,1230.2,1199.7,153,150,19250,0.74
986,16.4167,1,1230.3,1199.8,153,150,19208,0.74
987,16.4333,1,1230.3,1199.5,153,150,19208,0.74
988,16.4500,1,1230.8,1199.2,152,150,19233,0.74
989,16.4667,1,1230.6,1199.0,152,150,19159,0.74
990,16.4833,1,1231.0,1199.2,152,150,19196,0.74
991,16.5000,1,1231.0,1199.1,152,150,19218,0.74
992,16.5167,1,1230.6,1197.9,153,148,19210,0.76
993,16.5333,1,1230.8,1197.9,153,148,19178,0.76
994,16.5500,1,1230.8,1197.9,153,148,19191,0.76
995,16.5667,1,1230.7,1197.7,153,148,19265,0.76
996,16.5833,1,1230.6,1197.4,153,148,19320,0.76
997,16.6000,1,1230.7,1197.2,153,148,19436,0.76
998,16.6167,1,1230.9,1197.1,152,147,19258,0.76
999,16.6333,1,1231.1,1197.0,152,147,19264,0.76
1000,16.6500,1,1231.0,1196.9,152,147,19204,0.76
1001,16.6667,1,1231.0,1196.9,152,147,19201,0.76
1002,16.6833,1,1231.0,1196.9,152,147,19220,0.76
1003,16.7000,1,1231.1,1195.5,152,150,19407,0.74
1004,16.7167,1,1231.1,1195.4,152,150,19429,0.75
1005,16.7333,1,1231.2,1195.2,152,150,19428,0.75
1006,16.7500,1,1231.4,1195.4,152,151,19496,0.75
1007,16.7667,1,1230.8,1195.1,151,151,19023,0.74
1008,16.7833,1,1230.6,1195.0,152,151,19009,0.73
1009,16.8000,1,1230.7,1194.9,152,151,18996,0.73
1010,16.8167,1,1231.4,1193.8,148,151,19836,0.80
1011,16.8333,1,1231.3,1193.7,148,151,19861,0.80
1012,16.8500,1,1231.2,1193.4,149,152,19877,0.80
1013,16.8667,1,1231.3,1193.4,148,152,19856,0.80
1014,16.8833,1,1231.3,1193.2,148,151,19829,0.80
1015,16.9000,1,1231.3,1193.1,148,151,19804,0.80
1016,16.9167,1,1231.3,1193.3,148,150,19761,0.80
1017,16.9333,1,1231.3,1193.2,148,150,19790,0.80
1018,16.9500,1,1231.0,1192.7,149,151,19755,0.78
1019,16.9667,1,1231.2,1192.7,149,151,19768,0.76
1020,16.9833,1,1231.3,1192.4,150,152,19836,0.76
1021,17.0000,1,1231.4,1192.4,149,152,19783,0.76
1022,17.0167,1,1231.6,1192.4,149,153,19815,0.76
1023,17.0333,1,1231.6,1192.2,150,153,19864,0.76
1024,17.0500,1,1231.5,1191.5,147,151,19605,0.78
1025,17.0667,1,1231.5,1191.5,147,151,19599,0.78
1026,17.0833,1,1231.5,1191.4,147,150,19623,0.78
1027,17.1000,1,1231.6,1191.3,148,150,19608,0.78
1028,17.1167,1,1231.6,1191.3,148,150,19563,0.78
1029,17.1333,1,1231.7,1191.1,148,150,19518,0.78
1030,17.1500,1,1231.4,1190.0,149,153,19724,0.78
1031,17.1667,1,1231.4,1189.8,148,153,19756,0.78
1032,17.1833,1,1231.3,1189.6,149,153,19779,0.78
1033,17.2000,1,1231.4,1189.5,149,151,19724,0.77
1034,17.2167,1,1231.0,1189.0,149,153,19703,0.78
1035,17.2333,1,1231.3,1188.7,149,152,19604,0.78
1036,17.2500,1,1231.4,1188.6,150,150,19550,0.79
1037,17.2667,1,1231.5,1188.2,149,150,19615,0.78
1038,17.2833,1,1231.7,1187.8,149,149,19561,0.78
1039,17.3000,1,1231.9,1187.8,149,150,19563,0.76
1040,17.3167,1,1232.0,1187.6,149,149,19561,0.76
1041,17.3333,1,1232.2,1187.6,150,149,19621,0.74
1042,17.3500,1,1231.9,1187.0,149,149,19614,0.78
1043,17.3667,1,1231.7,1186.8,150,149,19585,0.78
1044,17.3833,1,1231.9,1186.3,150,149,19682,0.78
1045,17.4000,1,1232.2,1186.1,150,150,19765,0.78
1046,17.4167,1,1232.3,1186.2,150,149,19754,0.78
1047,17.4333,1,1231.8,1185.8,149,148,19614,0.78
1048,17.4500,1,1232.0,1185.6,149,148,19580,0.78
1049,17.4667,1,1231.7,1185.1,150,149,19631,0.78
1050,17.4833,1,1231.9,1185.0,150,148,19570,0.78
1051,17.5000,1,1231.7,1184.0,149,148,19578,0.78
1052,17.5167,1,1231.8,1184.2,150,148,19375,0.79
1053,17.5333,1,1231.5,1183.6,149,149,19350,0.77
1054,17.5500,1,1231.5,1183.2,150,150,19408,0.77
1055,17.5667,1,1231.7,1183.3,150,148,19388,0.77
1056,17.5833,1,1231.8,1182.6,149,147,19248,0.79
1057,17.6000,1,1232.4,1182.2,150,148,19306,0.79
1058,17.6167,1,1232.5,1182.2,150,148,19257,0.79
1059,17.6333,1,1232.4,1182.2,150,148,19260,0.79
1060,17.6500,1,1232.6,1182.1,150,148,19244,0.79
1061,17.6667,1,1232.7,1182.0,149,148,19268,0.79
1062,17.6833,1,1232.7,1182.0,149,149,19293,0.79
1063,17.7000,1,1232.6,1181.9,148,149,19257,0.77
1064,17.7167,1,1232.6,1181.9,148,149,19285,0.77
1065,17.7333,1,1232.8,1182.1,148,149,19161,0.75
1066,17.7500,1,1232.8,1182.1,148,149,19161,0.75
1067,17.7667,1,1232.8,1182.1,148,149,19161,0.75
1068,17.7833,1,1232.8,1182.1,148,149,19161,0.75
1069,17.8000,1,1232.7,1182.0,149,149,19170,0.76
1070,17.8167,1,1232.7,1182.3,149,148,19099,0.76
1071,17.8333,1,1232.7,1182.5,149,148,19067,0.76
1072,17.8500,1,1232.6,1182.4,149,148,19094,0.76
1073,17.8667,1,1232.5,1182.5,150,148,19100,0.76
1074,17.8833,1,1232.6,1182.7,149,148,19061,0.76
1075,17.9000,1,1232.8,1182.8,149,148,19011,0.76
1076,17.9167,1,1232.7,1182.7,149,148,19001,0.74
1077,17.9333,1,1232.6,1182.7,149,148,19053,0.76
1078,17.9500,1,1232.4,1182.5,149,148,19097,0.77
1079,17.9667,1,1232.4,1182.6,149,149,19136,0.75
1080,17.9833,1,1232.5,1182.6,149,148,19134,0.75
1081,18.0000,1,1232.5,1182.6,149,148,19133,0.75
1082,18.0167,1,1232.4,1182.5,149,148,19120,0.75
1083,18.0333,1,1232.4,1182.4,149,148,19072,0.77
1084,18.0500,1,1232.4,1182.4,149,148,19079,0.75
1085,18.0667,1,1232.4,1182.4,149,148,19076,0.75
1086,18.0833,1,1231.3,1181.8,149,148,19226,0.75
1087,18.1000,1,1224.7,1182.2,152,148,19213,0.73
1088,18.1167,1,1215.4,1182.0,149,148,19306,0.76
1089,18.1333,1,1198.3,1177.9,150,148,19165,0.75
1090,18.1500,1,1178.9,1172.2,150,149,19362,0.74
1091,18.1667,1,1157.4,1167.0,147,148,19178,0.73
1092,18.1833,1,1134.7,1161.3,149,147,19082,0.74
1093,18.2000,1,1113.3,1156.3,149,148,19356,0.76
1094,18.2167,1,1090.3,1153.6,148,148,19177,0.78
1095,18.2333,1,1068.9,1157.5,150,149,19456,0.78
1096,18.2500,1,1049.3,1161.1,149,149,19378,0.77
1097,18.2667,1,1031.7,1163.9,148,148,19116,0.75
1098,18.2833,1,1014.4,1164.3,148,147,19056,0.75
1099,18.3000,1,998.4,1162.4,149,146,19030,0.76
1100,18.3167,1,982.5,1159.2,149,148,18983,0.76
1101,18.3333,1,968.1,1154.8,150,148,19196,0.77
1102,18.3500,1,956.3,1148.7,150,149,19250,0.75
1103,18.3667,1,946.8,1143.1,148,149,19234,0.75
1104,18.3833,1,939.1,1136.9,149,149,19203,0.75
1105,18.4000,1,933.7,1131.7,148,149,19612,0.77
1106,18.4167,1,929.2,1127.1,148,150,19481,0.75
1107,18.4333,1,925.6,1123.5,149,150,19440,0.76
1108,18.4500,1,923.5,1120.0,149,150,19385,0.74
1109,18.4667,1,922.3,1117.6,148,150,19297,0.76
1110,18.4833,1,920.1,1115.6,149,149,19233,0.75
1111,18.5000,1,920.3,1113.7,149,150,19232,0.77
1112,18.5167,1,919.7,1111.4,149,149,19424,0.74
1113,18.5333,1,919.0,1109.6,150,149,19381,0.75
1114,18.5500,1,918.2,1108.7,150,149,19374,0.75
1115,18.5667,1,917.5,1108.8,150,150,19520,0.76
1116,18.5833,1,917.5,1108.2,151,151,19436,0.76
1117,18.6000,1,917.1,1107.0,149,149,19614,0.76
1118,18.6167,1,917.4,1105.7,149,150,19738,0.77
1119,18.6333,1,917.3,1105.8,148,150,19616,0.77
1120,18.6500,1,917.3,1105.0,148,150,19615,0.78
1121,18.6667,1,917.1,1104.8,148,150,19567,0.76
1122,18.6833,1,917.0,1104.1,149,150,19516,0.76
1123,18.7000,1,916.8,1104.1,148,150,19341,0.76
1124,18.7167,1,917.1,1103.4,149,150,19356,0.75
1125,18.7333,1,917.3,1102.1,149,149,19391,0.77
1126,18.7500,1,916.5,1101.8,150,149,19291,0.77
1127,18.7667,1,916.7,1100.6,149,149,19452,0.77
1128,18.7833,1,916.9,1100.4,148,150,19428,0.76
1129,18.8000,1,917.8,1098.8,148,149,19648,0.77
1130,18.8167,1,917.6,1097.7,149,149,19465,0.78
1131,18.8333,1,917.3,1096.3,149,148,19372,0.76
1132,18.8500,1,917.4,1094.9,150,149,19308,0.76
1133,18.8667,1,917.8,1093.4,148,149,19424,0.78
1134,18.8833,1,917.5,1092.1,149,149,19467,0.76
1135,18.9000,1,917.8,1089.9,150,149,19507,0.76
1136,18.9167,1,918.5,1088.2,148,149,19355,0.75
1137,18.9333,1,918.5,1086.1,147,148,19372,0.77
1138,18.9500,1,917.6,1085.4,149,149,19496,0.76
1139,18.9667,1,917.9,1083.9,149,149,19556,0.74
1140,18.9833,1,917.4,1082.3,150,149,19672,0.75
1141,19.0000,1,917.5,1081.5,149,147,19656,0.76
1142,19.0167,1,917.6,1081.0,148,149,19612,0.78
1143,19.0333,1,917.6,1079.3,148,148,19530,0.76
1144,19.0500,1,917.0,1078.4,148,148,19356,0.78
1145,19.0667,1,916.7,1077.8,148,147,19236,0.77
1146,19.0833,1,917.1,1076.6,148,148,19393,0.78
1147,19.1000,1,917.3,1075.7,147,147,19373,0.77
1148,19.1167,1,917.7,1074.8,149,148,19314,0.75
1149,19.1333,1,918.0,1073.5,148,148,19293,0.77
1150,19.1500,1,917.8,1072.5,147,148,19357,0.79
1151,19.1667,1,917.8,1070.4,147,147,19219,0.77
1152,19.1833,1,917.7,1069.4,147,148,19258,0.77
1153,19.2000,1,918.0,1068.0,147,148,19163,0.75
1154,19.2167,1,917.8,1066.7,147,148,19440,0.78
1155,19.2333,1,917.9,1064.8,146,148,19265,0.79
1156,19.2500,1,917.3,1063.4,147,147,19177,0.75
1157,19.2667,1,917.3,1062.0,147,147,19340,0.77
1158,19.2833,1,917.7,1060.4,148,148,19335,0.77
1159,19.3000,1,917.8,1059.2,148,147,19433,0.77
1160,19.3167,1,918.3,1057.6,148,147,19550,0.76
1161,19.3333,1,917.8,1057.0,148,148,19443,0.78
1162,19.3500,1,918.2,1055.1,149,148,19501,0.76
1163,19.3667,1,917.5,1053.7,150,149,19646,0.75
1164,19.3833,1,917.4,1052.4,149,149,19507,0.78
1165,19.4000,1,917.9,1050.7,147,148,19568,0.74
1166,19.4167,1,919.9,1048.6,148,149,19408,0.76
1167,19.4333,1,922.1,1046.1,149,149,19507,0.74
1168,19.4500,1,926.9,1043.5,148,149,19541,0.74
1169,19.4667,1,934.8,1041.6,148,149,19538,0.78
1170,19.4833,1,944.9,1039.5,149,149,19523,0.74
1171,19.5000,1,956.9,1037.4,149,149,19577,0.74
1172,19.5167,1,967.6,1035.3,148,149,19541,0.76
1173,19.5333,1,979.8,1033.4,149,149,19537,0.78
1174,19.5500,1,988.8,1031.2,149,148,19714,0.76
1175,19.5667,1,997.8,1029.3,149,148,19385,0.77
1176,19.5833,1,1006.9,1026.8,149,148,19502,0.74
1177,19.6000,1,1014.0,1026.9,148,148,19467,0.75
1178,19.6167,1,1020.1,1024.6,149,148,19432,0.78
1179,19.6333,1,1024.7,1023.4,149,148,19429,0.74
1180,19.6500,1,1029.1,1022.4,149,148,19677,0.75
1181,19.6667,1,1030.8,1021.5,151,148,19677,0.79
1182,19.6833,1,1031.8,1020.3,149,148,19608,0.77
1183,19.7000,1,1033.1,1019.3,149,149,19577,0.74
1184,19.7167,1,1033.2,1018.9,150,148,19629,0.74
1185,19.7333,1,1033.8,1019.3,149,148,19474,0.76
1186,19.7500,1,1034.6,1018.9,148,148,19486,0.78
1187,19.7667,1,1034.3,1018.2,149,148,19499,0.78
1188,19.7833,1,1034.0,1016.9,147,148,19244,0.77
1189,19.8000,1,1034.3,1015.5,148,148,19260,0.75
1190,19.8167,1,1034.3,1014.1,147,146,19347,0.77
1191,19.8333,1,1034.3,1013.2,147,147,19250,0.77
1192,19.8500,1,1034.8,1012.4,149,146,19426,0.78
1193,19.8667,1,1035.2,1012.1,149,148,19497,0.77
1194,19.8833,1,1034.5,1011.3,149,148,19260,0.74
1195,19.9000,1,1035.0,1011.4,149,148,19024,0.74
1196,19.9167,1,1035.4,1010.9,149,148,18997,0.73
1197,19.9333,1,1035.8,1010.3,149,149,18910,0.75
1198,19.9500,1,1036.7,1010.3,148,149,18764,0.74
1199,19.9667,1,1038.6,1010.3,150,149,19102,0.76
1200,19.9833,1,1039.6,1010.3,149,148,18978,0.75
1201,20.0000,1,1041.7,1009.8,150,148,19266,0.76
1202,20.0167,1,1043.0,1009.7,148,148,19212,0.77
1203,20.0333,1,1043.7,1009.8,148,148,19178,0.78
1204,20.0500,1,1045.1,1009.9,147,149,19000,0.78
1205,20.0667,1,1047.5,1010.2,148,148,18881,0.77
1206,20.0833,1,1050.6,1010.0,147,148,19195,0.77
1207,20.1000,1,1052.6,1010.4,147,149,19031,0.78
1208,20.1167,1,1054.0,1010.5,148,149,18902,0.75
1209,20.1333,1,1056.5,1010.4,147,149,18858,0.76
1210,20.1500,1,1058.7,1010.3,147,149,18818,0.76
1211,20.1667,1,1062.1,1010.8,147,148,18995,0.74
1212,20.1833,1,1065.0,1011.1,147,149,19152,0.79
1213,20.2000,1,1068.2,1011.0,149,148,19195,0.76
1214,20.2167,1,1071.6,1010.9,148,148,19029,0.76
1215,20.2333,1,1075.4,1011.6,148,148,19258,0.75
1216,20.2500,1,1078.7,1011.2,148,148,19343,0.75
1217,20.2667,1,1083.2,1012.0,148,149,19378,0.76
1218,20.2833,1,1087.9,1012.4,149,148,19325,0.77
1219,20.3000,1,1092.5,1013.5,147,148,19139,0.78
1220,20.3167,1,1098.6,1013.8,148,147,19270,0.75
1221,20.3333,1,1103.9,1014.7,149,147,19348,0.77
1222,20.3500,1,1109.2,1014.5,147,147,19292,0.77
1223,20.3667,1,1115.7,1015.5,148,147,19387,0.77
1224,20.3833,1,1120.4,1014.9,149,148,19576,0.77
1225,20.4000,1,1125.9,1014.8,147,148,19275,0.77
1226,20.4167,1,1131.2,1013.3,148,147,19483,0.78
1227,20.4333,1,1136.6,1013.2,148,148,19376,0.77
1228,20.4500,1,1141.0,1011.9,149,147,19362,0.75
1229,20.4667,1,1145.0,1010.8,149,148,19473,0.78
1230,20.4833,1,1149.5,1010.4,149,148,19334,0.77
1231,20.5000,1,1152.6,1009.0,150,147,19389,0.75
1232,20.5167,1,1155.9,1008.0,149,148,19336,0.77
1233,20.5333,1,1159.8,1007.9,147,147,19413,0.77
1234,20.5500,1,1161.7,1006.6,147,148,19306,0.77
1235,20.5667,1,1164.1,1006.0,148,148,19282,0.79
1236,20.5833,1,1166.4,1005.4,148,148,19565,0.80
1237,20.6000,1,1168.4,1005.1,148,148,19416,0.79
1238,20.6167,1,1169.2,1004.4,150,148,19455,0.77
1239,20.6333,1,1170.0,1003.6,148,147,19280,0.75
1240,20.6500,1,1170.2,1003.1,148,147,19447,0.77
1241,20.6667,1,1170.8,1003.1,149,147,19447,0.76
1242,20.6833,1,1171.7,1003.5,148,148,19432,0.76
1243,20.7000,1,1171.9,1003.3,149,148,19509,0.76
1244,20.7167,1,1172.3,1002.8,149,147,19472,0.78
1245,20.7333,1,1173.6,1003.7,149,147,19494,0.78
1246,20.7500,1,1173.8,1003.5,149,147,19501,0.78
1247,20.7667,1,1174.0,1003.2,149,147,19546,0.78
1248,20.7833,1,1174.6,1004.0,149,147,19275,0.77
1249,20.8000,1,1174.6,1004.0,150,147,19288,0.77
1250,20.8167,1,1174.6,1003.9,150,147,19324,0.77
1251,20.8333,1,1174.6,1003.8,150,147,19324,0.77
1252,20.8500,1,1174.8,1003.8,150,147,19373,0.77
1253,20.8667,1,1174.8,1003.7,149,148,19376,0.77
1254,20.8833,1,1174.8,1003.6,149,148,19389,0.77
1255,20.9000,1,1174.8,1003.6,149,148,19391,0.77
1256,20.9167,1,1174.8,1003.6,150,148,19408,0.77
1257,20.9333,1,1175.0,1003.6,150,148,19449,0.77
1258,20.9500,1,1174.9,1003.5,150,148,19433,0.77
1259,20.9667,1,1175.4,1003.2,152,148,19573,0.77
1260,20.9833,1,1177.1,1002.3,163,148,19845,0.68
1261,21.0000,1,1176.1,1002.6,152,149,19709,0.78
1262,21.0167,1,1176.1,1002.5,152,149,19667,0.77
1263,21.0333,1,1173.6,1004.4,151,150,18536,0.73
1264,21.0500,1,1173.5,1004.4,152,150,18557,0.73
1265,21.0667,1,1174.3,1004.6,152,150,18612,0.73
1266,21.0833,1,1174.7,1004.6,152,150,18613,0.73
1267,21.1000,1,1174.7,1004.7,152,150,18594,0.73
1268,21.1167,1,1174.6,1004.7,154,150,18668,0.73
1269,21.1333,1,1174.7,1004.6,154,150,18688,0.73
1270,21.1500,1,1175.2,1004.9,153,150,18489,0.72
1271,21.1667,1,1175.2,1004.8,154,150,18444,0.72
1272,21.1833,1,1175.4,1004.9,153,150,18405,0.72
1273,21.2000,1,1175.6,1005.0,153,150,18343,0.71
1274,21.2167,1,1175.6,1005.0,153,150,18331,0.71
1275,21.2333,1,1176.2,1005.1,153,149,18375,0.70
1276,21.2500,1,1176.3,1005.0,153,149,18380,0.70
1277,21.2667,1,1176.2,1005.0,153,150,18377,0.70
1278,21.2833,1,1176.2,1004.9,153,150,18400,0.70
1279,21.3000,1,1176.3,1004.9,152,150,18394,0.70
1280,21.3167,1,1177.5,1005.6,151,149,18372,0.72
1281,21.3333,1,1177.4,1005.5,154,149,18472,0.70
1282,21.3500,1,1177.5,1005.5,154,149,18468,0.70
1283,21.3667,1,1178.9,1005.8,153,148,18562,0.71
1284,21.3833,1,1178.8,1005.5,155,149,18608,0.69
1285,21.4000,1,1178.9,1005.5,153,149,18571,0.71
1286,21.4167,1,1180.1,1005.4,154,149,18611,0.71
1287,21.4333,1,1180.0,1005.3,154,149,18613,0.71
1288,21.4500,1,1180.3,1005.1,154,150,18721,0.72
1289,21.4667,1,1180.7,1005.4,155,149,18688,0.71
1290,21.4833,1,1180.9,1005.2,154,149,18604,0.71
1291,21.5000,1,1181.0,1005.0,155,149,18580,0.71
1292,21.5167,1,1181.6,1005.1,154,149,18539,0.71
1293,21.5333,1,1182.1,1005.1,153,149,18521,0.73
1294,21.5500,1,1182.1,1005.1,153,149,18554,0.73
1295,21.5667,1,1182.7,1005.0,153,149,18479,0.71
1296,21.5833,1,1182.9,1005.0,153,149,18551,0.71
1297,21.6000,1,1184.1,1005.1,153,149,18474,0.69
1298,21.6167,1,1184.1,1005.2,153,149,18515,0.69
1299,21.6333,1,1184.1,1005.2,153,149,18431,0.69
1300,21.6500,1,1184.7,1005.3,151,149,18307,0.70
1301,21.6667,1,1184.7,1005.1,151,149,18360,0.72
1302,21.6833,1,1184.9,1005.0,152,149,18353,0.72
1303,21.7000,1,1185.7,1005.3,150,149,18233,0.70
1304,21.7167,1,1185.6,1004.9,150,149,18309,0.70
1305,21.7333,1,1187.0,1005.1,150,150,18174,0.70
1306,21.7500,1,1186.8,1005.0,149,150,18211,0.70
1307,21.7667,1,1187.0,1004.9,149,149,17961,0.71
1308,21.7833,1,1187.1,1005.2,149,148,17773,0.70
1309,21.8000,1,1188.1,1005.1,150,149,18001,0.69
1310,21.8167,1,1188.0,1005.2,151,149,17983,0.69
1311,21.8333,1,1188.7,1005.3,151,149,18048,0.69
1312,21.8500,1,1189.9,1005.3,154,148,18277,0.68
1313,21.8667,1,1190.3,1005.4,153,148,18192,0.68
1314,21.8833,1,1190.9,1005.4,152,147,18119,0.68
1315,21.9000,0,,,,,,
1316,21.9167,1,1193.0,1005.2,152,149,18235,0.70
1317,21.9333,1,1192.6,1005.1,151,149,18093,0.70
1318,21.9500,1,1192.9,1005.2,151,149,18141,0.70
1319,21.9667,1,1192.6,1004.9,150,149,17995,0.69
1320,21.9833,1,1194.9,1005.1,151,148,18095,0.69
1321,22.0000,1,1195.9,1005.5,151,149,18110,0.70
1322,22.0167,1,1195.9,1005.2,152,148,17975,0.69
1323,22.0333,1,1196.7,1005.1,153,148,18064,0.69
1324,22.0500,1,1197.4,1005.3,153,148,18088,0.70
1325,22.0667,1,1197.9,1004.9,152,148,18163,0.70
1326,22.0833,1,1198.8,1004.8,153,148,18142,0.68
1327,22.1000,1,1198.6,1005.2,153,148,17973,0.68
1328,22.1167,1,1200.1,1005.2,153,150,18379,0.69
1329,22.1333,1,1200.1,1004.9,153,150,18374,0.69
1330,22.1500,1,1200.2,1004.3,155,149,18576,0.70
1331,22.1667,1,1200.1,1004.0,154,148,18570,0.70
1332,22.1833,1,1201.1,1004.6,154,148,18540,0.70
1333,22.2000,1,1201.2,1004.7,154,148,18487,0.70
1334,22.2167,1,1202.0,1004.6,153,148,18495,0.68
1335,22.2333,1,1201.6,1004.4,153,149,18484,0.70
1336,22.2500,1,1203.4,1005.6,152,149,18323,0.69
1337,22.2667,0,,,,,,
1338,22.2833,0,,,,,,
1339,22.3000,1,1205.7,1005.4,151,148,18218,0.71
1340,22.3167,1,1205.2,1004.7,153,148,18333,0.69
1341,22.3333,1,1206.9,1005.0,153,148,18300,0.69
1342,22.3500,1,1207.1,1005.2,151,148,18273,0.70
1343,22.3667,1,1206.7,1005.4,152,148,18144,0.69
1344,22.3833,0,,,,,,
1345,22.4000,1,1207.9,1005.3,156,148,18269,0.68
1346,22.4167,1,1208.7,1004.8,156,148,18234,0.68
1347,22.4333,1,1209.4,1004.4,156,149,18214,0.68
1348,22.4500,1,1210.4,1005.8,154,149,18084,0.69
1349,22.4667,1,1212.0,1006.9,152,148,18185,0.71
1350,22.4833,1,1212.2,1006.8,153,149,18194,0.72
1351,22.5000,1,1212.7,1008.6,153,151,18060,0.69
1352,22.5167,1,1213.0,1008.5,153,151,18038,0.70
1353,22.5333,1,1213.4,1009.1,154,150,18328,0.70
1354,22.5500,1,1214.4,1010.2,154,150,18426,0.71
1355,22.5667,1,1214.3,1010.2,154,150,18410,0.71
1356,22.5833,1,1215.9,1011.0,152,150,18515,0.73
1357,22.6000,1,1216.0,1011.1,151,150,18470,0.73
1358,22.6167,1,1216.8,1012.0,149,147,18277,0.73
1359,22.6333,1,1216.5,1012.2,149,147,18190,0.73
1360,22.6500,1,1216.5,1013.5,149,148,18158,0.70
1361,22.6667,1,1216.8,1014.4,150,147,18499,0.70
1362,22.6833,1,1217.5,1013.6,152,147,18835,0.73
1363,22.7000,1,1218.5,1015.2,150,146,18302,0.74
1364,22.7167,1,1218.2,1015.1,149,146,18229,0.73
1365,22.7333,1,1219.7,1016.8,148,146,17981,0.74
1366,22.7500,1,1219.5,1016.7,148,147,17998,0.74
1367,22.7667,1,1221.2,1017.5,147,147,18111,0.75
1368,22.7833,1,1221.1,1017.3,147,147,18143,0.75
1369,22.8000,1,1220.7,1017.3,148,147,18149,0.75
1370,22.8167,1,1221.0,1017.3,150,147,18253,0.73
1371,22.8333,1,1222.2,1018.1,149,147,18207,0.71
1372,22.8500,1,1222.4,1019.5,149,148,18179,0.72
1373,22.8667,1,1222.5,1019.6,149,148,18201,0.73
1374,22.8833,1,1222.5,1020.4,150,149,18411,0.72
1375,22.9000,1,1222.6,1021.3,150,148,18682,0.73
1376,22.9167,1,1222.0,1022.2,149,148,18724,0.71
1377,22.9333,1,1223.2,1023.9,149,149,18739,0.73
1378,22.9500,1,1223.3,1023.8,149,150,18753,0.73
1379,22.9667,1,1224.1,1023.9,151,152,18970,0.75
1380,22.9833,1,1225.8,1023.0,153,159,19362,0.75
1381,23.0000,1,1226.9,1021.4,151,159,19822,0.75
1382,23.0167,0,,,,,,
1383,23.0333,1,1234.0,1016.1,165,184,21938,0.63
1384,23.0500,1,1234.2,1018.8,164,176,21884,0.63
1385,23.0667,1,1234.9,1022.0,163,168,21761,0.66
1386,23.0833,1,1235.1,1025.9,161,168,21768,0.68
1387,23.1000,1,1237.2,1030.3,158,169,21821,0.68
1388,23.1167,1,1237.3,1034.1,154,174,21679,0.68
1389,23.1333,1,1235.4,1038.0,156,173,21675,0.64
1390,23.1500,0,,,,,,
1391,23.1667,0,,,,,,
1392,23.1833,1,1229.8,1046.0,182,176,22939,0.64
1393,23.2000,0,,,,,,
1394,23.2167,0,,,,,,
1395,23.2333,0,,,,,,
1396,23.2500,0,,,,,,
1397,23.2667,1,1246.2,1075.3,152,150,19531,0.79
1398,23.2833,1,1249.3,1080.2,147,149,18895,0.79
1399,23.3000,1,1251.2,1086.4,141,150,17871,0.78
1400,23.3167,1,1252.4,1091.5,141,150,17614,0.79
1401,23.3333,1,1252.9,1096.9,143,150,17364,0.76
1402,23.3500,1,1254.2,1101.3,134,150,17525,0.80
1403,23.3667,1,1254.5,1105.6,133,150,17392,0.80
1404,23.3833,1,1254.3,1109.2,133,150,17140,0.80
1405,23.4000,1,1253.1,1111.9,136,156,17373,0.78
1406,23.4167,1,1253.2,1114.0,137,154,17239,0.79
1407,23.4333,1,1253.0,1116.3,137,156,17105,0.77
1408,23.4500,1,1252.3,1116.8,142,157,17336,0.75
1409,23.4667,1,1253.2,1116.2,137,156,17162,0.77
1410,23.4833,1,1253.5,1115.9,138,156,17247,0.77
1411,23.5000,1,1253.5,1116.2,138,156,17273,0.77
1412,23.5167,1,1253.6,1116.1,137,156,17251,0.77
1413,23.5333,1,1254.6,1115.2,132,153,17013,0.77
1414,23.5500,1,1255.5,1114.1,129,150,16784,0.77
1415,23.5667,1,1255.8,1114.2,129,148,16943,0.82
1416,23.5833,1,1255.8,1114.2,129,148,16940,0.82
1417,23.6000,1,1255.8,1114.2,129,148,16940,0.82
1418,23.6167,1,1255.8,1114.2,129,148,16934,0.82
1419,23.6333,1,1256.3,1115.1,129,148,16978,0.83
1420,23.6500,1,1256.4,1115.1,129,148,16960,0.83
1421,23.6667,1,1256.3,1115.0,129,148,16969,0.83
1422,23.6833,1,1256.3,1115.0,129,148,16970,0.83
1423,23.7000,1,1256.3,1115.0,129,148,16970,0.83
1424,23.7167,1,1256.3,1115.0,129,148,16970,0.83
1425,23.7333,1,1256.3,1115.0,129,148,16970,0.83
1426,23.7500,1,1256.3,1115.0,129,148,16970,0.83
1427,23.7667,1,1256.2,1116.0,128,148,17154,0.79
1428,23.7833,1,1257.4,1117.0,128,148,17009,0.80
1429,23.8000,1,1256.5,1120.4,128,149,17076,0.78
1430,23.8167,1,1255.9,1126.4,129,148,17145,0.81
1431,23.8333,1,1255.5,1134.5,130,150,17623,0.81
1432,23.8500,1,1254.0,1147.9,132,147,17573,0.79
1433,23.8667,1,1252.2,1162.0,135,147,17985,0.80
1434,23.8833,1,1248.1,1178.3,141,147,18527,0.81
1435,23.9000,1,1242.1,1195.1,148,146,18676,0.78
1436,23.9167,1,1235.1,1205.4,149,148,18894,0.75
1437,23.9333,1,1227.8,1216.1,149,150,19015,0.73
1438,23.9500,1,1222.0,1223.0,148,149,19362,0.74
1439,23.9667,1,1215.7,1231.4,149,150,19212,0.74
1440,23.9833,1,1211.4,1239.3,149,148,19044,0.75
1441,24.0000,1,1209.9,1245.9,148,150,19136,0.73
1442,24.0167,1,1208.9,1252.5,149,149,19208,0.73
1443,24.0333,1,1207.3,1259.6,148,147,19252,0.75
1444,24.0500,1,1205.3,1268.6,149,148,19060,0.74
1445,24.0667,1,1203.1,1278.2,149,149,19214,0.77
1446,24.0833,1,1197.8,1289.5,149,149,19176,0.75
1447,24.1000,1,1192.0,1301.9,149,148,18926,0.76
1448,24.1167,1,1182.1,1317.6,154,155,19501,0.75
1449,24.1333,1,1170.2,1333.3,153,150,19278,0.74
1450,24.1500,1,1158.3,1350.0,157,148,19451,0.76
1451,24.1667,1,1147.4,1366.8,157,150,20003,0.76
1452,24.1833,1,1138.7,1386.7,163,151,20165,0.77
1453,24.2000,1,1128.1,1403.4,164,152,20370,0.75
1454,24.2167,1,1115.5,1420.5,166,158,21261,0.75
1455,24.2333,0,,,,,,
1456,24.2500,0,,,,,,
1457,24.2667,0,,,,,,
1458,24.2833,0,,,,,,
1459,24.3000,1,1082.9,1507.5,160,155,19762,0.75
1460,24.3167,1,1076.6,1520.2,152,150,19206,0.75
1461,24.3333,1,1074.8,1526.6,150,149,19141,0.76
1462,24.3500,1,1073.5,1531.5,150,148,18730,0.74
1463,24.3667,1,1074.0,1534.7,148,148,19012,0.76
1464,24.3833,1,1074.4,1538.8,150,148,19017,0.77
1465,24.4000,1,1075.3,1543.5,149,148,19308,0.75
1466,24.4167,1,1075.1,1548.9,150,147,19147,0.77
1467,24.4333,1,1074.7,1555.1,149,149,19085,0.76
1468,24.4500,1,1074.0,1560.4,149,148,19255,0.76
1469,24.4667,1,1073.7,1566.3,149,149,19072,0.76
1470,24.4833,1,1073.9,1571.7,150,148,18912,0.76
1471,24.5000,1,1073.0,1576.5,149,147,19040,0.75
1472,24.5167,1,1073.4,1582.6,149,149,18697,0.75
1473,24.5333,1,1073.1,1587.5,150,149,18636,0.75
1474,24.5500,1,660.6,2139.6,151,149,20068,0.78
1475,24.5667,1,660.6,2139.6,151,149,20073,0.78
1476,24.5833,1,660.6,2139.6,151,149,20072,0.78
1477,24.6000,1,660.6,2139.7,151,149,20071,0.78
1478,24.6167,1,660.5,2139.7,151,149,20103,0.78
1479,24.6333,1,660.5,2139.7,151,149,20103,0.78
1480,24.6500,1,660.5,2139.7,151,149,20103,0.78
1481,24.6667,1,660.5,2139.7,151,149,20103,0.78
1482,24.6833,1,660.5,2139.7,151,149,20103,0.78
1483,24.7000,1,660.5,2139.7,151,149,20103,0.78
1484,24.7167,1,660.5,2139.7,151,149,20103,0.78
1485,24.7333,1,660.5,2139.7,151,149,20103,0.78
1486,24.7500,1,660.5,2139.7,151,149,20104,0.78
1487,24.7667,1,660.5,2139.7,151,149,20104,0.78
1488,24.7833,1,660.5,2139.7,151,149,20104,0.78
1489,24.8000,1,660.5,2139.7,151,149,20104,0.78
1490,24.8167,1,660.5,2139.7,151,149,20103,0.78
1491,24.8333,1,660.5,2139.7,151,149,20103,0.78
1492,24.8500,1,660.5,2139.7,151,149,20103,0.78
1493,24.8667,1,660.5,2139.7,151,149,20103,0.78
1494,24.8833,1,660.5,2139.7,151,149,20103,0.78
1495,24.9000,1,660.5,2139.7,151,149,20103,0.78
1496,24.9167,1,660.5,2139.7,151,149,20104,0.78
1497,24.9333,1,660.5,2139.7,151,149,20104,0.78
1498,24.9500,1,660.5,2139.7,151,149,20103,0.78
1499,24.9667,1,660.5,2139.7,151,149,20103,0.78
1500,24.9833,1,660.5,2139.7,151,149,20103,0.78
1501,25.0000,1,660.5,2139.7,151,149,20103,0.78
1502,25.0167,1,660.5,2139.7,151,149,20103,0.78
1503,25.0333,1,660.5,2139.7,151,149,20103,0.78
1504,25.0500,1,660.5,2139.7,151,149,20103,0.78
1505,25.0667,1,660.5,2139.7,151,149,20103,0.78
1506,25.0833,1,660.5,2139.7,151,149,20103,0.78
1507,25.1000,1,660.5,2139.7,151,149,20103,0.78
1508,25.1167,1,660.6,2139.7,151,149,20099,0.78
1509,25.1333,1,660.6,2139.7,151,149,20099,0.78
1510,25.1500,1,660.5,2139.7,151,149,20107,0.78
1511,25.1667,1,660.5,2139.7,151,149,20107,0.78
1512,25.1833,1,660.6,2139.7,151,149,20112,0.78
1513,25.2000,1,661.1,2142.2,150,150,19127,0.75
1514,25.2167,1,661.1,2142.2,150,150,19127,0.75
1515,25.2333,0,,,,,,
1516,25.2500,0,,,,,,
1517,25.2667,0,,,,,,
1518,25.2833,0,,,,,,
1519,25.3000,0,,,,,,
1520,25.3167,0,,,,,,
1521,25.3333,0,,,,,,
1522,25.3500,0,,,,,,
1523,25.3667,0,,,,,,
1524,25.3833,0,,,,,,
1525,25.4000,0,,,,,,
1526,25.4167,0,,,,,,
1527,25.4333,0,,,,,,
1528,25.4500,0,,,,,,
1529,25.4667,0,,,,,,
1530,25.4833,1,801.6,1171.6,206,156,25502,0.63
1531,25.5000,0,,,,,,
1532,25.5167,1,806.3,1167.3,207,194,31094,0.69
1533,25.5333,1,805.2,1162.8,208,202,33194,0.71
1534,25.5500,1,806.9,1156.9,209,209,33604,0.69
1535,25.5667,0,,,,,,
1536,25.5833,1,805.1,1152.2,212,225,37408,0.68
1537,25.6000,1,806.0,1154.8,213,253,40193,0.65
1538,25.6167,1,804.7,1153.2,213,258,41732,0.68
1539,25.6333,0,,,,,,
1540,25.6500,0,,,,,,
1541,25.6667,0,,,,,,
1542,25.6833,0,,,,,,
1543,25.7000,0,,,,,,
1544,25.7167,0,,,,,,
1545,25.7333,0,,,,,,
1546,25.7500,0,,,,,,
1547,25.7667,1,796.0,1953.1,210,211,38125,0.75
