frame,blob_id,cx,cy,w,h,area
700,0,1284.8,970.3,104,152,4032
700,1,1063.9,951.8,112,120,6432
700,2,1047.7,1150.8,140,184,7936
700,3,728.9,1353.9,112,124,7280
700,4,753.5,1465.4,68,84,2016
701,0,1285.5,969.0,108,168,4960
701,1,1055.7,959.9,108,120,6432
701,2,1039.7,1158.7,140,184,8016
701,3,714.7,1403.6,108,120,6912
702,0,1284.7,968.3,116,168,5648
702,1,1047.6,968.2,108,120,6560
702,2,1031.9,1166.8,144,184,8096
702,3,706.4,1412.9,108,120,7024
703,0,1299.3,758.8,56,108,2512
703,1,1281.2,971.9,124,172,6320
703,2,1039.6,976.2,108,120,6624
703,3,1024.7,1175.3,140,184,8048
703,4,692.4,1458.0,108,92,5600
704,0,1297.7,770.9,64,112,3168
704,1,1277.6,975.5,128,176,6704
704,2,1032.4,985.2,112,124,6752
704,3,1017.9,1183.8,144,188,8240
705,0,1295.3,780.0,68,112,3648
705,1,1273.6,981.2,136,180,6832
705,2,1026.3,993.6,112,124,6704
705,3,1011.4,1194.5,140,188,8256
706,0,1293.4,789.1,72,112,4016
706,1,1269.5,988.9,140,184,6880
706,2,1020.3,1002.6,112,124,6784
706,3,1006.6,1201.5,140,188,8432
707,0,1291.5,797.8,76,112,4304
707,1,1266.2,997.0,144,184,6944
707,2,1015.5,1012.8,112,124,6848
707,3,1002.4,1211.7,144,188,8224
708,0,1289.8,806.5,76,112,4544
708,1,1263.0,1006.6,144,184,6896
708,2,1011.3,1021.6,116,124,6832
708,3,997.0,1221.9,144,188,8512
709,0,1288.5,814.6,80,112,4784
709,1,1260.5,1015.2,148,180,6864
709,2,1008.2,1032.3,116,124,6944
709,3,994.7,1226.5,144,188,7856
710,0,1287.8,823.3,80,112,4832
710,1,1259.1,1024.3,148,188,6976
710,2,1005.9,1041.8,112,124,6880
710,3,993.6,1228.9,148,184,6736
711,0,1287.2,831.3,80,112,4912
711,1,1258.9,1034.3,148,184,6880
711,2,1004.3,1052.3,112,120,6912
711,3,1008.5,1214.4,64,140,4464
712,0,1287.3,839.6,80,116,4832
712,1,1259.3,1041.8,148,184,6976
712,2,1003.2,1062.4,116,124,7168
712,3,1008.0,1217.7,64,132,3792
713,0,1288.2,850.8,80,112,4912
713,1,1260.1,1050.8,148,184,6960
713,2,1002.9,1073.4,116,124,7152
713,3,1008.0,1219.9,64,120,3200
714,0,1288.7,859.3,80,116,4944
714,1,1260.6,1061.1,148,188,7152
714,2,1002.9,1083.5,116,124,7280
714,3,1008.3,1224.6,64,112,2800
715,0,1289.8,867.5,76,116,4736
715,1,1262.2,1069.5,148,184,7264
715,2,1004.8,1095.2,112,128,7280
715,3,1009.6,1231.2,64,100,2480
716,0,1290.8,875.7,76,116,4624
716,1,1263.9,1079.2,144,188,7328
716,2,1006.2,1105.8,116,124,7296
716,3,1012.4,1236.3,72,88,2096
717,0,1292.4,885.4,72,112,4272
717,1,1267.4,1089.8,140,184,7376
717,2,1008.5,1117.3,116,128,7424
718,0,1293.7,893.1,68,116,3952
718,1,1270.2,1099.4,140,180,7168
718,2,1011.2,1127.5,116,128,7472
719,0,1295.7,901.6,64,120,3744
719,1,1272.6,1110.6,136,180,7248
719,2,1014.3,1138.4,116,124,7328
720,0,1296.7,909.9,60,112,3216
720,1,1276.4,1121.0,132,172,7104
720,2,1017.6,1150.0,120,128,7456
721,0,1298.6,917.6,56,112,2912
721,1,1278.8,1133.6,128,172,6928
721,2,1021.6,1162.0,120,128,7504
722,0,1299.6,923.8,52,108,2496
722,1,1281.6,1145.7,124,172,6448
722,2,1025.9,1172.9,120,132,7760
723,0,1301.1,931.2,48,84,2000
723,1,1283.2,1158.5,120,172,5808
723,2,1030.2,1184.6,120,132,7920
724,0,1283.0,1174.8,116,172,5184
724,1,1034.5,1196.5,120,132,7872
725,0,1282.0,1190.6,112,156,4560
725,1,1038.9,1208.3,120,132,7952
726,0,1281.5,1206.2,104,136,4064
726,1,1042.3,1220.4,120,132,8016
726,2,985.2,1465.4,92,64,2432
727,0,1280.1,1220.5,104,140,3680
727,1,1043.9,1231.6,120,136,8160
727,2,1018.0,1436.3,144,188,5760
728,0,1280.5,1230.1,104,124,3712
728,1,1042.9,1241.8,124,132,8304
728,2,1025.9,1450.3,148,188,7280
729,0,1280.4,1235.6,108,140,3952
729,1,1039.2,1252.4,124,136,8320
729,2,1023.3,1458.2,148,188,7744
730,0,1281.4,1237.3,112,156,4624
730,1,1033.2,1260.2,120,136,8256
730,2,1018.3,1466.3,148,180,7952
731,0,1281.1,1235.7,116,164,5296
731,1,1025.4,1267.0,120,136,8432
731,2,1011.9,1472.0,148,188,7888
732,0,1299.7,1007.1,52,100,2464
732,1,1279.8,1233.9,124,172,6496
732,2,1016.5,1273.5,120,132,8432
732,3,1003.6,1478.0,148,188,8064
733,0,1296.7,1016.8,64,120,3488
733,1,1275.7,1233.5,132,172,7296
733,2,1005.3,1278.4,120,132,8368
733,3,993.6,1482.1,152,192,8240
734,0,1292.1,1023.8,72,120,4432
734,1,1267.9,1233.7,140,184,7648
734,2,993.5,1282.8,120,132,8416
734,3,983.1,1487.4,148,188,8032
735,0,1286.7,1030.5,84,124,5616
735,1,1258.6,1234.5,152,188,7648
735,2,981.2,1286.5,120,136,8464
735,3,971.5,1489.7,148,188,8176
736,0,1279.2,1032.7,96,124,6448
736,1,1247.0,1237.3,156,188,7696
736,2,967.7,1289.8,124,132,8544
736,3,960.2,1493.1,144,188,8080
737,0,1269.2,1035.4,108,124,6768
737,1,1235.3,1238.5,160,188,7712
737,2,953.4,1291.0,120,136,8544
737,3,948.1,1493.7,152,192,8224
738,0,1255.9,1036.0,112,124,6672
738,1,1222.4,1239.9,156,192,7888
738,2,939.4,1293.5,124,132,8560
738,3,938.2,1492.8,148,188,7824
739,0,1241.5,1036.6,116,124,6816
739,1,1209.7,1241.0,152,188,7936
739,2,924.4,1293.7,120,132,8496
739,3,926.6,1492.4,140,192,7504
740,0,1227.7,1036.6,116,124,6800
740,1,1196.8,1240.2,156,188,7952
740,2,909.2,1293.8,120,132,8512
740,3,915.1,1493.1,132,184,6944
741,0,1213.8,1036.2,116,124,6752
741,1,1183.9,1240.2,152,188,8032
741,2,893.6,1293.5,120,136,8560
741,3,903.3,1490.2,120,188,6368
742,0,1199.3,1036.0,116,124,6816
742,1,1170.9,1237.7,152,188,7968
742,2,876.3,1291.0,120,136,8640
742,3,890.9,1477.5,108,192,5664
743,0,1184.7,1035.4,112,120,6848
743,1,1157.8,1237.2,148,184,7840
743,2,857.8,1294.3,120,132,8576
743,3,872.0,1451.5,72,176,3904
744,0,1169.0,1033.5,112,124,6784
744,1,1143.6,1235.7,152,188,8096
744,2,841.3,1292.9,120,136,8512
744,3,855.9,1444.4,68,140,3952
745,0,1153.8,1032.3,112,124,6800
745,1,1128.6,1234.3,152,188,8128
745,2,821.8,1301.2,120,132,8384
745,3,824.6,1473.0,148,168,5600
746,0,1139.2,1030.9,116,124,6880
746,1,1115.6,1232.0,152,188,8144
746,2,803.8,1314.9,120,132,8256
746,3,824.1,1470.6,80,140,4720
747,0,1124.2,1029.3,112,124,6752
747,1,1101.9,1231.3,148,188,8144
747,2,784.1,1334.4,116,132,8160
747,3,806.2,1485.2,84,128,4512
748,0,1109.0,1028.4,112,120,6736
748,1,1284.6,1074.1,84,60,2176
748,2,1087.5,1230.1,144,188,8256
748,3,764.6,1359.7,120,128,7856
748,4,787.3,1498.6,80,112,3600
749,0,1094.0,1028.1,112,124,6752
749,1,1281.1,1070.3,96,88,2992
749,2,1073.6,1229.2,148,188,8160
749,3,745.9,1388.9,116,128,7664
749,4,767.7,1514.5,68,88,2544
750,0,1284.1,1049.1,108,168,4864
750,1,1078.5,1027.8,116,124,6848
750,2,1059.9,1228.3,148,188,8192
750,3,731.6,1388.6,116,128,7840
750,4,753.5,1514.1,68,84,2448
751,0,1299.7,822.5,56,108,2496
751,1,1280.6,1038.7,124,172,6384
751,2,1063.9,1028.1,116,124,6864
751,3,1045.9,1228.8,144,184,8144
751,4,712.7,1423.8,112,124,7424
752,0,1294.6,829.9,68,116,3952
752,1,1271.7,1032.9,132,184,7088
752,2,1048.4,1028.1,112,120,6736
752,3,1031.7,1229.3,148,192,8336
752,4,694.9,1462.7,112,124,7136
753,0,1286.9,832.2,84,116,5072
753,1,1259.5,1032.5,148,184,7120
753,2,1033.7,1029.1,112,124,6912
753,3,1018.3,1231.1,148,188,8464
753,4,678.1,1494.6,108,92,5248
754,0,1278.8,835.5,96,112,5792
754,1,1246.8,1034.1,148,184,6976
754,2,1019.0,1032.1,116,124,6976
754,3,1004.8,1231.8,148,188,8368
755,0,1265.4,837.2,104,116,5792
755,1,1234.6,1036.6,152,188,7152
755,2,1004.5,1033.6,112,124,6864
755,3,991.4,1233.8,148,188,8656
756,0,1252.9,840.2,104,112,5760
756,1,1222.4,1038.0,144,188,7120
756,2,990.6,1036.7,116,124,6976
756,3,979.6,1234.8,144,192,8288
757,0,1239.6,841.9,108,116,5760
757,1,1210.1,1041.7,148,184,7152
757,2,977.0,1040.7,112,124,6992
757,3,969.1,1232.7,144,184,7536
758,0,1227.2,845.7,108,116,5856
758,1,1198.6,1044.1,148,184,7376
758,2,963.0,1044.5,116,124,7120
758,3,956.6,1232.3,144,188,6848
759,0,1214.8,849.0,108,116,5808
759,1,1187.4,1047.9,148,184,7296
759,2,949.6,1049.0,112,124,7024
759,3,958.4,1216.7,68,164,5120
760,0,1203.1,852.7,108,116,5872
760,1,1176.6,1052.0,144,188,7376
760,2,936.6,1052.9,112,124,7024
760,3,930.0,1239.4,136,192,6496
761,0,1191.3,857.3,108,116,5952
761,1,1165.2,1056.4,148,188,7440
761,2,923.4,1057.8,116,124,7232
761,3,920.7,1242.1,128,188,6144
762,0,1179.6,861.5,108,116,5952
762,1,1154.8,1059.3,144,184,7616
762,2,909.8,1063.0,112,124,7376
762,3,913.7,1242.3,96,188,5648
763,0,1168.2,866.4,108,116,6080
763,1,1143.4,1065.5,144,184,7456
763,2,896.9,1068.0,112,124,7328
763,3,904.4,1244.2,76,188,5456
764,0,1156.3,871.5,108,120,6208
764,1,1132.5,1071.0,144,188,7680
764,2,884.7,1074.2,112,124,7328
764,3,894.8,1245.9,72,180,5280
765,0,1145.4,876.5,108,112,5984
765,1,1123.3,1074.6,144,188,7488
765,2,871.6,1079.8,116,128,7568
765,3,885.0,1248.9,72,172,5120
766,0,1134.4,881.4,108,116,6000
766,1,1112.7,1079.8,144,184,7616
766,2,858.9,1086.1,116,124,7536
766,3,873.8,1250.3,76,160,5072
766,4,809.7,1328.8,88,64,2304
767,0,1123.2,886.9,108,120,6192
767,1,1101.5,1086.5,144,188,7600
767,2,846.8,1091.5,116,124,7424
767,3,840.3,1284.4,152,192,7552
768,0,1111.9,892.2,108,116,6160
768,1,1092.0,1092.1,144,188,7552
768,2,834.1,1098.7,116,124,7472
768,3,827.2,1294.3,152,192,7760
769,0,1101.1,897.9,108,116,6160
769,1,1082.0,1096.9,144,184,7648
769,2,821.6,1104.7,116,128,7488
769,3,815.1,1303.5,148,188,7920
770,0,1090.3,903.5,108,120,6256
770,1,1071.8,1103.1,140,188,7728
770,2,807.1,1113.1,116,128,7728
770,3,805.7,1312.4,140,192,8672
771,0,1079.6,910.4,108,116,6336
771,1,1062.0,1108.2,144,188,7664
771,2,793.0,1127.5,116,128,7584
771,3,796.1,1325.3,144,192,9104
772,0,1068.4,915.1,108,116,6272
772,1,1051.7,1115.3,140,188,7792
772,2,778.7,1147.4,116,128,7600
772,3,786.5,1342.7,152,188,9424
773,0,1057.6,922.0,112,116,6304
773,1,1041.0,1120.2,140,184,7888
773,2,763.7,1173.8,116,124,7488
773,3,774.9,1366.0,148,188,9680
774,0,1046.9,927.0,108,116,6320
774,1,1031.7,1126.2,140,188,7920
774,2,751.2,1179.9,116,124,7632
774,3,764.6,1371.5,152,188,9792
775,0,1036.5,934.5,108,120,6464
775,1,1021.2,1132.6,140,188,7968
775,2,736.7,1212.0,112,128,7488
775,3,753.2,1399.8,152,184,9648
776,0,1025.1,940.1,112,120,6544
776,1,1010.9,1139.1,144,188,8064
776,2,721.6,1249.1,112,128,7376
776,3,740.5,1430.0,152,180,9440
777,0,1014.7,946.6,112,120,6448
777,1,1000.5,1146.5,140,188,8160
777,2,708.0,1290.4,112,120,7216
777,3,736.4,1451.7,140,156,7120
778,0,1003.9,953.1,108,120,6480
778,1,991.1,1151.8,144,188,8112
778,2,693.2,1334.8,112,124,7104
778,3,728.9,1466.9,84,108,3744
779,0,993.0,959.6,112,120,6496
779,1,980.7,1157.9,144,188,8336
779,2,684.6,1401.6,116,184,8304
780,0,982.2,966.1,112,124,6608
780,1,970.3,1165.9,144,188,8464
780,2,668.7,1392.6,112,120,7056
781,0,971.7,972.5,108,120,6560
781,1,961.7,1169.8,144,188,8240
781,2,654.9,1443.5,108,116,6624
782,0,960.8,979.3,112,120,6560
782,1,953.7,1173.3,144,188,7968
782,2,649.0,1474.8,96,64,2336
783,0,950.0,985.6,112,124,6608
783,1,948.9,1176.6,140,188,7248
784,0,939.2,993.7,108,124,6816
784,1,946.4,1174.8,80,184,6176
785,0,928.2,1001.1,112,124,6848
785,1,939.0,1171.5,68,180,5200
786,0,916.2,1009.3,112,120,6752
786,1,917.6,1185.5,120,188,5328
787,0,902.4,1020.2,112,120,6768
787,1,910.8,1188.0,64,176,4832
788,0,888.1,1032.3,112,120,6608
788,1,899.7,1191.2,72,156,4480
789,0,872.7,1046.0,112,124,6752
789,1,862.6,1233.3,148,188,6544
790,0,857.1,1058.9,112,120,6288
790,1,849.7,1250.5,136,180,6336
791,0,840.4,1066.9,108,108,5056
791,1,853.8,1199.9,60,92,1936
791,2,827.6,1300.6,148,76,4640
792,0,818.6,1073.6,108,100,3504
792,1,820.6,1292.9,144,180,5968
793,0,794.0,1100.0,84,108,2320
793,1,808.1,1310.7,144,160,6768
794,0,795.6,1319.9,144,164,7776
795,0,779.6,1344.8,140,168,7792
796,0,759.7,1214.1,100,108,4768
796,1,764.8,1375.0,136,164,7344
797,0,744.3,1247.6,96,108,5296
797,1,750.4,1408.7,136,160,7008
798,0,730.2,1261.6,96,104,5040
798,1,737.3,1419.7,132,152,6576
799,0,716.3,1302.7,96,104,5024
799,1,723.6,1454.8,128,152,6624
800,0,702.5,1347.4,92,100,4672
800,1,711.4,1493.2,124,144,6096
801,0,694.6,1472.6,120,244,10112
802,0,1292.7,928.0,88,132,2736
802,1,686.6,1490.8,104,204,7328
803,0,1286.0,927.8,100,140,3936
803,1,668.5,1507.8,84,148,4768
804,0,1294.0,791.4,64,88,2768
804,1,1270.8,941.9,112,140,3840
804,2,657.1,1511.7,84,136,4384
805,0,1280.5,806.3,80,88,2976
805,1,1255.9,953.9,112,144,3920
805,2,643.9,1549.8,80,80,3024
806,0,1265.8,820.0,80,88,2928
806,1,1242.1,968.4,108,140,3760
807,0,1251.5,834.1,80,88,2912
807,1,1229.2,979.5,108,140,3680
808,0,1237.3,847.3,80,84,2912
808,1,1216.6,990.9,108,136,3648
809,0,1224.7,860.1,80,84,2912
809,1,1204.2,1002.7,108,136,3696
810,0,1211.9,872.1,80,84,2848
810,1,1191.4,1014.6,108,136,3632
811,0,1199.6,883.8,80,84,2848
811,1,1180.5,1023.7,108,132,3536
812,0,1187.7,895.3,80,84,2784
812,1,1169.4,1034.7,108,136,3568
813,0,1176.3,906.4,80,80,2720
813,1,1158.2,1044.3,104,132,3584
814,0,1165.2,916.9,76,88,2704
814,1,1147.5,1055.7,100,132,3568
815,0,1154.2,928.0,76,84,2720
815,1,1136.4,1064.3,104,132,3680
816,0,1295.2,943.9,80,120,2608
816,1,1143.4,937.3,76,88,2720
816,2,1126.8,1073.9,100,132,3616
817,0,1288.5,946.6,92,124,3056
817,1,1133.3,948.2,76,84,2704
817,2,1117.4,1083.3,104,132,3584
818,0,1298.4,820.5,56,76,2096
818,1,1279.0,955.7,100,132,3152
818,2,1123.1,957.6,76,88,2784
818,3,1107.5,1092.2,104,132,3552
819,0,1292.1,830.4,64,80,2416
819,1,1269.5,965.3,100,128,3088
819,2,1112.7,967.1,80,84,2704
819,3,1098.0,1101.2,104,128,3520
820,0,1283.4,840.3,76,80,2416
820,1,1261.0,972.7,100,128,3152
820,2,1102.6,976.4,76,84,2768
820,3,1088.4,1109.9,100,132,3776
821,0,1273.8,848.8,76,80,2464
821,1,1251.5,980.9,104,128,3200
821,2,1093.1,986.0,76,88,2720
821,3,1080.2,1119.5,100,132,3520
822,0,1264.4,856.8,72,76,2384
822,1,1243.1,989.9,100,128,3072
822,2,1083.1,995.1,76,84,2784
822,3,1070.4,1129.1,104,132,3536
823,0,1255.5,865.2,76,80,2480
823,1,1234.4,997.4,100,128,3088
823,2,1073.5,1004.2,76,84,2800
823,3,1061.3,1137.5,100,128,3488
824,0,1246.3,873.8,76,80,2400
824,1,1226.5,1004.1,100,128,3168
824,2,1063.6,1013.3,80,84,2768
824,3,1053.0,1144.8,100,128,3440
825,0,1237.6,882.5,76,80,2512
825,1,1217.9,1013.2,100,128,3104
825,2,1054.6,1022.6,76,88,2880
825,3,1043.3,1153.7,104,128,3552
826,0,1228.6,890.8,72,80,2496
826,1,1209.9,1020.4,100,128,3232
826,2,1045.7,1031.6,76,84,2752
826,3,1033.9,1163.9,100,128,3648
827,0,1220.5,899.2,72,80,2464
827,1,1201.5,1029.0,100,128,3232
827,2,1036.2,1040.0,80,84,2752
827,3,1026.1,1172.1,100,128,3600
828,0,1212.1,907.3,72,80,2496
828,1,1193.0,1038.0,100,128,3200
828,2,1026.9,1048.5,76,84,2880
828,3,1017.2,1179.3,96,128,3696
829,0,1203.2,915.2,76,84,2560
829,1,1184.9,1046.3,100,128,3168
829,2,1017.8,1058.0,76,88,2960
829,3,1009.9,1187.6,92,128,3584
830,0,1194.7,923.8,76,84,2576
830,1,1176.8,1054.2,100,128,3200
830,2,1008.0,1066.8,80,88,2896
830,3,1003.6,1195.0,88,128,3296
831,0,1186.2,931.5,76,84,2608
831,1,1168.5,1062.5,104,128,3200
831,2,998.8,1074.4,76,80,2752
831,3,994.6,1203.2,100,128,3328
832,0,1177.9,939.1,76,84,2592
832,1,1160.3,1071.0,100,124,3184
832,2,989.8,1083.7,76,84,2864
832,3,983.2,1212.8,96,128,3536
833,0,1169.2,947.4,76,84,2624
833,1,1152.4,1078.1,100,124,3232
833,2,981.1,1092.4,76,84,2864
833,3,972.9,1222.4,100,128,3712
834,0,1161.0,955.4,76,84,2640
834,1,1144.6,1086.0,100,124,3184
834,2,971.4,1100.7,76,84,2960
834,3,965.1,1230.6,100,128,3712
835,0,1295.9,969.5,72,116,2080
835,1,1152.5,963.6,76,84,2672
835,2,1136.2,1093.6,100,128,3296
835,3,962.6,1109.9,76,88,3024
835,4,961.2,1234.3,88,128,3392
836,0,1293.4,970.3,80,120,2816
836,1,1144.3,970.6,72,80,2608
836,2,1128.3,1100.2,100,128,3392
836,3,952.9,1117.9,80,88,3104
836,4,956.4,1238.9,68,128,2912
837,0,1287.9,972.9,88,124,2928
837,1,1135.6,978.2,76,80,2592
837,2,1119.6,1108.4,100,128,3408
837,3,943.1,1125.8,80,88,2976
837,4,949.3,1241.9,48,124,2480
838,0,1299.6,849.2,52,80,1936
838,1,1280.8,979.5,96,124,2944
838,2,1127.0,985.9,76,80,2608
838,3,1111.6,1116.2,100,128,3456
838,4,934.0,1134.9,76,88,3024
838,5,941.5,1244.9,48,116,2208
839,0,1295.1,857.1,60,80,2256
839,1,1274.4,986.4,96,124,2912
839,2,1118.1,994.1,76,80,2656
839,3,1103.0,1124.6,100,128,3504
839,4,924.3,1143.4,80,88,3104
839,5,931.4,1246.3,52,108,1920
840,0,1287.9,864.5,68,76,2336
840,1,1266.0,993.4,100,124,3056
840,2,1109.3,1002.0,76,80,2688
840,3,1094.9,1132.0,100,128,3520
840,4,914.7,1152.4,80,88,3104
841,0,1279.9,871.9,72,76,2320
841,1,1258.5,1000.6,96,128,3056
841,2,1100.7,1010.1,72,80,2640
841,3,1086.7,1139.8,96,128,3376
841,4,904.9,1160.5,80,84,3136
841,5,894.4,1281.7,96,128,2544
842,0,1271.9,878.1,72,80,2352
842,1,1250.6,1006.9,100,124,3008
842,2,1091.4,1017.7,76,80,2656
842,3,1078.2,1146.8,96,124,3376
842,4,890.2,1232.5,104,220,6176
843,0,1263.5,885.1,72,80,2352
843,1,1242.2,1014.8,100,124,3024
843,2,1082.7,1025.3,76,80,2688
843,3,1070.0,1154.6,96,124,3408
843,4,885.1,1177.5,80,88,3088
843,5,877.2,1307.4,96,128,3408
844,0,1255.8,892.8,72,80,2352
844,1,1234.7,1022.7,100,124,2992
844,2,1073.1,1032.7,76,84,2752
844,3,1061.7,1162.3,96,124,3392
844,4,874.6,1189.2,80,84,3104
844,5,870.0,1319.7,96,128,3712
845,0,1247.6,900.2,72,76,2320
845,1,1226.4,1029.4,100,124,3184
845,2,1064.7,1040.7,76,84,2768
845,3,1053.1,1169.6,96,124,3472
845,4,864.7,1205.3,80,84,3088
845,5,861.9,1336.7,108,128,4048
846,0,1239.7,906.3,72,80,2400
846,1,1218.9,1036.3,100,128,3104
846,2,1055.5,1048.3,76,84,2816
846,3,1044.0,1178.1,100,128,3472
846,4,854.4,1214.5,76,88,3168
846,5,853.3,1343.7,104,128,4288
847,0,1231.4,913.6,72,80,2368
847,1,1211.8,1043.0,100,124,3104
847,2,1046.3,1056.4,76,84,2864
847,3,1035.6,1186.4,100,124,3392
847,4,843.5,1234.9,80,88,3184
847,5,842.5,1362.9,108,128,4256
848,0,1222.7,921.0,76,76,2384
848,1,1203.5,1050.6,100,124,3104
848,2,1037.5,1064.7,76,84,2832
848,3,1027.1,1193.6,96,124,3504
848,4,832.4,1258.3,80,84,3136
848,5,832.1,1385.1,104,124,4192
849,0,1213.8,928.8,76,80,2512
849,1,1195.2,1058.6,96,124,3136
849,2,1028.0,1072.4,80,84,2832
849,3,1020.1,1201.1,88,124,3344
849,4,820.4,1355.9,104,212,7216
850,0,1206.1,936.6,76,80,2496
850,1,1187.6,1065.2,96,124,3248
850,2,1018.6,1080.2,76,84,2928
850,3,1013.8,1207.4,84,128,3168
850,4,809.2,1386.5,104,208,7184
851,0,1197.4,942.5,76,80,2512
851,1,1179.4,1072.8,100,128,3328
851,2,1009.8,1088.6,76,84,2912
851,3,1003.5,1216.5,100,128,3344
851,4,797.6,1350.6,80,84,3152
851,5,798.1,1470.3,108,120,4000
852,0,1189.1,949.9,76,80,2496
852,1,1171.7,1079.6,100,124,3168
852,2,1000.6,1096.3,80,84,2880
852,3,991.9,1225.8,104,124,3568
852,4,787.1,1359.6,80,80,3040
852,5,789.4,1479.1,104,120,3952
853,0,1181.3,957.6,76,80,2480
853,1,1164.4,1087.5,100,124,3168
853,2,991.3,1104.6,76,84,2880
853,3,983.0,1234.1,104,124,3664
853,4,777.5,1455.7,108,196,6448
854,0,1174.3,965.2,76,80,2416
854,1,1156.8,1094.8,96,124,3152
854,2,982.9,1113.6,76,88,2944
854,3,975.2,1242.8,100,128,3648
854,4,768.6,1458.9,76,152,4080
855,0,1295.6,987.8,76,112,2320
855,1,1167.7,973.9,76,80,2544
855,2,1151.1,1103.1,100,124,3168
855,3,975.4,1122.2,80,88,2912
855,4,971.1,1250.6,92,128,3472
855,5,755.7,1483.3,72,104,2848
856,0,1293.8,992.7,84,116,2640
856,1,1161.9,981.8,76,80,2576
856,2,1145.6,1110.5,96,124,3216
856,3,968.9,1131.9,80,84,2928
856,4,967.8,1256.5,80,128,3264
856,5,744.0,1521.8,76,60,1952
857,0,1291.1,998.8,88,116,2784
857,1,1156.5,990.4,72,80,2560
857,2,1140.2,1121.4,100,128,3328
857,3,963.4,1141.6,80,88,3008
857,4,964.8,1263.9,72,124,3024
858,0,1288.3,1005.2,92,120,2848
858,1,1153.7,999.7,76,84,2672
858,2,1136.8,1130.7,104,128,3328
858,3,958.5,1151.3,76,88,3008
858,4,958.1,1268.4,64,128,2288
859,0,1287.2,1014.8,92,124,3072
859,1,1152.1,1009.3,76,80,2544
859,2,1135.5,1138.2,100,124,3360
859,3,956.9,1176.5,80,168,3840
860,0,1287.2,1023.1,92,124,3088
860,1,1151.9,1018.2,76,80,2624
860,2,1135.5,1147.5,104,124,3248
860,3,955.2,1172.0,80,88,3088
861,0,1288.8,1033.0,88,120,3008
861,1,1153.9,1027.3,76,84,2672
861,2,1136.6,1157.8,104,128,3344
861,3,956.6,1181.3,80,84,3136
862,0,1292.4,1041.8,84,116,2896
862,1,1156.4,1035.3,80,80,2608
862,2,1139.6,1166.6,100,124,3392
862,3,958.4,1189.5,80,80,2896
863,0,1294.7,1052.4,80,116,2656
863,1,1161.2,1044.2,76,84,2736
863,2,1143.8,1175.3,100,124,3344
863,3,961.0,1194.5,80,64,2464
864,0,1295.3,1066.2,72,116,2112
864,1,1166.7,1053.6,76,84,2752
864,2,1149.6,1182.8,104,124,3344
865,0,1173.7,1062.1,76,88,2816
865,1,1155.2,1192.2,100,128,3536
866,0,1181.7,1070.6,76,88,2800
866,1,1162.4,1201.4,104,124,3520
867,0,1190.0,1078.2,76,88,2784
867,1,1170.5,1209.6,108,128,3520
867,2,981.9,1387.2,96,88,2144
868,0,1199.8,1085.9,80,88,2864
868,1,1181.4,1216.9,108,128,3312
868,2,993.5,1381.4,100,128,3152
869,0,1209.6,1093.6,76,88,2832
869,1,1192.9,1222.8,100,128,3344
869,2,1019.7,1258.9,64,80,2256
869,3,1003.1,1388.5,104,124,3296
870,0,1221.0,1101.2,76,88,2816
870,1,1202.2,1230.8,104,128,3328
870,2,1024.4,1263.4,76,88,2976
870,3,1012.6,1397.2,104,124,3248
871,0,1232.1,1108.5,80,84,2864
871,1,1211.9,1239.2,104,124,3328
871,2,1035.1,1271.7,84,88,3136
871,3,1023.8,1405.9,104,128,3312
872,0,1243.8,1116.4,80,84,2848
872,1,1220.9,1247.9,108,124,3424
872,2,1047.1,1279.7,80,88,3136
872,3,1035.0,1414.8,104,128,3296
873,0,1256.2,1123.7,80,84,2832
873,1,1233.0,1255.5,108,128,3440
873,2,1059.5,1288.0,80,88,3152
873,3,1046.6,1422.8,104,128,3392
874,0,1268.0,1130.2,80,88,2800
874,1,1244.2,1263.4,108,128,3456
874,2,1071.6,1295.6,80,88,3184
874,3,1058.2,1430.7,108,128,3376
875,0,1280.3,1136.9,80,88,2880
875,1,1255.7,1270.6,112,128,3376
875,2,1084.1,1304.5,80,88,3216
875,3,1070.1,1437.5,108,128,3424
876,0,1292.5,1144.6,64,88,2800
876,1,1268.3,1276.9,112,128,3408
876,2,1097.0,1312.4,80,88,3264
876,3,1082.5,1446.6,108,128,3456
877,0,1300.2,1150.3,52,84,2128
877,1,1281.0,1283.5,104,124,3360
877,2,1110.3,1321.0,80,92,3232
877,3,1094.7,1455.5,108,128,3472
878,0,1290.2,1296.1,92,116,3152
878,1,1124.4,1329.2,80,92,3328
878,2,1107.4,1463.1,112,128,3360
879,0,1292.2,1313.7,80,108,2160
879,1,1137.3,1336.9,80,92,3296
879,2,1118.7,1467.3,104,128,2816
880,0,1151.6,1345.8,80,92,3264
880,1,1133.7,1477.2,104,128,2704
881,0,1161.7,1352.1,80,92,2768
881,1,1144.7,1493.2,104,120,2944
882,0,1177.2,1360.4,80,88,2640
882,1,1158.5,1496.6,108,128,3600
883,0,1193.0,1371.1,80,92,2832
883,1,1168.7,1502.6,116,124,3904
884,0,1194.1,1453.2,136,220,7024
885,0,1219.4,1388.5,76,92,3440
885,1,1195.3,1519.9,112,124,3824
886,0,1218.8,1465.3,128,224,7408
887,0,1243.5,1407.3,84,92,3600
887,1,1218.7,1540.2,116,124,3776
888,0,1252.8,1417.3,84,92,3712
888,1,1227.0,1551.5,120,128,3824
889,0,1245.8,1495.4,132,220,7456
890,0,1261.8,1436.9,84,92,3472
890,1,1233.8,1568.5,116,124,3776
891,0,1245.9,1514.5,132,224,7392
892,0,1241.5,1520.3,132,220,7120
893,0,1235.2,1526.0,132,224,7376
894,0,1242.0,1460.2,84,96,3376
894,1,1215.2,1590.6,112,124,3872
895,0,1217.6,1535.5,132,224,7376
896,0,1220.7,1467.0,84,88,3344
896,1,1195.6,1597.6,112,128,3856
897,0,1195.2,1538.3,132,220,7440
898,0,1197.5,1474.3,84,92,3296
898,1,1172.0,1603.4,116,124,4048
899,0,1169.5,1548.1,132,216,6960
900,0,1167.7,1477.0,84,96,3072
900,1,1145.7,1607.3,112,124,3872
901,0,1139.7,1551.1,128,220,7168
902,0,1124.6,1552.1,128,224,7360
903,0,1300.8,1431.6,64,116,2032
903,1,1119.8,1474.7,84,96,3280
903,2,1102.1,1609.3,112,124,4320
904,0,1301.5,1290.0,48,88,1984
904,1,1105.3,1476.1,84,84,3424
904,2,1087.6,1610.7,112,124,4192
905,0,1293.5,1292.5,64,88,2944
905,1,1089.6,1478.1,84,96,3616
905,2,1072.2,1610.7,112,124,4144
906,0,1280.5,1292.5,80,92,3328
906,1,1073.8,1477.7,84,96,3680
906,2,1056.4,1609.7,112,124,4240
907,0,1264.9,1289.0,80,84,3120
907,1,1048.2,1548.4,128,224,8096
908,0,1248.8,1287.4,84,84,3040
908,1,1040.4,1475.9,84,92,3648
908,2,1026.3,1607.1,112,124,4240
909,0,1237.4,1285.6,80,76,2384
909,1,1023.5,1474.3,84,96,3776
909,2,1010.4,1605.6,112,124,4192
910,0,1220.2,1283.5,80,76,2224
910,1,1007.8,1472.1,80,92,3584
910,2,995.0,1603.3,112,128,4272
911,0,1201.1,1284.1,80,80,2208
911,1,990.7,1470.0,84,88,3600
911,2,979.7,1601.5,112,124,4320
912,0,1184.5,1285.2,76,92,2752
912,1,976.3,1466.3,80,92,3232
912,2,963.8,1598.3,112,124,4304
913,0,1171.4,1281.0,80,88,3056
913,1,953.7,1540.2,112,224,7472
914,0,1292.7,1273.7,84,116,2416
914,1,1155.4,1278.3,80,92,3152
914,2,1129.7,1417.4,104,124,2224
914,3,938.2,1534.6,100,224,7024
915,0,1286.3,1260.8,96,120,3296
915,1,1139.1,1275.6,80,92,3200
915,2,1124.1,1409.9,100,128,2976
915,3,922.6,1524.4,92,220,6448
916,0,1295.3,1124.5,60,88,2576
916,1,1272.5,1257.0,108,128,3440
916,2,1123.3,1273.4,80,88,3072
916,3,1111.6,1403.4,100,128,2864
916,4,906.5,1505.8,84,224,5888
917,0,1282.3,1123.1,76,84,2832
917,1,1260.5,1253.9,108,124,3232
917,2,1101.5,1333.6,112,220,6144
917,3,890.9,1482.8,88,188,5488
918,0,1266.6,1119.8,76,84,2848
918,1,1248.5,1249.0,104,124,2992
918,2,1084.6,1333.8,116,220,6160
918,3,874.3,1479.4,88,180,5376
919,0,1251.4,1118.2,80,84,2816
919,1,1233.2,1247.3,104,128,2992
919,2,1075.6,1265.7,80,88,3136
919,3,1062.5,1397.6,100,128,3296
919,4,857.4,1480.9,84,180,5568
920,0,1235.9,1116.0,80,84,2880
920,1,1217.6,1244.2,100,124,2960
920,2,1054.0,1328.8,108,220,6256
920,3,841.2,1489.4,88,180,5792
