frame,t,diameter_px,centre_x,centre_y,run_px,run_x0,run_x1,vext_px,bbox_x0,bbox_y0,bbox_x1,bbox_y1,rim_cx,rim_cy,rim_w,rim_h,flag
381,6.3876,288,689.5,1398,288,546,833,183,546,1307,833,1489,691.8,1371.3,257.8,331.8,
382,6.4044,289,689.0,1400,289,545,833,183,545,1307,833,1490,691.9,1371.9,259.8,334.3,
383,6.4212,292,689.5,1398,292,544,835,185,544,1307,835,1491,691.8,1372.2,261.3,336.0,
384,6.4381,293,689.0,1401,293,543,835,185,543,1306,835,1491,691.7,1372.3,262.2,337.1,
385,6.4549,294,688.5,1400,294,542,835,186,542,1306,835,1491,690.7,1372.1,262.5,337.8,
386,6.4717,294,686.5,1400,294,540,833,186,540,1306,833,1491,688.9,1371.6,262.3,337.4,
387,6.4885,294,682.5,1398,294,536,829,184,536,1304,829,1489,685.1,1370.9,262.0,337.5,
388,6.5053,292,677.5,1395,292,532,823,186,532,1304,824,1489,680.4,1370.3,261.9,337.2,
389,6.5221,293,674.0,1401,293,528,820,186,528,1304,820,1489,676.1,1369.8,261.8,337.0,
390,6.5389,292,669.5,1396,292,524,815,186,524,1304,815,1489,671.6,1369.7,261.7,337.0,
391,6.5557,292,665.5,1397,292,520,811,186,520,1304,811,1489,666.6,1368.9,263.2,337.6,
392,6.5725,291,661.0,1400,291,516,806,186,515,1304,806,1489,662.2,1368.7,263.3,337.9,
393,6.5893,293,656.0,1399,291,512,802,185,510,1304,802,1489,657.4,1368.7,263.8,337.6,
394,6.6062,293,652.0,1399,293,506,798,185,506,1304,798,1489,652.9,1368.7,264.4,337.8,
395,6.623,293,649.0,1398,293,503,795,186,502,1304,795,1489,649.5,1369.0,264.8,337.2,
396,6.6398,292,645.5,1398,292,500,791,187,500,1304,791,1490,646.0,1369.5,264.5,337.7,
397,6.6566,292,642.5,1401,292,497,788,186,496,1304,788,1490,643.2,1369.8,264.9,337.7,
398,6.6734,292,639.5,1398,292,494,785,188,494,1304,785,1491,639.3,1368.0,278.4,358.7,
399,6.6902,292,637.5,1399,292,492,783,186,492,1304,783,1491,637.0,1368.4,278.4,358.7,
400,6.707,292,635.5,1400,292,490,781,186,490,1306,781,1491,635.1,1368.7,278.5,358.6,
401,6.7238,294,634.5,1400,294,488,781,186,488,1306,781,1491,633.6,1369.0,278.5,358.7,
402,6.7406,293,633.0,1404,293,487,779,186,487,1306,779,1491,632.3,1369.2,278.5,358.8,
403,6.7574,293,632.0,1403,293,486,778,186,486,1306,778,1491,631.3,1369.3,278.6,358.9,
404,6.7742,292,631.5,1398,292,486,777,185,485,1306,777,1491,630.4,1369.5,278.6,358.8,
405,6.7911,294,630.5,1402,294,484,777,184,484,1306,777,1491,629.7,1369.6,278.6,358.7,
406,6.8079,293,630.0,1403,293,484,776,186,483,1306,776,1493,629.1,1369.7,278.6,358.8,
407,6.8247,293,629.0,1404,293,483,775,186,483,1306,775,1493,628.6,1369.8,278.6,359.0,
408,6.8415,292,629.5,1399,292,484,775,186,483,1306,775,1493,628.2,1369.9,278.6,358.9,
409,6.8583,293,629.0,1404,293,483,775,186,482,1306,775,1493,628.0,1369.9,278.6,358.9,
410,6.8751,293,629.0,1402,293,483,775,186,482,1306,775,1493,627.7,1369.9,278.7,358.8,
411,6.8919,293,628.0,1404,293,482,774,186,482,1306,775,1493,627.5,1370.0,278.7,359.0,
412,6.9087,294,628.5,1402,294,482,775,186,482,1306,775,1493,627.3,1370.0,278.7,359.0,
413,6.9255,294,628.5,1402,294,482,775,186,482,1306,775,1493,627.2,1370.0,278.7,358.9,
414,6.9423,293,628.0,1402,293,482,774,186,482,1306,775,1493,627.1,1370.0,278.7,358.9,
415,6.9592,293,628.0,1402,293,482,774,186,482,1306,775,1493,627.1,1370.0,278.7,358.8,
416,6.976,293,628.0,1402,293,482,774,186,482,1306,775,1493,627.1,1370.0,278.7,358.9,
417,6.9928,293,628.0,1402,293,482,774,186,482,1306,775,1493,627.1,1369.9,278.7,359.0,
418,7.0096,293,628.0,1404,293,482,774,186,482,1306,775,1493,627.6,1369.7,278.7,358.7,
419,7.0264,293,629.0,1405,293,483,775,184,483,1306,775,1492,628.5,1369.4,278.6,358.8,
420,7.0432,293,630.0,1402,293,484,776,184,484,1306,776,1491,629.7,1369.0,278.5,358.7,
421,7.06,293,632.0,1400,293,486,778,186,486,1305,778,1491,631.0,1368.6,278.4,358.7,
422,7.0768,292,634.5,1398,292,489,780,187,488,1305,780,1491,632.6,1368.1,278.3,358.8,
423,7.0936,292,635.5,1398,292,490,781,185,490,1305,781,1490,634.4,1367.6,278.3,358.6,
424,7.1104,292,637.5,1398,292,492,783,185,492,1305,783,1489,636.2,1367.1,278.2,358.6,
425,7.1272,292,639.5,1395,292,494,785,186,494,1304,785,1489,637.9,1366.7,278.1,358.5,
426,7.1441,291,641.0,1401,291,496,786,186,496,1304,786,1489,639.5,1366.4,278.1,358.4,
427,7.1609,292,641.5,1397,292,496,787,186,496,1304,787,1489,641.0,1366.0,278.0,358.3,
428,7.1777,292,643.5,1394,292,498,789,185,497,1303,789,1487,642.3,1365.7,278.0,358.2,
429,7.1945,293,644.0,1400,291,500,790,184,498,1303,790,1487,643.5,1365.5,278.0,358.2,
430,7.2113,292,645.5,1395,292,500,791,184,500,1303,791,1487,644.4,1365.3,277.9,358.3,
431,7.2281,292,645.5,1398,292,500,791,184,500,1303,791,1487,645.2,1365.1,277.9,358.2,
432,7.2449,294,646.5,1398,294,500,793,185,500,1303,793,1487,645.8,1365.0,277.9,358.2,
433,7.2617,293,646.0,1400,293,500,792,186,500,1302,793,1487,646.3,1364.8,277.9,358.3,
434,7.2785,292,647.5,1394,292,502,793,186,502,1302,793,1487,646.8,1364.7,277.8,358.3,
435,7.2953,292,647.5,1397,292,502,793,186,502,1302,793,1487,647.3,1364.7,277.9,358.1,
436,7.3122,292,647.5,1400,292,502,793,186,502,1302,794,1487,647.8,1364.6,277.8,358.3,
437,7.329,292,647.5,1399,290,504,793,186,502,1302,793,1487,648.2,1364.5,277.7,358.1,
438,7.3458,292,649.5,1399,292,504,795,186,502,1302,795,1487,648.4,1364.5,277.8,358.2,
439,7.3626,293,649.0,1400,293,503,795,186,503,1302,795,1487,648.8,1364.4,277.8,358.0,
440,7.3794,292,649.5,1392,292,504,795,186,504,1302,795,1487,649.2,1364.4,277.7,358.1,
441,7.3962,293,650.0,1396,293,504,796,186,504,1302,796,1487,649.6,1364.3,277.7,358.1,
442,7.413,293,650.0,1397,293,504,796,186,504,1302,796,1487,650.0,1364.3,277.8,358.0,
443,7.4298,292,651.5,1398,292,506,797,186,504,1302,797,1487,650.5,1364.2,277.7,357.9,
444,7.4466,292,651.5,1396,292,506,797,186,505,1302,797,1487,650.9,1364.2,277.7,358.1,
445,7.4634,292,651.5,1394,292,506,797,186,506,1302,797,1487,651.2,1364.2,277.7,358.1,
446,7.4802,292,651.5,1395,292,506,797,186,506,1302,797,1487,651.7,1364.1,277.7,358.2,
447,7.4971,292,651.5,1398,292,506,797,186,506,1302,797,1487,652.1,1364.1,277.8,357.9,
448,7.5139,292,653.5,1398,290,508,797,186,507,1302,799,1487,652.5,1364.0,277.8,358.0,
449,7.5307,293,653.0,1398,293,507,799,186,507,1302,799,1487,652.8,1364.0,277.5,358.2,
450,7.5475,292,653.5,1395,292,508,799,186,508,1302,799,1487,653.2,1363.9,277.6,358.1,
451,7.5643,292,653.5,1396,292,508,799,186,508,1302,800,1487,653.7,1363.9,277.6,358.1,
452,7.5811,292,653.5,1397,292,508,799,186,508,1302,799,1487,654.1,1363.9,277.6,358.1,
453,7.5979,292,655.5,1395,292,510,801,186,510,1302,801,1487,654.9,1363.8,277.6,358.1,
454,7.6147,292,655.5,1398,292,510,801,186,510,1302,801,1487,655.8,1363.8,277.6,358.1,
455,7.6315,292,657.5,1396,292,512,803,184,512,1302,803,1486,656.6,1363.8,277.6,358.0,
456,7.6483,292,657.5,1393,292,512,803,184,512,1302,803,1486,657.4,1363.8,277.5,358.0,
457,7.6652,294,658.5,1398,294,512,805,184,512,1302,805,1486,658.2,1363.7,277.5,358.1,
458,7.682,292,659.5,1392,292,514,805,184,514,1302,805,1486,659.0,1363.8,277.5,358.2,
459,7.6988,294,660.5,1396,294,514,807,184,514,1302,807,1486,659.9,1363.7,277.5,358.2,
460,7.7156,294,660.5,1399,294,514,807,184,514,1302,807,1486,660.6,1363.8,277.5,358.2,
461,7.7324,293,661.0,1400,293,515,807,184,515,1302,807,1486,661.4,1363.8,277.5,358.3,
462,7.7492,292,661.5,1398,292,516,807,184,516,1302,807,1486,662.0,1363.8,277.5,358.1,
463,7.766,294,662.5,1399,294,516,809,184,516,1302,809,1486,662.6,1363.8,277.5,358.2,
464,7.7828,292,663.5,1398,292,518,809,185,518,1302,809,1486,663.1,1363.8,277.5,358.2,
465,7.7996,292,663.5,1394,292,518,809,185,518,1302,809,1486,663.7,1363.8,277.6,358.2,
466,7.8164,292,663.5,1394,292,518,809,185,518,1302,809,1486,663.7,1363.8,277.6,358.2,
467,7.8332,292,663.5,1394,292,518,809,185,518,1302,809,1486,663.7,1363.8,277.6,358.2,
468,7.8501,292,663.5,1394,292,518,809,185,518,1302,809,1486,663.7,1363.8,277.6,358.2,
469,7.8669,294,664.5,1401,294,518,811,186,518,1308,811,1493,666.0,1373.7,261.2,340.0,
470,7.8837,294,664.5,1402,294,518,811,186,518,1306,811,1491,666.6,1372.4,261.6,339.2,
471,7.9005,292,665.5,1398,292,520,811,186,520,1306,811,1491,666.9,1371.4,261.7,339.2,
472,7.9173,293,666.0,1400,293,520,812,176,520,1306,812,1489,667.4,1370.3,262.0,339.6,
473,7.9341,293,667.0,1400,293,521,813,166,521,1306,813,1489,667.9,1369.2,263.0,339.3,
474,7.9509,293,668.0,1402,293,522,814,155,522,1306,814,1489,668.5,1368.5,263.7,339.4,
475,7.9677,294,668.5,1401,294,522,815,145,522,1306,815,1489,665.5,1362.2,278.4,342.2,
476,7.9845,292,669.5,1396,292,524,815,137,524,1306,815,1489,667.4,1365.0,271.6,343.2,
477,8.0013,293,670.0,1401,293,524,816,127,524,1308,816,1489,669.8,1367.4,266.2,342.5,
478,8.0182,293,671.0,1400,293,525,817,115,525,1306,817,1488,672.3,1369.8,260.9,342.4,
479,8.035,293,671.0,1399,193,625,817,108,525,1304,818,1488,674.8,1371.7,256.6,342.5,interior_occluded
480,8.0518,294,672.5,1400,165,655,819,104,526,1304,819,1488,677.0,1372.4,255.6,340.8,interior_occluded
481,8.0686,284,673.5,1412,159,657,815,184,532,1302,819,1488,679.8,1373.9,252.4,340.2,interior_occluded
482,8.0854,258,674.5,1432,169,635,803,184,546,1304,820,1487,674.0,1367.7,261.8,342.3,interior_occluded;edge_occluded
483,8.1022,197,678.0,1459,197,580,776,184,578,1304,821,1487,681.1,1372.6,257.2,335.8,edge_occluded
484,8.119,170,676.5,1469,170,592,761,184,592,1304,821,1487,675.9,1368.1,261.6,341.3,edge_occluded
485,8.1358,152,739.5,1376,152,664,815,162,610,1304,822,1487,676.7,1368.3,261.3,341.3,edge_occluded
486,8.1526,161,736.0,1377,161,656,816,167,632,1304,823,1487,677.3,1368.5,261.3,341.5,edge_occluded
487,8.1694,172,737.5,1394,172,652,823,166,642,1304,823,1487,679.4,1368.8,261.3,338.7,edge_occluded
488,8.1862,173,736.0,1409,173,650,822,167,646,1304,824,1488,680.3,1369.2,260.7,338.5,edge_occluded
489,8.2031,168,741.5,1394,168,658,825,163,652,1304,825,1488,683.8,1370.1,259.7,333.2,edge_occluded
490,8.2199,163,744.0,1392,163,663,825,162,656,1303,826,1489,684.8,1370.6,259.2,333.5,edge_occluded
491,8.2367,161,746.0,1394,161,666,826,162,653,1308,827,1489,689.3,1371.9,256.5,326.9,edge_occluded
492,8.2535,168,743.5,1400,168,660,827,165,648,1307,828,1489,693.6,1372.5,255.9,320.5,edge_occluded
493,8.2703,167,746.0,1409,167,663,829,165,647,1311,830,1489,697.6,1374.1,253.6,316.9,edge_occluded
494,8.2871,163,748.0,1414,163,667,829,166,647,1315,832,1491,700.2,1375.5,251.5,315.8,edge_occluded
495,8.3039,159,748.0,1421,159,669,827,157,647,1318,834,1491,704.3,1377.6,248.1,312.2,edge_occluded
496,8.3207,280,689.5,1382,112,718,829,79,550,1312,835,1491,708.6,1379.8,243.9,307.4,interior_occluded;multi_component
497,8.3375,282,690.5,1384,98,734,831,63,550,1308,837,1491,649.2,1329.1,169.2,268.3,interior_occluded;multi_component
498,8.3543,289,691.0,1393,108,728,835,63,547,1308,838,1493,646.4,1332.2,171.9,262.7,interior_occluded;multi_component
499,8.3712,285,692.0,1389,85,750,834,184,550,1308,839,1493,667.8,1345.8,204.3,294.3,interior_occluded;multi_component
500,8.388,267,694.0,1371,40,788,827,186,561,1308,840,1493,705.9,1401.5,317.5,370.9,interior_occluded;multi_component
501,8.4048,262,694.5,1368,55,564,618,186,564,1308,841,1493,701.8,1390.4,295.7,356.8,interior_occluded;multi_component
502,8.4216,153,686.0,1328,153,610,762,53,568,1308,770,1371,698.1,1379.6,274.4,343.8,edge_occluded
503,8.4384,286,696.5,1392,5,835,839,64,554,1310,843,1493,702.6,1390.2,294.4,352.5,interior_occluded;multi_component
504,8.4552,290,696.5,1399,41,580,620,70,552,1310,843,1495,695.2,1373.9,261.9,335.3,interior_occluded;multi_component
505,8.472,292,697.5,1408,77,552,628,79,552,1310,843,1495,695.1,1372.3,258.6,333.3,interior_occluded;multi_component
506,8.4888,282,698.5,1420,112,558,669,93,552,1310,839,1491,695.4,1370.8,255.2,332.4,interior_occluded;multi_component
507,8.5056,228,697.5,1350,228,584,811,111,552,1310,811,1465,696.2,1371.7,256.3,333.6,edge_occluded
508,8.5224,250,697.5,1362,250,573,822,134,552,1310,823,1476,697.6,1374.1,260.0,335.2,edge_occluded
509,8.5393,267,698.0,1374,267,565,831,156,553,1310,831,1492,701.9,1386.7,296.1,333.2,
510,8.5561,270,698.5,1376,270,564,833,159,554,1312,833,1493,699.8,1374.5,261.9,338.6,
511,8.5729,276,699.5,1382,276,562,837,164,554,1312,837,1495,700.2,1375.6,262.9,337.7,
512,8.5897,280,699.5,1388,280,560,839,168,555,1312,839,1496,696.3,1374.2,260.9,328.9,
513,8.6065,282,700.5,1389,282,560,841,170,555,1312,841,1496,691.3,1374.3,260.0,316.8,
514,8.6233,283,701.0,1390,283,560,842,172,555,1312,842,1497,690.5,1373.9,260.0,314.1,
515,8.6401,284,701.5,1392,284,560,843,175,556,1312,843,1498,694.4,1374.9,261.4,321.5,
516,8.6569,286,702.5,1395,286,560,845,178,558,1312,845,1499,693.9,1375.1,261.0,318.6,
517,8.6737,287,704.0,1396,217,561,777,178,558,1312,847,1500,691.5,1375.6,260.1,312.2,interior_occluded
518,8.6905,279,699.0,1408,208,560,767,185,560,1314,838,1501,691.1,1376.5,259.5,309.2,interior_occluded
519,8.7073,241,688.0,1430,195,568,762,186,560,1314,808,1501,689.4,1377.3,259.0,304.2,interior_occluded;edge_occluded
520,8.7242,193,680.0,1452,165,584,748,182,560,1314,776,1502,694.0,1378.1,260.3,312.4,interior_occluded;edge_occluded
521,8.741,140,649.5,1369,140,580,719,170,562,1316,737,1503,673.3,1380.4,253.1,267.2,edge_occluded
522,8.7578,136,641.5,1379,136,574,709,164,562,1316,727,1503,686.1,1381.6,255.8,292.6,edge_occluded
523,8.7746,137,631.0,1407,137,563,699,154,563,1316,699,1503,696.5,1381.4,259.5,311.3,edge_occluded
524,8.7914,124,625.5,1407,124,564,687,146,564,1320,687,1497,705.3,1380.9,262.1,327.5,edge_occluded
525,8.8082,110,618.5,1414,110,564,673,138,564,1320,689,1499,706.1,1381.7,262.2,327.4,edge_occluded
526,8.825,288,710.5,1404,91,567,657,44,564,1318,854,1499,741.1,1393.8,264.6,425.3,interior_occluded
527,8.8418,293,711.0,1412,232,565,796,98,565,1318,857,1494,741.6,1394.1,264.0,428.8,interior_occluded
528,8.8586,293,712.0,1415,227,566,792,112,566,1318,858,1492,739.5,1392.8,262.5,423.5,interior_occluded
529,8.8754,294,712.5,1412,294,566,859,177,566,1318,859,1502,731.0,1388.9,259.7,398.3,
530,8.8923,293,712.0,1414,293,566,858,184,566,1320,860,1508,726.1,1387.7,260.2,380.0,
531,8.9091,294,712.5,1414,294,566,859,184,566,1320,860,1508,723.0,1386.5,259.5,370.5,
532,8.9259,294,712.5,1412,294,566,859,152,566,1320,861,1508,718.4,1385.4,260.7,352.6,
533,8.9427,294,714.5,1418,294,568,861,147,567,1320,861,1505,717.0,1385.8,261.5,346.3,
534,8.9595,294,714.5,1416,294,568,861,146,567,1320,861,1503,716.8,1385.7,262.9,343.2,
535,8.9763,294,714.5,1416,294,568,861,146,567,1320,861,1503,716.5,1385.8,262.7,342.8,
536,8.9931,294,714.5,1416,294,568,861,155,568,1320,861,1501,717.1,1386.0,263.8,342.4,
537,9.0099,294,714.5,1416,294,568,861,168,568,1320,861,1500,717.3,1387.3,267.0,340.9,
538,9.0267,294,714.5,1416,294,568,861,179,568,1320,861,1503,717.8,1390.7,276.6,337.5,
539,9.0435,294,714.5,1416,294,568,861,186,568,1320,861,1509,717.9,1393.1,282.8,335.5,
540,9.0603,294,714.5,1416,294,568,861,187,568,1320,861,1509,718.1,1395.1,288.2,333.9,
541,9.0772,294,714.5,1416,294,568,861,188,568,1320,861,1509,716.0,1397.0,307.3,352.8,
542,9.094,294,714.5,1416,294,568,861,186,568,1320,861,1509,715.2,1399.2,310.3,351.6,
543,9.1108,294,714.5,1416,294,568,861,186,568,1320,861,1509,716.4,1402.2,307.4,329.3,
544,9.1276,294,714.5,1416,294,568,861,186,568,1320,861,1509,716.5,1387.9,265.0,340.2,
545,9.1444,294,714.5,1416,294,568,861,186,568,1322,861,1509,716.6,1387.4,266.1,340.3,
546,9.1612,294,714.5,1416,294,568,861,186,568,1322,861,1509,716.9,1387.0,267.0,340.3,
547,9.178,294,714.5,1416,294,568,861,168,568,1321,861,1509,716.9,1386.9,267.3,340.5,
548,9.1948,294,714.5,1416,294,568,861,148,568,1322,861,1509,716.6,1386.8,267.4,340.8,
549,9.2116,294,714.5,1416,294,568,861,122,568,1322,861,1509,716.6,1386.8,267.3,340.9,
550,9.2284,294,714.5,1416,148,568,715,92,568,1321,861,1509,716.2,1386.5,267.7,341.3,interior_occluded
551,9.2453,294,714.5,1416,103,568,670,59,568,1322,861,1509,716.0,1386.5,267.9,341.6,interior_occluded
552,9.2621,294,714.5,1416,88,568,655,54,568,1323,861,1509,715.9,1386.6,267.5,341.9,interior_occluded
553,9.2789,294,714.5,1416,76,568,643,24,568,1325,861,1509,716.1,1388.1,263.4,343.6,interior_occluded
554,9.2957,103,810.0,1416,103,759,861,135,756,1327,861,1505,720.4,1388.3,263.2,332.5,edge_occluded
555,9.3125,116,803.5,1418,116,746,861,144,744,1324,861,1502,719.2,1386.6,267.3,332.4,edge_occluded
556,9.3293,126,798.5,1418,126,736,861,148,714,1319,861,1505,717.8,1384.1,283.2,350.7,edge_occluded
557,9.3461,294,712.5,1415,134,726,859,60,566,1320,861,1507,714.0,1383.8,280.9,360.5,interior_occluded
558,9.3629,293,713.0,1413,144,716,859,188,567,1320,860,1507,713.7,1383.4,280.8,360.6,interior_occluded
559,9.3797,294,712.5,1412,294,566,859,188,566,1320,859,1507,713.5,1383.2,280.8,360.5,
560,9.3965,294,712.5,1410,294,566,859,188,566,1320,859,1507,713.2,1383.0,280.8,360.5,
561,9.4133,294,712.5,1416,294,566,859,188,566,1320,859,1507,713.0,1382.8,280.7,360.5,
562,9.4302,294,712.5,1414,294,566,859,188,566,1320,859,1507,712.8,1382.7,280.8,360.4,
563,9.447,294,712.5,1416,294,566,859,188,566,1319,859,1507,714.4,1385.5,263.7,341.3,
564,9.4638,294,712.5,1416,294,566,859,186,566,1319,859,1507,712.5,1383.4,278.2,361.5,
565,9.4806,294,712.5,1416,294,566,859,186,566,1319,859,1506,712.5,1382.8,279.6,360.9,
566,9.4974,294,712.5,1416,294,566,859,187,566,1319,859,1506,712.3,1382.4,280.3,360.4,
567,9.5142,294,712.5,1415,294,566,859,187,566,1319,859,1506,712.3,1382.3,280.5,360.4,
568,9.531,294,712.5,1415,294,566,859,187,566,1319,859,1505,712.2,1382.1,280.7,360.2,
569,9.5478,295,711.0,1414,295,564,858,187,564,1319,859,1505,712.2,1382.1,280.7,360.2,
570,9.5646,295,711.0,1414,295,564,858,187,564,1319,859,1505,712.1,1382.0,280.7,360.2,
571,9.5814,294,710.5,1412,294,564,857,187,564,1319,859,1505,712.0,1382.0,280.6,360.3,
572,9.5983,294,710.5,1412,294,564,857,187,564,1319,859,1505,711.9,1382.1,280.1,360.4,
573,9.6151,294,710.5,1412,294,564,857,187,564,1319,859,1505,711.3,1383.1,277.5,361.0,
574,9.6319,294,710.5,1412,294,564,857,187,564,1319,859,1505,713.3,1384.0,265.4,339.7,
575,9.6487,294,710.5,1412,294,564,857,187,564,1319,859,1505,713.6,1383.5,266.6,339.8,
576,9.6655,294,710.5,1412,294,564,857,187,564,1318,859,1505,713.6,1383.4,266.8,339.7,
577,9.6823,294,710.5,1412,294,564,857,184,564,1318,859,1505,713.5,1384.1,265.7,340.2,
578,9.6991,294,710.5,1412,294,564,857,168,564,1320,859,1505,713.5,1383.8,266.3,340.2,
579,9.7159,294,710.5,1412,294,564,857,152,564,1320,859,1505,713.3,1383.6,266.7,340.3,
580,9.7327,294,710.5,1412,294,564,857,132,564,1324,859,1505,713.1,1383.4,266.9,340.4,
581,9.7495,295,711.0,1415,295,564,858,114,564,1328,859,1505,712.7,1383.3,266.8,341.2,
582,9.7663,294,710.5,1412,294,564,857,106,564,1328,859,1505,712.5,1383.4,266.4,342.0,
583,9.7832,294,710.5,1412,106,752,857,82,564,1332,859,1505,712.1,1383.3,266.3,342.1,interior_occluded
584,9.8,294,710.5,1412,86,772,857,56,564,1324,857,1505,712.2,1383.5,265.5,342.2,interior_occluded
585,9.8168,294,710.5,1412,98,760,857,23,564,1316,857,1505,712.1,1383.5,265.1,341.8,interior_occluded
586,9.8336,130,790.5,1409,130,726,855,153,720,1320,857,1505,716.2,1384.0,265.7,332.1,edge_occluded
587,9.8504,142,786.5,1410,142,716,857,157,714,1318,857,1503,715.4,1381.2,283.1,348.4,edge_occluded
588,9.8672,152,781.5,1411,152,706,857,161,704,1316,857,1504,712.8,1381.0,281.7,354.7,edge_occluded
589,9.884,294,710.5,1413,160,698,857,190,564,1316,857,1505,710.7,1380.7,280.5,360.0,interior_occluded
590,9.9008,294,710.5,1414,180,678,857,188,564,1316,857,1504,710.4,1380.5,280.5,359.9,interior_occluded
591,9.9176,294,710.5,1416,294,564,857,188,564,1316,857,1504,710.1,1380.3,280.5,360.0,
592,9.9344,296,709.5,1412,294,562,855,188,562,1316,857,1503,709.8,1380.1,280.4,359.9,
593,9.9513,294,708.5,1408,294,562,855,188,562,1316,855,1503,709.6,1379.8,280.2,360.0,
594,9.9681,294,708.5,1409,294,562,855,188,562,1316,855,1503,709.3,1379.7,280.3,359.9,
595,9.9849,294,708.5,1408,294,562,855,188,562,1316,855,1503,709.1,1379.5,280.2,359.8,
596,10.0017,294,708.5,1408,294,562,855,188,562,1316,855,1503,708.9,1379.3,280.2,359.9,
597,10.0185,294,708.5,1412,294,562,855,188,562,1316,855,1503,708.6,1379.1,280.1,359.8,
598,10.0353,294,708.5,1410,294,562,855,188,562,1315,855,1503,708.4,1378.9,280.2,359.9,
599,10.0521,294,708.5,1410,294,562,855,188,562,1315,855,1503,708.2,1378.9,280.1,359.8,
600,10.0689,294,708.5,1416,294,562,855,188,562,1315,855,1503,708.1,1379.0,279.5,360.0,
601,10.0857,294,708.5,1416,294,562,855,186,562,1315,855,1502,707.4,1379.7,277.5,360.2,
602,10.1025,294,706.5,1408,294,560,853,186,560,1315,854,1502,709.3,1381.3,263.9,339.8,
603,10.1193,294,706.5,1408,294,560,853,186,560,1315,854,1502,709.4,1380.5,265.8,339.4,
604,10.1362,294,706.5,1408,294,560,853,186,560,1314,854,1502,709.0,1381.4,263.4,340.3,
605,10.153,294,706.5,1408,294,560,853,180,560,1314,853,1502,709.0,1380.8,264.4,340.3,
606,10.1698,294,706.5,1408,294,560,853,166,560,1316,853,1501,708.7,1380.3,265.5,339.9,
607,10.1866,294,706.5,1408,294,560,853,148,560,1318,853,1501,708.5,1380.0,265.9,340.0,
608,10.2034,294,706.5,1408,294,560,853,128,560,1320,853,1501,708.4,1379.8,266.1,340.1,
609,10.2202,294,706.5,1408,294,560,853,109,560,1320,853,1501,708.2,1379.7,266.1,340.3,
610,10.237,294,706.5,1408,116,560,675,84,560,1322,853,1501,708.1,1379.8,265.7,340.7,interior_occluded
611,10.2538,294,706.5,1408,76,560,635,56,560,1320,853,1501,708.1,1380.0,265.0,341.0,interior_occluded
612,10.2706,294,706.5,1408,80,774,853,48,560,1320,853,1501,708.2,1380.7,263.3,341.6,interior_occluded
613,10.2874,294,706.5,1408,90,764,853,16,560,1320,853,1501,708.4,1380.8,263.2,341.3,interior_occluded
614,10.3043,124,791.5,1408,124,730,853,148,730,1318,853,1499,707.4,1378.0,268.2,340.6,edge_occluded
615,10.3211,133,787.0,1408,133,721,853,154,718,1316,853,1499,711.9,1380.6,266.1,331.2,edge_occluded
616,10.3379,294,706.5,1408,140,714,853,46,560,1314,853,1501,707.0,1378.0,280.1,359.8,interior_occluded
617,10.3547,294,706.5,1408,164,690,853,188,560,1314,853,1501,707.0,1378.0,280.0,359.8,interior_occluded
618,10.3715,294,706.5,1408,184,670,853,188,560,1314,853,1501,707.0,1378.0,280.0,359.8,interior_occluded
619,10.3883,294,706.5,1408,294,560,853,188,560,1314,853,1501,707.0,1378.0,280.0,359.8,
620,10.4051,294,706.5,1408,294,560,853,188,560,1314,853,1501,707.0,1378.0,280.0,359.8,
621,10.4219,294,706.5,1408,294,560,853,188,560,1314,853,1501,707.0,1378.0,280.0,359.8,
622,10.4387,294,706.5,1408,294,560,853,188,560,1314,853,1501,707.0,1378.0,280.1,359.8,
623,10.4555,294,706.5,1408,294,560,853,188,560,1314,853,1501,706.9,1377.9,280.0,359.8,
624,10.4723,294,706.5,1408,294,560,853,188,560,1314,853,1501,706.9,1377.9,280.0,359.7,
625,10.4892,294,706.5,1408,294,560,853,188,560,1314,853,1501,706.8,1377.8,280.0,359.6,
626,10.506,294,706.5,1408,294,560,853,188,560,1314,853,1501,706.7,1377.8,280.0,359.7,
627,10.5228,294,706.5,1412,294,560,853,188,560,1314,853,1501,706.6,1377.7,280.0,359.7,
628,10.5396,294,706.5,1410,294,560,853,188,560,1314,853,1501,706.5,1377.6,280.0,359.7,
629,10.5564,294,706.5,1410,294,560,853,188,560,1314,853,1501,706.5,1377.6,280.0,359.7,
630,10.5732,294,706.5,1410,294,560,853,188,560,1314,853,1501,706.4,1377.6,280.0,359.7,
631,10.59,294,706.5,1410,294,560,853,188,560,1314,853,1501,706.4,1377.6,280.0,359.7,
632,10.6068,294,706.5,1410,294,560,853,188,560,1314,853,1501,706.3,1377.5,280.0,359.7,
633,10.6236,294,706.5,1410,294,560,853,188,560,1314,853,1501,706.3,1377.5,279.9,359.6,
634,10.6404,294,706.5,1410,294,560,853,188,560,1314,853,1501,706.3,1377.6,279.9,359.7,
635,10.6573,294,706.5,1410,294,560,853,188,560,1314,853,1501,706.3,1377.6,279.8,359.6,
636,10.6741,294,706.5,1410,294,560,853,188,560,1314,853,1501,706.4,1377.6,279.6,359.6,
637,10.6909,294,706.5,1410,294,560,853,188,560,1314,853,1501,706.5,1377.7,279.5,359.4,
638,10.7077,294,706.5,1410,294,560,853,188,560,1314,853,1501,706.5,1377.7,279.5,359.3,
639,10.7245,294,706.5,1410,294,560,853,188,560,1314,853,1501,706.5,1377.7,279.6,359.2,
640,10.7413,294,706.5,1410,294,560,853,188,560,1314,853,1501,706.1,1378.0,278.9,358.8,
641,10.7581,294,706.5,1410,294,560,853,188,560,1314,853,1501,707.4,1380.6,263.5,338.8,
642,10.7749,294,706.5,1410,294,560,853,188,560,1314,853,1501,707.8,1379.8,264.8,338.9,
643,10.7917,294,706.5,1410,294,560,853,188,560,1314,853,1501,708.3,1379.5,265.6,339.3,
644,10.8085,294,706.5,1410,294,560,853,188,560,1314,853,1501,708.4,1379.2,266.1,339.3,
645,10.8253,294,706.5,1410,294,560,853,188,560,1314,853,1501,708.7,1379.1,266.2,339.0,
646,10.8422,294,706.5,1410,294,560,853,188,560,1314,853,1501,708.5,1378.9,267.0,339.1,
647,10.859,294,706.5,1410,294,560,853,177,560,1314,853,1501,717.3,1372.0,271.1,372.5,
648,10.8758,294,706.5,1410,294,560,853,151,560,1314,853,1501,709.6,1378.1,268.0,347.2,
649,10.8926,294,706.5,1410,222,560,781,124,560,1314,853,1501,707.1,1380.5,264.2,344.3,interior_occluded
650,10.9094,294,706.5,1410,170,560,729,99,560,1315,853,1501,704.1,1382.0,271.7,361.8,interior_occluded
651,10.9262,294,706.5,1410,133,560,692,86,560,1316,853,1501,702.3,1384.4,267.4,361.4,interior_occluded
652,10.943,294,706.5,1410,116,560,675,70,560,1316,853,1501,701.5,1387.2,252.4,341.5,interior_occluded
653,10.9598,294,706.5,1410,99,560,658,51,560,1316,853,1501,702.2,1386.5,254.4,338.0,interior_occluded
654,10.9766,294,706.5,1412,86,560,645,39,560,1318,853,1501,707.2,1380.1,263.7,341.5,interior_occluded
655,10.9934,294,706.5,1413,67,560,626,14,560,1319,853,1501,707.0,1380.1,263.5,341.8,interior_occluded
656,11.0103,71,598.0,1392,71,563,633,119,558,1324,651,1487,698.0,1384.1,256.2,322.5,edge_occluded
657,11.0271,101,779.0,1364,101,729,829,64,715,1315,853,1479,770.7,1224.1,136.3,338.4,edge_occluded
658,11.0439,63,591.0,1415,63,560,622,106,560,1346,626,1471,698.4,1271.0,170.2,247.0,edge_occluded
659,11.0607,32,573.5,1408,32,558,589,64,558,1376,613,1475,674.3,1331.9,190.5,297.3,edge_occluded
660,11.0775,46,802.5,1360,46,780,825,42,744,1319,851,1439,735.7,1349.7,219.4,325.7,edge_occluded
661,11.0943,66,782.5,1350,66,750,815,51,720,1315,851,1443,730.7,1360.7,241.4,336.0,edge_occluded
662,11.1111,52,723.5,1492,52,698,749,26,684,1448,751,1499,741.6,1373.6,185.5,322.2,edge_occluded
663,11.1279,42,582.5,1420,42,562,603,38,558,1384,611,1471,701.3,1379.4,264.6,323.0,edge_occluded
664,11.1447,47,595.0,1437,47,572,618,51,558,1364,622,1479,704.8,1379.8,263.7,333.0,edge_occluded
665,11.1615,226,700.5,1354,44,770,813,7,558,1314,815,1499,708.8,1384.1,258.5,352.2,interior_occluded;multi_component;edge_occluded
666,11.1783,247,703.0,1364,45,758,802,19,558,1314,826,1499,709.6,1384.1,263.5,347.5,interior_occluded;multi_component;edge_occluded
667,11.1952,286,704.5,1396,73,562,634,51,558,1314,847,1483,707.9,1381.3,266.6,346.8,interior_occluded
668,11.212,294,704.5,1408,152,558,709,96,558,1314,851,1487,708.8,1378.9,262.1,349.3,interior_occluded
669,11.2288,294,704.5,1408,294,558,851,140,558,1314,851,1495,705.2,1376.7,279.7,359.5,
670,11.2456,294,704.5,1408,294,558,851,184,558,1314,851,1499,705.2,1376.7,279.7,359.5,
671,11.2624,294,704.5,1408,294,558,851,186,558,1314,851,1499,705.2,1376.7,279.7,359.5,
672,11.2792,294,704.5,1408,294,558,851,186,558,1314,851,1499,705.2,1376.7,279.7,359.5,
673,11.296,294,704.5,1408,294,558,851,186,558,1314,851,1499,705.2,1376.7,279.8,359.5,
674,11.3128,294,704.5,1408,294,558,851,186,558,1314,851,1499,705.2,1376.7,279.8,359.5,
675,11.3296,294,704.5,1408,294,558,851,186,558,1314,851,1499,705.1,1377.2,278.5,360.0,
676,11.3464,293,704.0,1409,293,558,850,186,558,1314,851,1499,705.4,1376.8,279.7,359.6,
677,11.3633,294,704.5,1409,294,558,851,186,558,1314,851,1499,705.5,1376.9,279.8,359.7,
678,11.3801,292,703.5,1406,292,558,849,186,558,1314,851,1499,705.8,1377.1,279.8,359.7,
679,11.3969,294,704.5,1409,294,558,851,187,558,1314,852,1500,706.0,1377.3,279.9,359.7,
680,11.4137,293,706.0,1413,293,560,852,187,560,1314,852,1500,706.3,1377.5,279.9,359.8,
681,11.4305,294,706.5,1413,294,560,853,188,560,1314,853,1501,706.6,1377.8,279.9,359.6,
682,11.4473,294,706.5,1414,294,560,853,187,560,1314,853,1501,706.9,1377.9,279.9,359.9,
683,11.4641,293,706.0,1412,293,560,852,187,560,1314,853,1501,707.1,1378.3,279.6,359.9,
684,11.4809,293,706.0,1412,293,560,852,187,560,1314,853,1501,707.1,1378.8,278.6,360.3,
685,11.4977,294,706.5,1412,294,560,853,186,560,1315,853,1501,706.9,1380.1,275.9,361.1,
686,11.5145,294,706.5,1408,294,560,853,186,560,1315,853,1501,706.4,1380.6,275.4,360.1,
687,11.5313,294,706.5,1410,294,560,853,186,560,1315,853,1501,708.7,1381.3,264.4,339.4,
688,11.5482,294,706.5,1410,294,560,853,188,560,1315,853,1503,709.2,1381.3,264.5,340.5,
689,11.565,292,707.5,1410,292,562,853,188,562,1315,853,1503,709.3,1381.1,264.6,341.0,
690,11.5818,292,707.5,1410,292,562,853,188,562,1315,854,1503,709.4,1380.8,265.3,341.5,
691,11.5986,294,708.5,1414,294,562,855,188,562,1316,855,1503,709.4,1381.0,265.6,341.7,
692,11.6154,294,708.5,1414,294,562,855,188,562,1316,855,1503,709.6,1381.0,265.5,342.0,
693,11.6322,294,708.5,1414,294,562,855,188,562,1316,855,1503,709.7,1381.1,265.4,342.3,
694,11.649,294,708.5,1414,187,562,748,188,562,1316,855,1503,709.4,1381.2,265.1,342.4,interior_occluded
695,11.6658,294,708.5,1412,144,562,705,188,562,1316,855,1503,709.3,1381.3,265.0,342.3,interior_occluded
696,11.6826,294,708.5,1412,132,562,693,188,562,1316,855,1503,709.5,1381.1,265.2,341.9,interior_occluded
697,11.6994,292,707.5,1410,120,562,681,188,562,1314,853,1503,708.7,1382.0,262.2,343.0,interior_occluded
698,11.7163,138,630.5,1400,138,562,699,156,560,1314,703,1501,704.2,1382.3,262.7,333.5,edge_occluded
699,11.7331,130,624.5,1406,130,560,689,149,560,1316,689,1496,705.7,1380.1,266.3,335.1,edge_occluded
700,11.7499,119,617.0,1408,119,558,676,142,558,1314,693,1495,704.8,1379.8,265.5,335.2,edge_occluded
701,11.7667,293,703.0,1409,107,557,663,44,557,1314,851,1496,704.6,1376.6,279.8,359.6,interior_occluded
702,11.7835,293,702.0,1411,98,556,653,54,556,1312,849,1494,703.0,1375.7,279.5,359.6,interior_occluded
703,11.8003,293,700.0,1408,293,554,846,108,554,1311,847,1493,700.5,1374.4,279.4,359.4,
704,11.8171,294,696.5,1407,294,550,843,165,550,1310,843,1495,697.5,1373.1,279.0,359.3,
705,11.8339,293,694.0,1406,293,548,840,186,548,1309,840,1495,693.3,1372.9,276.9,358.3,
706,11.8507,294,690.5,1404,294,544,837,186,544,1308,837,1493,692.5,1373.2,262.8,340.2,
707,11.8675,292,687.5,1403,292,542,833,186,520,1252,833,1493,689.0,1373.1,260.1,340.7,multi_component
708,11.8844,300,667.5,1369,164,586,749,145,514,1305,830,1491,686.7,1374.8,254.2,339.1,interior_occluded;multi_component
709,11.9012,316,667.5,1400,77,749,825,343,510,1022,863,1491,805.7,1375.6,96.3,168.5,interior_occluded;multi_component
710,11.918,247,676.0,1353,90,702,791,308,553,1073,863,1489,581.1,1280.7,56.0,177.3,interior_occluded;multi_component;edge_occluded
711,11.9348,292,671.5,1400,95,526,620,212,526,1148,862,1489,594.0,1322.0,132.7,222.6,interior_occluded;multi_component
712,11.9516,330,696.5,1374,156,532,687,262,523,1175,862,1489,672.6,1366.8,257.7,345.6,interior_occluded;multi_component
713,11.9684,293,666.0,1401,176,520,695,184,520,1280,812,1488,665.6,1366.1,277.1,358.6,interior_occluded
714,11.9852,292,663.5,1395,186,518,703,184,518,1302,809,1488,662.9,1365.9,277.0,358.1,interior_occluded
715,12.002,294,660.5,1401,294,514,807,184,514,1302,807,1488,659.3,1366.3,276.2,357.2,
716,12.0188,293,659.0,1398,293,513,805,184,512,1302,805,1488,659.3,1368.1,262.5,338.0,
717,12.0356,292,655.5,1399,292,510,801,184,510,1302,801,1487,656.8,1368.1,262.5,337.8,
718,12.0524,292,653.5,1399,292,508,799,184,508,1302,799,1487,654.6,1368.0,262.8,337.4,
719,12.0693,292,651.5,1399,292,506,797,184,506,1302,797,1487,653.0,1367.8,263.1,337.9,
720,12.0861,293,651.0,1396,293,505,797,184,504,1302,797,1487,651.8,1367.9,263.1,338.8,
721,12.1029,293,649.0,1398,293,503,795,184,503,1303,795,1487,650.2,1367.9,263.0,338.0,
722,12.1197,293,648.0,1399,293,502,794,184,502,1303,794,1487,649.2,1368.0,262.8,338.3,
723,12.1365,293,647.0,1401,293,501,793,184,501,1303,793,1487,648.2,1367.9,262.7,338.6,
724,12.1533,293,646.0,1402,293,500,792,184,500,1303,793,1487,647.8,1368.0,262.7,338.3,
725,12.1701,292,647.5,1398,292,502,793,184,502,1303,793,1487,648.6,1367.8,262.6,338.2,
726,12.1869,292,651.5,1399,292,506,797,184,506,1303,797,1487,651.8,1367.6,262.8,338.1,
727,12.2037,294,660.5,1400,294,514,807,184,514,1305,807,1489,661.3,1370.1,263.5,338.2,
728,12.2205,294,670.5,1405,294,524,817,184,524,1310,817,1493,671.7,1374.0,264.0,339.1,
729,12.2374,295,680.0,1408,295,533,827,186,533,1314,827,1499,681.2,1378.7,264.7,339.5,
730,12.2542,295,688.0,1417,295,541,835,188,541,1318,835,1505,689.7,1383.9,265.6,340.7,
731,12.271,295,695.0,1420,295,548,842,190,548,1322,842,1511,697.0,1388.9,266.6,340.7,
732,12.2878,295,701.0,1425,295,554,848,190,554,1326,848,1515,703.2,1393.5,267.4,340.9,
733,12.3046,296,705.5,1426,296,558,853,190,558,1330,853,1521,708.2,1398.0,268.1,342.1,
734,12.3214,296,709.5,1432,294,564,857,190,562,1334,857,1525,712.3,1402.4,268.9,342.3,
735,12.3382,296,712.5,1435,296,565,860,190,565,1338,861,1529,716.0,1406.4,269.5,342.7,
736,12.355,298,716.5,1441,296,568,863,192,568,1342,865,1533,717.4,1409.9,270.6,340.2,
737,12.3718,296,717.5,1440,296,570,865,192,570,1344,865,1537,719.4,1413.3,271.2,339.2,
738,12.3886,284,717.5,1427,284,576,859,192,572,1347,859,1539,721.8,1416.4,271.2,341.0,
739,12.4054,271,710.0,1438,271,575,845,192,574,1350,847,1543,723.1,1419.4,271.6,341.1,edge_occluded
740,12.4223,254,704.5,1435,254,578,831,192,574,1352,835,1545,723.9,1421.9,271.9,341.1,edge_occluded
741,12.4391,239,698.0,1436,239,579,817,192,576,1354,821,1547,725.3,1424.1,272.0,342.7,edge_occluded
742,12.4559,222,690.5,1434,222,580,801,189,576,1356,807,1549,725.7,1426.1,272.0,343.2,edge_occluded
743,12.4727,208,683.5,1436,208,580,787,184,576,1358,791,1551,726.8,1427.7,271.7,344.3,edge_occluded
744,12.4895,193,675.0,1444,193,579,771,182,577,1358,775,1553,726.7,1428.4,272.4,342.3,edge_occluded
745,12.5063,178,666.5,1450,178,578,755,175,578,1360,759,1553,726.6,1430.1,270.6,341.6,edge_occluded
746,12.5231,164,659.5,1452,164,578,741,172,578,1360,743,1553,727.5,1429.0,274.2,339.8,edge_occluded
747,12.5399,148,651.5,1452,148,578,725,166,578,1359,725,1550,726.3,1429.2,273.7,337.7,edge_occluded
748,12.5567,131,644.0,1453,131,579,709,156,579,1359,709,1545,727.7,1427.7,273.5,340.0,edge_occluded
749,12.5735,113,635.0,1451,113,579,691,145,579,1358,697,1543,727.8,1426.0,273.0,339.2,edge_occluded
750,12.5904,100,827.5,1458,100,778,877,134,778,1360,877,1539,734.9,1423.5,274.2,325.9,edge_occluded
751,12.6072,296,727.5,1448,116,760,875,24,580,1352,877,1543,727.2,1417.7,288.1,359.2,interior_occluded
752,12.624,297,729.0,1453,136,742,877,79,580,1349,877,1541,727.5,1415.0,287.4,360.7,interior_occluded
753,12.6408,296,726.5,1444,296,579,874,193,579,1347,875,1539,727.3,1412.3,286.5,361.5,
754,12.6576,296,725.5,1438,296,578,873,192,578,1344,875,1535,727.3,1409.7,285.8,362.4,
755,12.6744,296,725.5,1438,296,578,873,192,578,1342,873,1533,726.8,1407.1,285.0,363.1,
756,12.6912,296,723.5,1435,294,578,871,190,576,1340,873,1530,726.1,1404.6,284.6,363.4,
757,12.708,296,723.5,1432,296,576,871,191,576,1337,871,1527,724.9,1401.9,284.1,362.6,
758,12.7248,296,723.5,1434,296,576,871,191,576,1335,871,1525,723.8,1399.6,283.7,362.4,
759,12.7416,296,721.5,1428,294,576,869,191,574,1333,869,1523,722.8,1397.6,283.4,362.4,
760,12.7584,294,720.5,1426,294,574,867,190,574,1331,869,1521,721.9,1395.8,283.2,361.8,
761,12.7753,294,720.5,1429,294,574,867,190,573,1330,867,1519,721.0,1394.3,282.6,361.9,
762,12.7921,294,718.5,1424,294,572,865,190,572,1328,866,1517,720.3,1393.2,282.0,361.7,
763,12.8089,295,719.0,1426,295,572,866,188,572,1328,866,1515,719.3,1392.6,280.2,362.2,
764,12.8257,295,718.0,1423,295,571,865,189,571,1326,865,1515,718.0,1392.2,278.7,361.5,
765,12.8425,295,717.0,1422,295,570,864,188,570,1326,865,1513,719.3,1391.9,266.3,342.1,
766,12.8593,294,716.5,1418,294,570,863,188,570,1325,865,1513,718.6,1390.9,266.7,342.1,
767,12.8761,294,716.5,1421,294,570,863,187,570,1324,863,1513,718.2,1389.9,266.8,342.5,
768,12.8929,294,716.5,1422,294,570,863,188,570,1324,863,1511,717.4,1389.2,266.7,342.4,
769,12.9097,294,715.5,1419,294,569,862,188,569,1324,863,1511,717.4,1388.2,267.8,342.1,
770,12.9265,294,714.5,1417,294,568,861,164,568,1322,862,1511,716.9,1387.8,267.2,342.3,
771,12.9434,294,714.5,1415,294,568,861,141,568,1322,862,1510,716.4,1387.5,266.8,342.2,
772,12.9602,294,714.5,1417,294,568,861,115,568,1322,861,1509,715.9,1387.0,266.5,342.4,
773,12.977,294,714.5,1420,140,568,707,84,568,1320,861,1509,715.4,1386.7,266.4,342.5,interior_occluded
774,12.9938,294,714.5,1420,120,568,687,70,568,1321,861,1509,715.0,1386.1,267.0,342.3,interior_occluded
775,13.0106,293,714.0,1415,88,568,655,44,568,1324,861,1509,714.9,1386.2,266.3,342.3,interior_occluded
776,13.0274,294,714.5,1422,76,568,643,12,568,1324,861,1507,714.9,1386.3,265.7,342.4,interior_occluded
777,13.0442,106,808.5,1420,106,756,861,137,755,1326,861,1499,715.8,1385.0,267.8,338.6,edge_occluded
778,13.061,120,801.5,1422,120,742,861,144,740,1322,861,1499,719.1,1386.2,267.4,331.3,edge_occluded
779,13.0778,294,712.5,1415,132,728,859,32,566,1320,861,1505,713.7,1383.6,281.2,360.1,interior_occluded
780,13.0946,294,712.5,1414,144,716,859,48,566,1320,860,1507,713.5,1383.4,281.0,360.1,interior_occluded
781,13.1114,294,712.5,1414,167,693,859,188,566,1320,860,1507,713.2,1383.1,280.9,360.3,interior_occluded
782,13.1283,294,712.5,1414,294,566,859,188,566,1320,860,1507,712.9,1382.9,280.9,360.3,
783,13.1451,294,712.5,1416,294,566,859,189,566,1319,859,1507,712.6,1382.6,280.9,360.1,
784,13.1619,294,712.5,1415,294,566,859,188,565,1318,859,1505,712.2,1382.2,280.9,360.2,
785,13.1787,336,711.5,1414,336,544,879,221,544,1302,879,1523,712.2,1383.0,319.4,409.6,
786,13.1955,354,716.5,1418,354,540,893,233,539,1294,893,1526,716.2,1379.9,335.9,431.5,
787,13.2123,370,718.5,1416,370,534,903,245,533,1284,903,1530,719.1,1382.1,338.2,455.8,
788,13.2291,384,719.5,1408,384,528,911,258,528,1278,911,1535,723.1,1379.3,341.5,442.6,
789,13.2459,398,720.5,1406,396,524,919,264,522,1272,919,1537,723.1,1377.1,354.3,457.2,
790,13.2627,416,721.5,1408,416,514,929,278,514,1263,929,1543,723.3,1376.4,370.0,476.0,
791,13.2795,434,720.5,1408,434,504,937,294,504,1258,939,1551,722.4,1375.9,388.7,495.1,
792,13.2964,454,720.5,1412,454,494,947,307,494,1253,947,1559,712.4,1382.4,394.0,505.8,
793,13.3132,468,719.5,1400,468,486,953,321,485,1247,953,1567,707.1,1388.1,401.5,521.3,
794,13.33,488,719.5,1412,474,476,949,331,476,1242,963,1574,703.8,1390.7,409.9,539.5,interior_occluded;multi_component
795,13.3468,502,718.5,1408,484,468,951,342,468,1238,970,1580,698.8,1395.4,415.4,550.5,interior_occluded;multi_component
796,13.3636,516,717.5,1415,236,460,695,154,460,1235,976,1586,700.1,1394.6,430.3,567.5,interior_occluded;multi_component
797,13.3804,527,717.0,1424,214,454,667,126,454,1232,981,1591,699.5,1395.0,441.5,580.8,interior_occluded;multi_component
798,13.3972,534,715.5,1420,207,449,655,120,449,1230,983,1595,698.1,1396.9,445.0,588.9,interior_occluded;multi_component
799,13.414,538,716.5,1433,202,448,649,368,447,1230,985,1597,699.0,1397.1,450.0,595.6,interior_occluded;multi_component
800,13.4308,538,714.5,1425,212,446,657,368,446,1230,983,1599,705.4,1391.4,464.3,603.0,interior_occluded;multi_component
801,13.4476,534,713.5,1424,221,726,946,367,447,1230,981,1597,707.7,1388.7,468.4,603.1,interior_occluded;multi_component
802,13.4644,528,712.5,1424,235,712,946,309,449,1232,977,1595,711.3,1385.4,471.1,602.3,interior_occluded;multi_component
803,13.4813,522,712.5,1424,495,452,946,360,452,1234,973,1593,707.9,1387.4,461.4,590.4,interior_occluded;multi_component
804,13.4981,512,711.5,1418,493,456,948,352,456,1238,968,1590,705.8,1389.0,451.3,578.6,interior_occluded;multi_component
805,13.5149,504,711.5,1428,486,460,945,346,460,1240,963,1586,708.1,1387.4,444.9,571.7,interior_occluded;multi_component
806,13.5317,487,709.0,1408,487,466,952,338,464,1244,953,1582,704.6,1389.5,430.6,554.9,
807,13.5485,481,710.0,1412,481,470,950,331,470,1247,950,1577,706.5,1387.1,424.5,543.8,
808,13.5653,470,710.5,1425,470,476,945,324,476,1250,945,1573,709.5,1383.6,419.4,533.6,
809,13.5821,459,710.0,1424,459,481,939,314,480,1253,939,1569,708.3,1384.3,408.4,519.5,
810,13.5989,448,709.5,1424,448,486,933,307,486,1257,933,1564,708.7,1383.8,399.9,509.3,
811,13.6157,438,708.5,1416,438,490,927,300,490,1260,927,1560,713.0,1380.7,394.9,507.5,
812,13.6325,428,707.5,1416,428,494,921,295,494,1263,922,1557,711.6,1382.1,385.4,497.2,
813,13.6494,420,707.5,1406,418,498,915,289,498,1265,918,1553,709.4,1383.4,377.2,485.9,
814,13.6662,416,707.5,1414,416,500,915,285,500,1267,915,1551,707.8,1384.9,370.2,478.5,
815,13.683,412,707.5,1414,412,502,913,284,502,1268,913,1551,704.3,1385.9,383.2,496.1,
816,13.6998,411,707.0,1420,411,502,912,282,502,1268,912,1551,704.1,1388.0,361.8,471.5,
817,13.7166,411,707.0,1420,411,502,912,284,502,1268,912,1551,702.7,1389.2,362.2,470.3,
818,13.7334,414,706.5,1412,414,500,913,284,500,1268,913,1552,708.1,1385.4,368.7,477.0,
819,13.7502,416,705.5,1416,281,498,778,286,498,1268,914,1553,708.0,1385.6,370.9,478.9,interior_occluded
820,13.767,418,706.5,1416,240,498,737,288,498,1267,915,1554,707.5,1385.8,373.4,481.0,interior_occluded
821,13.7838,421,706.0,1420,224,496,719,289,496,1267,916,1555,706.9,1387.1,373.3,483.2,interior_occluded
822,13.8006,421,706.0,1420,218,496,713,290,496,1266,916,1556,705.2,1388.8,371.0,483.2,interior_occluded
823,13.8174,421,706.0,1423,225,496,720,290,496,1266,916,1556,707.1,1387.2,374.0,483.3,interior_occluded
824,13.8343,223,607.0,1416,223,496,718,252,496,1266,748,1555,699.0,1388.7,374.2,465.7,
825,13.8511,209,600.0,1412,209,496,704,245,496,1267,728,1553,703.4,1386.7,374.3,472.1,
826,13.8679,418,704.5,1416,186,496,681,63,496,1267,913,1553,705.8,1383.9,394.8,505.5,interior_occluded
827,13.8847,417,705.0,1414,158,497,654,111,497,1267,914,1553,705.8,1384.0,394.0,504.9,interior_occluded;multi_component
828,13.9015,416,704.5,1417,151,497,647,122,497,1267,913,1553,705.8,1384.1,393.4,504.4,interior_occluded;multi_component
829,13.9183,416,705.5,1422,414,500,913,189,497,1267,913,1549,706.6,1380.2,358.4,483.8,
830,13.9351,416,705.5,1420,416,498,913,262,498,1267,913,1547,705.8,1384.3,392.5,503.1,
831,13.9519,416,705.5,1422,416,498,913,285,498,1268,913,1554,705.8,1384.4,391.9,502.6,
832,13.9687,416,705.5,1420,416,498,913,285,498,1268,913,1553,706.0,1384.5,391.5,502.2,
833,13.9855,415,705.0,1418,415,498,912,285,498,1269,913,1553,706.1,1384.7,391.1,501.9,
834,14.0024,414,704.5,1415,414,498,911,284,498,1269,913,1553,706.2,1385.0,390.4,501.6,
835,14.0192,414,706.5,1420,414,500,913,284,500,1269,913,1554,706.0,1385.8,388.6,501.6,
836,14.036,414,706.5,1420,414,500,913,285,500,1269,913,1555,705.6,1386.7,386.7,501.3,
837,14.0528,414,706.5,1420,414,500,913,285,500,1269,913,1554,705.6,1387.0,386.2,501.1,
838,14.0696,414,706.5,1420,414,500,913,285,500,1270,913,1554,705.8,1386.3,388.4,498.9,
839,14.0864,414,706.5,1420,414,500,913,285,500,1270,913,1554,708.1,1388.6,368.4,473.6,
840,14.1032,412,705.5,1416,412,500,911,285,500,1270,913,1554,708.6,1388.6,367.9,474.0,
841,14.12,412,705.5,1416,412,500,911,285,500,1270,913,1554,709.1,1388.5,368.1,474.1,
842,14.1368,412,707.5,1422,412,502,913,285,501,1270,913,1554,709.4,1388.6,367.8,474.4,
843,14.1536,412,707.5,1422,412,502,913,284,501,1271,913,1554,709.4,1388.6,367.8,475.0,
844,14.1704,412,707.5,1422,412,502,913,284,501,1271,913,1554,709.3,1388.6,367.7,474.8,
845,14.1873,412,707.5,1422,412,502,913,284,501,1271,913,1554,709.5,1388.6,367.7,474.4,
846,14.2041,412,707.5,1422,412,502,913,284,501,1271,913,1554,709.6,1388.8,367.4,474.2,
847,14.2209,412,707.5,1422,412,502,913,284,501,1271,913,1554,709.6,1388.9,367.1,474.0,
848,14.2377,412,707.5,1422,287,502,788,284,501,1271,913,1554,707.8,1386.1,388.8,499.2,interior_occluded
849,14.2545,412,707.5,1422,254,502,755,284,501,1271,913,1554,707.8,1386.1,388.7,499.1,interior_occluded
850,14.2713,412,707.5,1422,246,502,747,284,501,1271,913,1554,707.8,1386.2,388.6,499.1,interior_occluded
851,14.2881,412,707.5,1422,254,502,755,284,501,1271,913,1554,707.8,1386.2,388.6,499.1,interior_occluded
852,14.3049,412,707.5,1420,246,502,747,284,501,1271,913,1554,707.7,1386.0,388.4,499.1,interior_occluded
853,14.3217,412,705.5,1420,239,500,738,284,500,1270,911,1553,705.9,1385.1,387.9,499.0,interior_occluded
854,14.3385,411,702.0,1415,245,497,741,283,497,1269,907,1551,702.7,1384.0,386.8,498.1,interior_occluded
855,14.3554,410,698.5,1412,410,494,903,284,494,1267,904,1551,698.9,1382.8,385.6,497.7,
856,14.3722,410,694.5,1409,410,490,899,284,490,1265,900,1549,694.8,1381.0,386.0,497.0,
857,14.389,410,689.5,1408,410,485,894,282,485,1264,895,1547,688.9,1380.1,384.7,495.7,
858,14.4058,411,684.0,1410,411,479,889,283,479,1263,889,1545,682.0,1379.3,384.2,494.0,
859,14.4226,409,675.0,1408,409,471,879,282,471,1263,880,1545,676.8,1380.2,364.6,470.0,
860,14.4394,410,666.5,1411,410,462,871,282,462,1263,872,1545,668.9,1380.0,364.9,470.9,
861,14.4562,409,659.0,1410,409,455,863,283,455,1263,864,1545,661.0,1380.3,365.2,471.7,
862,14.473,410,652.5,1412,410,448,857,281,448,1264,857,1546,653.4,1381.3,365.3,471.2,
863,14.4898,410,646.5,1408,410,442,851,281,442,1266,851,1547,646.7,1382.2,365.6,471.5,
864,14.5066,410,640.5,1410,410,436,845,281,436,1266,845,1549,640.5,1383.5,365.9,471.4,
865,14.5234,410,634.5,1409,410,430,839,284,430,1268,839,1551,634.9,1385.0,366.2,470.5,
866,14.5403,411,630.0,1418,411,425,835,283,424,1269,835,1551,630.2,1386.5,366.5,471.3,
867,14.5571,411,626.0,1420,411,421,831,283,420,1270,831,1553,626.1,1387.9,366.4,471.3,
868,14.5739,411,622.0,1422,411,417,827,283,416,1272,827,1555,622.1,1389.1,366.8,470.4,
869,14.5907,411,619.0,1421,411,414,824,284,414,1133,824,1555,618.7,1388.8,369.7,472.1,multi_component
870,14.6075,412,615.5,1427,412,410,821,284,410,1156,822,1557,615.6,1390.5,368.6,471.9,multi_component
871,14.6243,411,615.0,1420,411,410,820,284,148,1093,820,1558,611.3,1397.0,355.7,472.4,multi_component
872,14.6411,411,613.0,1421,411,408,818,286,407,1216,818,1559,611.7,1390.8,372.1,469.7,
873,14.6579,411,611.0,1424,411,406,816,271,405,1252,816,1559,610.7,1394.6,364.4,472.2,
874,14.6747,411,609.0,1429,264,404,667,286,404,1218,815,1559,609.0,1398.1,358.6,476.0,interior_occluded;multi_component
875,14.6915,410,609.5,1419,280,405,684,284,404,1260,814,1559,609.3,1394.3,367.2,473.0,interior_occluded;multi_component
876,14.7084,411,608.0,1425,289,403,691,284,402,1276,813,1559,608.6,1395.0,366.0,473.7,interior_occluded
877,14.7252,411,608.0,1419,219,403,621,284,319,1230,813,1559,606.2,1391.8,389.6,498.6,interior_occluded;multi_component
878,14.742,412,607.5,1424,240,402,641,284,402,1276,813,1560,606.1,1391.8,389.5,499.0,interior_occluded;multi_component
879,14.7588,412,607.5,1423,264,402,665,286,402,1276,813,1561,606.0,1391.7,389.6,499.1,interior_occluded
880,14.7756,412,607.5,1423,280,402,681,286,234,1154,813,1561,605.9,1391.6,389.5,499.3,interior_occluded;multi_component
881,14.7924,412,607.5,1424,412,402,813,284,252,1161,813,1561,606.5,1392.0,388.7,498.8,multi_component
882,14.8092,412,607.5,1424,412,402,813,285,242,1168,813,1561,608.1,1393.1,386.1,497.6,multi_component
883,14.826,412,607.5,1423,412,402,813,284,402,1276,813,1559,610.2,1394.4,382.4,496.9,
884,14.8428,411,608.0,1419,411,403,813,285,359,1262,813,1559,610.4,1395.0,363.0,473.3,multi_component
885,14.8596,412,609.5,1420,412,404,815,284,365,1259,815,1557,610.7,1393.5,363.9,473.7,multi_component
886,14.8764,411,612.0,1420,411,407,817,285,378,1272,817,1557,613.1,1392.1,362.8,474.4,multi_component
887,14.8933,410,616.5,1414,410,412,821,283,384,1270,821,1554,617.6,1389.7,363.9,471.6,multi_component
888,14.9101,411,627.0,1425,411,422,832,284,298,1215,833,1553,628.1,1388.6,364.6,469.1,multi_component
889,14.9269,413,644.0,1427,413,438,850,284,438,1274,850,1557,636.0,1411.3,325.1,459.6,
890,14.9437,413,659.0,1429,413,453,865,286,453,1278,865,1563,649.7,1417.8,322.8,459.5,
891,14.9605,406,670.5,1445,406,468,873,286,465,1282,874,1569,661.9,1428.8,311.0,456.2,
892,14.9773,414,682.5,1439,394,476,869,287,475,1286,889,1573,671.6,1436.5,304.8,453.8,interior_occluded;multi_component
893,14.9941,414,689.5,1438,387,483,869,288,483,1290,897,1577,680.7,1438.9,308.5,454.7,interior_occluded;multi_component
894,15.0109,414,696.5,1440,382,490,871,288,490,1292,903,1581,688.2,1439.0,315.7,457.2,interior_occluded;multi_component
895,15.0277,416,703.5,1448,382,496,877,290,496,1294,911,1583,708.0,1417.4,369.4,470.9,interior_occluded;multi_component
896,15.0445,414,706.5,1446,376,502,877,290,500,1296,915,1585,711.5,1418.8,371.3,471.7,interior_occluded;multi_component
897,15.0614,415,712.0,1453,379,505,883,290,504,1298,919,1587,714.7,1420.0,373.2,473.4,interior_occluded;multi_component
898,15.0782,416,715.5,1454,380,508,887,291,508,1299,923,1589,716.9,1421.0,374.5,474.7,interior_occluded;multi_component
899,15.095,415,719.0,1456,379,512,890,292,510,1300,926,1591,719.2,1422.0,375.4,474.2,interior_occluded;multi_component
900,15.1118,416,719.5,1454,381,512,892,291,512,1302,928,1593,721.4,1423.0,375.6,475.1,interior_occluded;multi_component
901,15.1286,416,721.5,1454,382,514,895,291,514,1303,930,1593,722.9,1424.7,376.1,473.2,interior_occluded;multi_component
902,15.1454,416,723.5,1456,384,516,899,291,516,1305,932,1595,724.1,1426.2,376.8,472.7,interior_occluded;multi_component
903,15.1622,415,725.0,1461,389,518,906,292,518,1306,933,1597,725.0,1427.8,377.4,471.7,interior_occluded;multi_component
904,15.179,415,725.0,1453,388,518,905,292,518,1308,934,1599,724.9,1429.3,377.7,469.2,interior_occluded;multi_component
905,15.1958,417,727.0,1461,396,519,914,294,518,1308,936,1601,726.3,1431.0,378.2,471.4,interior_occluded;multi_component
906,15.2126,416,727.5,1456,395,520,914,294,520,1310,935,1603,726.7,1432.5,378.3,471.1,interior_occluded;multi_component
907,15.2295,418,728.5,1458,401,520,920,293,520,1312,937,1605,726.8,1434.4,378.8,470.2,interior_occluded;multi_component
908,15.2463,416,727.5,1454,401,520,920,294,520,1314,936,1607,727.1,1436.1,379.1,470.3,interior_occluded;multi_component
909,15.2631,416,729.5,1477,416,522,937,295,520,1314,937,1609,727.5,1437.7,379.1,471.1,
910,15.2799,416,727.5,1471,416,520,935,294,520,1316,937,1609,727.3,1438.9,379.8,470.2,
911,15.2967,418,728.5,1473,418,520,937,294,520,1316,938,1611,727.9,1439.9,380.0,472.0,
912,15.3135,412,725.5,1463,412,520,931,294,520,1318,931,1611,727.3,1440.8,380.2,470.1,
913,15.3303,398,722.5,1444,398,524,921,295,520,1318,921,1612,727.2,1441.4,380.3,469.4,
914,15.3471,387,723.0,1431,387,530,916,295,520,1318,916,1613,728.6,1442.2,380.2,472.6,edge_occluded
915,15.3639,382,722.5,1425,374,532,905,295,520,1319,913,1613,728.2,1442.8,380.6,471.3,interior_occluded;edge_occluded
916,15.3807,380,723.5,1423,380,534,913,294,520,1320,913,1615,729.4,1443.4,380.6,474.0,edge_occluded
917,15.3975,418,728.5,1472,326,520,845,296,520,1320,939,1615,730.6,1444.4,381.0,475.7,interior_occluded;multi_component
918,15.4144,418,728.5,1472,309,520,828,296,520,1320,939,1615,729.8,1444.4,381.0,474.9,interior_occluded
919,15.4312,418,728.5,1472,292,520,811,296,520,1320,939,1615,729.3,1444.4,380.7,474.6,interior_occluded
920,15.448,418,728.5,1472,276,520,795,296,520,1320,939,1615,729.9,1444.7,380.8,475.7,interior_occluded
921,15.4648,418,728.5,1472,260,520,779,295,520,1320,939,1615,729.9,1444.8,381.0,475.4,interior_occluded
922,15.4816,418,728.5,1472,244,520,763,295,520,1320,939,1615,729.9,1444.9,381.0,475.4,interior_occluded
923,15.4984,418,728.5,1472,231,520,750,265,520,1320,939,1615,729.9,1445.0,380.9,475.3,interior_occluded
924,15.5152,418,728.5,1472,212,520,731,203,520,1320,939,1613,730.0,1445.1,381.0,475.1,interior_occluded
925,15.532,418,728.5,1472,216,520,735,157,520,1320,939,1612,730.0,1445.2,381.0,475.2,interior_occluded
926,15.5488,418,728.5,1472,418,520,937,173,520,1320,939,1615,730.0,1445.2,380.9,475.3,
927,15.5656,418,728.5,1471,418,520,937,199,520,1320,939,1615,730.3,1444.8,379.6,476.8,
928,15.5825,418,728.5,1471,418,520,937,239,520,1320,939,1616,730.3,1444.9,380.6,476.1,
929,15.5993,417,729.0,1472,417,521,937,295,521,1318,939,1614,730.5,1443.6,380.0,475.9,
930,15.6161,416,729.5,1471,416,522,937,294,521,1316,939,1611,730.7,1440.9,379.2,476.3,
931,15.6329,416,729.5,1471,416,522,937,295,521,1312,937,1607,730.4,1436.6,378.0,476.0,
932,15.6497,414,728.5,1467,414,522,935,292,521,1308,937,1602,729.3,1432.7,376.5,474.3,
933,15.6665,414,728.5,1464,414,522,935,293,521,1306,936,1598,728.8,1428.6,375.8,474.1,
934,15.6833,414,728.5,1461,274,522,795,292,520,1302,935,1594,728.6,1424.2,376.3,473.9,interior_occluded
935,15.7001,414,726.5,1454,234,520,753,290,520,1300,935,1589,727.6,1421.0,375.5,473.3,interior_occluded
936,15.7169,414,724.5,1445,222,518,739,289,518,1296,933,1587,726.0,1418.1,375.0,470.7,interior_occluded
937,15.7337,414,724.5,1439,228,518,745,290,518,1294,932,1583,725.7,1414.8,374.2,471.5,interior_occluded
938,15.7505,414,724.5,1442,216,518,733,290,517,1292,931,1581,724.6,1412.3,373.7,471.1,interior_occluded
939,15.7674,414,722.5,1432,206,516,721,288,516,1290,929,1577,722.8,1410.1,373.4,468.4,interior_occluded
940,15.7842,414,722.5,1440,198,516,713,147,516,1288,929,1573,722.0,1408.1,373.8,467.4,interior_occluded
941,15.801,414,722.5,1436,414,516,929,185,515,1286,929,1572,721.8,1406.0,373.1,469.6,
942,15.8178,414,720.5,1432,414,514,927,192,514,1285,927,1571,721.3,1404.3,373.2,468.9,
943,15.8346,414,720.5,1436,414,514,927,245,514,1284,927,1571,719.6,1403.0,373.5,466.2,
944,15.8514,412,719.5,1430,412,514,925,286,514,1283,925,1569,718.6,1402.5,371.7,467.6,
945,15.8682,412,717.5,1426,412,512,923,285,512,1282,925,1567,718.0,1401.4,371.2,467.6,
946,15.885,412,717.5,1422,412,512,923,286,512,1282,925,1567,717.0,1400.6,371.0,466.3,
947,15.9018,412,717.5,1428,412,512,923,286,512,1281,924,1567,715.4,1400.3,370.7,464.1,
948,15.9186,412,717.5,1430,412,512,923,286,512,1280,923,1565,715.0,1399.8,370.3,463.9,
949,15.9355,412,717.5,1434,412,512,923,284,512,1280,923,1565,715.1,1399.7,369.7,463.8,
950,15.9523,412,717.5,1432,412,512,923,287,512,1279,923,1565,715.0,1399.0,369.6,464.4,
951,15.9691,413,717.0,1431,411,511,921,284,510,1279,923,1563,714.3,1399.1,368.6,464.7,
952,15.9859,412,715.5,1422,412,510,921,284,510,1279,921,1563,713.7,1399.1,367.6,464.7,
953,16.0027,412,715.5,1422,412,510,921,286,510,1278,921,1563,715.7,1396.4,372.6,464.7,
954,16.0195,412,715.5,1422,228,510,737,286,510,1278,921,1563,715.5,1396.6,371.6,464.9,interior_occluded
955,16.0363,412,715.5,1422,188,510,697,286,510,1277,921,1563,712.4,1394.1,392.6,488.3,interior_occluded
956,16.0531,412,715.5,1422,176,510,685,285,510,1277,921,1563,712.2,1394.0,392.6,488.3,interior_occluded
957,16.0699,412,715.5,1424,184,510,693,285,510,1277,921,1563,712.2,1393.8,392.5,488.4,interior_occluded
958,16.0867,412,715.5,1422,175,747,921,285,510,1277,921,1563,712.2,1393.7,392.4,488.6,interior_occluded
959,16.1035,412,715.5,1422,186,736,921,128,510,1277,921,1561,712.1,1393.6,392.4,488.6,interior_occluded
960,16.1204,412,715.5,1422,202,720,921,142,510,1277,921,1561,712.0,1393.5,392.3,488.7,interior_occluded
961,16.1372,412,715.5,1424,412,510,921,284,510,1277,921,1561,712.0,1393.4,392.0,489.1,
962,16.154,412,715.5,1425,412,510,921,284,510,1277,921,1561,712.0,1393.3,391.4,489.7,
963,16.1708,412,713.5,1425,412,508,919,285,508,1277,921,1561,712.0,1393.0,391.4,490.0,
964,16.1876,412,713.5,1424,410,510,919,285,508,1277,921,1561,712.0,1393.1,390.1,491.2,
965,16.2044,412,713.5,1421,412,508,919,283,508,1277,920,1561,712.0,1392.7,390.4,491.5,
966,16.2212,412,713.5,1424,412,508,919,284,508,1276,920,1561,712.0,1392.1,390.8,492.1,
967,16.238,412,713.5,1424,412,508,919,285,508,1275,919,1561,711.8,1391.7,390.4,492.6,
968,16.2548,412,713.5,1424,412,508,919,284,507,1275,919,1559,711.7,1391.5,389.6,493.6,
969,16.2716,412,711.5,1420,412,506,917,284,506,1274,917,1559,711.0,1391.8,387.6,494.1,
970,16.2885,412,711.5,1420,412,506,917,284,506,1274,917,1559,712.3,1393.2,367.3,469.7,
971,16.3053,412,711.5,1425,412,506,917,285,506,1274,917,1558,712.6,1392.2,368.1,470.9,
972,16.3221,412,711.5,1422,412,506,917,284,506,1274,917,1557,712.0,1391.0,369.6,471.3,
973,16.3389,412,709.5,1420,412,504,915,286,504,1272,915,1557,713.2,1389.0,372.1,473.2,
974,16.3557,412,709.5,1419,412,504,915,286,504,1272,915,1557,711.3,1390.1,368.4,473.5,
975,16.3725,412,709.5,1419,412,504,915,285,504,1272,915,1557,709.1,1391.1,382.7,497.5,
976,16.3893,412,709.5,1424,412,504,915,285,504,1272,915,1556,707.6,1392.1,380.1,497.2,
977,16.4061,410,708.5,1415,410,504,913,284,504,1272,914,1555,706.0,1393.9,359.1,474.7,
978,16.4229,411,708.0,1419,411,503,913,284,503,1272,914,1555,705.3,1394.8,357.1,474.7,
979,16.4397,412,707.5,1416,412,502,913,284,502,1272,914,1555,709.3,1389.7,366.5,473.5,
980,16.4565,412,707.5,1418,412,502,913,284,502,1272,914,1555,709.1,1389.5,366.2,473.4,
981,16.4734,412,707.5,1418,244,502,745,284,502,1272,913,1555,709.0,1389.4,365.9,473.4,interior_occluded
982,16.4902,412,707.5,1417,189,502,690,284,502,1272,913,1555,709.0,1389.6,365.3,473.4,interior_occluded
983,16.507,411,707.0,1422,172,502,673,86,502,1272,913,1555,708.5,1390.5,363.3,473.8,interior_occluded
984,16.5238,411,707.0,1422,170,502,671,76,502,1272,913,1555,709.7,1386.5,374.6,469.6,interior_occluded
985,16.5406,412,707.5,1424,174,502,675,36,502,1276,913,1555,707.8,1389.6,367.3,470.1,interior_occluded
986,16.5574,167,585.0,1420,167,502,668,223,502,1280,690,1553,705.4,1389.2,366.0,464.6,edge_occluded
987,16.5742,412,707.5,1422,152,502,653,158,502,1272,913,1551,707.5,1386.0,388.3,498.2,interior_occluded
988,16.591,412,707.5,1422,118,502,619,255,502,1272,913,1551,707.4,1386.0,388.3,498.3,interior_occluded
989,16.6078,412,707.5,1424,174,740,913,282,502,1272,913,1553,707.4,1386.0,388.3,498.3,interior_occluded
990,16.6246,410,706.5,1412,264,648,911,283,502,1271,912,1553,707.3,1385.9,388.2,498.2,interior_occluded;multi_component
991,16.6415,410,706.5,1412,410,502,911,217,502,1271,911,1547,707.2,1385.8,388.2,498.2,
992,16.6583,410,706.5,1412,410,502,911,283,502,1270,911,1553,707.2,1385.8,388.2,498.1,
993,16.6751,410,706.5,1412,410,502,911,283,502,1270,911,1553,707.1,1385.7,388.2,498.1,
994,16.6919,410,706.5,1412,410,502,911,284,502,1270,911,1553,707.1,1385.7,388.2,498.1,
995,16.7087,410,706.5,1412,410,502,911,284,502,1270,911,1553,707.0,1385.6,388.1,498.3,
996,16.7255,410,706.5,1412,410,502,911,284,502,1270,911,1553,706.9,1385.7,387.9,498.4,
997,16.7423,410,706.5,1412,410,502,911,284,502,1270,911,1553,706.8,1385.9,387.1,498.6,
998,16.7591,410,706.5,1416,410,502,911,284,502,1270,911,1553,706.3,1386.7,385.1,499.1,
999,16.7759,412,705.5,1416,412,500,911,284,500,1270,911,1553,705.7,1387.2,384.1,498.9,
1000,16.7927,412,705.5,1416,412,500,911,284,500,1270,911,1553,705.0,1387.5,383.6,498.3,
1001,16.8095,412,705.5,1416,412,500,911,284,500,1270,911,1553,708.4,1388.6,366.1,472.8,
1002,16.8264,412,705.5,1416,412,500,911,284,500,1270,911,1553,708.5,1388.2,366.9,472.9,
1003,16.8432,412,705.5,1416,412,500,911,284,500,1270,911,1553,708.7,1388.1,366.9,472.9,
1004,16.86,412,705.5,1416,412,500,911,284,500,1270,911,1553,708.8,1388.0,366.9,473.2,
1005,16.8768,412,705.5,1416,412,500,911,284,500,1270,911,1553,708.5,1388.0,366.7,473.2,
1006,16.8936,412,705.5,1416,412,500,911,284,500,1270,911,1553,708.5,1387.9,366.9,473.0,
1007,16.9104,412,705.5,1416,412,500,911,284,500,1270,911,1553,708.5,1388.0,366.5,473.4,
1008,16.9272,412,705.5,1416,412,500,911,284,500,1270,911,1553,708.2,1388.4,365.7,473.1,
1009,16.944,412,705.5,1416,412,500,911,284,500,1270,911,1553,708.5,1387.7,367.3,473.0,
1010,16.9608,412,705.5,1416,241,500,740,284,500,1270,911,1553,706.2,1385.1,388.1,498.0,interior_occluded
1011,16.9776,412,705.5,1416,210,500,709,284,500,1270,911,1553,706.2,1385.1,388.1,498.0,interior_occluded
1012,16.9945,412,705.5,1416,210,500,709,284,500,1270,911,1553,706.4,1385.1,388.0,498.5,interior_occluded
1013,17.0113,412,705.5,1416,212,500,711,284,500,1270,911,1553,706.4,1385.1,388.0,498.5,interior_occluded
1014,17.0281,412,705.5,1416,202,500,701,284,500,1270,911,1553,706.1,1385.1,388.1,498.0,interior_occluded
1015,17.0449,412,705.5,1416,194,500,693,112,500,1270,911,1553,706.0,1385.1,388.0,498.0,interior_occluded
1016,17.0617,412,705.5,1420,221,500,720,152,500,1270,911,1549,705.9,1385.2,387.5,498.0,interior_occluded
1017,17.0785,412,705.5,1420,412,500,911,198,500,1270,911,1551,705.3,1386.0,385.6,498.4,
1018,17.0953,412,705.5,1420,412,500,911,248,500,1270,911,1553,705.2,1386.0,385.5,498.4,
1019,17.1121,412,705.5,1420,412,500,911,284,500,1270,911,1553,704.6,1386.6,384.4,497.9,
1020,17.1289,412,705.5,1420,412,500,911,284,500,1270,911,1553,703.3,1387.2,383.6,496.4,
1021,17.1457,412,705.5,1420,412,500,911,284,500,1270,911,1553,706.7,1386.8,366.9,471.6,
1022,17.1625,412,705.5,1420,412,500,911,284,500,1270,911,1553,706.8,1386.7,367.1,471.9,
1023,17.1794,412,705.5,1420,412,500,911,284,500,1270,911,1553,706.7,1386.7,366.9,472.2,
1024,17.1962,412,705.5,1420,412,500,911,284,500,1270,911,1553,706.6,1386.9,366.5,472.4,
1025,17.213,412,705.5,1420,412,500,911,284,500,1270,911,1553,706.7,1386.9,366.4,472.6,
1026,17.2298,412,705.5,1420,412,500,911,284,500,1270,911,1553,706.6,1386.7,367.0,472.2,
1027,17.2466,412,705.5,1420,412,500,911,284,500,1270,911,1553,706.4,1386.8,366.6,472.5,
1028,17.2634,411,705.0,1420,411,500,910,284,500,1270,911,1553,706.6,1386.4,367.4,472.3,
1029,17.2802,411,705.0,1420,265,500,764,284,500,1270,911,1553,705.5,1384.8,388.2,497.7,interior_occluded
1030,17.297,411,705.0,1420,236,500,735,284,500,1270,911,1553,705.4,1384.7,388.1,497.7,interior_occluded
1031,17.3138,411,705.0,1420,240,500,739,284,500,1270,911,1553,705.4,1384.7,388.1,497.7,interior_occluded
1032,17.3306,411,705.0,1422,236,502,737,284,500,1270,911,1553,705.4,1384.7,388.1,497.9,interior_occluded
1033,17.3475,411,705.0,1422,228,502,729,284,500,1270,911,1553,705.3,1384.7,388.1,497.9,interior_occluded
1034,17.3643,411,705.0,1422,220,502,721,284,500,1270,910,1553,705.3,1384.7,388.0,497.9,interior_occluded
1035,17.3811,411,705.0,1422,409,502,910,270,500,1270,910,1551,705.2,1384.7,387.8,497.9,
1036,17.3979,411,705.0,1422,409,502,910,219,500,1270,910,1553,705.0,1384.9,387.2,497.9,
1037,17.4147,411,705.0,1422,409,502,910,260,500,1270,910,1551,704.5,1385.4,386.3,497.8,
1038,17.4315,410,704.5,1410,410,500,909,264,500,1270,909,1551,704.4,1385.3,386.4,497.6,
1039,17.4483,410,704.5,1410,410,500,909,283,500,1270,909,1553,703.8,1385.5,386.2,496.6,
1040,17.4651,410,704.5,1410,410,500,909,283,500,1270,909,1553,703.4,1385.5,386.6,495.5,
1041,17.4819,410,704.5,1410,410,500,909,283,500,1270,909,1553,705.5,1386.5,366.7,471.3,
1042,17.4987,410,704.5,1410,410,500,909,283,500,1270,909,1553,705.7,1386.4,366.8,472.0,
1043,17.5155,410,704.5,1410,410,500,909,283,500,1270,909,1553,705.9,1386.3,366.7,472.4,
1044,17.5324,410,704.5,1410,410,500,909,284,500,1269,909,1553,706.0,1386.3,366.7,472.3,
1045,17.5492,410,704.5,1416,410,500,909,284,500,1269,909,1553,706.0,1386.2,366.7,472.6,
1046,17.566,412,703.5,1417,412,498,909,284,498,1269,909,1553,705.9,1386.2,366.7,472.5,
1047,17.5828,412,703.5,1416,412,498,909,284,498,1269,909,1553,705.7,1386.3,366.5,472.3,
1048,17.5996,412,703.5,1416,310,498,807,284,498,1269,909,1553,706.0,1385.9,367.1,472.3,interior_occluded
1049,17.6164,412,703.5,1416,272,498,769,284,498,1269,909,1553,704.6,1384.2,387.9,497.6,interior_occluded
1050,17.6332,412,703.5,1416,264,498,761,283,498,1269,909,1553,704.5,1384.1,387.9,497.6,interior_occluded
1051,17.65,412,703.5,1418,260,498,757,284,498,1269,909,1552,704.4,1384.1,387.9,497.6,interior_occluded
1052,17.6668,412,703.5,1416,266,498,763,283,498,1269,909,1551,704.3,1384.0,387.8,497.6,interior_occluded
1053,17.6836,412,703.5,1418,257,498,754,283,498,1269,909,1551,704.2,1384.1,387.6,497.6,interior_occluded
1054,17.7005,412,703.5,1418,250,498,747,283,498,1269,909,1551,703.8,1384.3,386.9,497.6,interior_occluded
1055,17.7173,412,703.5,1418,412,498,909,283,498,1269,909,1551,703.6,1384.5,386.3,497.6,
1056,17.7341,412,703.5,1416,412,498,909,283,498,1269,909,1551,703.5,1384.4,386.4,497.4,
1057,17.7509,411,703.0,1418,411,498,908,283,498,1269,909,1551,703.5,1384.0,387.3,497.0,
1058,17.7677,411,703.0,1418,411,498,908,283,498,1269,909,1551,704.9,1385.7,366.6,471.0,
1059,17.7845,411,703.0,1418,411,498,908,283,498,1269,909,1551,705.0,1385.7,366.3,471.2,
1060,17.8013,411,703.0,1418,411,498,908,283,498,1269,909,1551,704.6,1385.7,366.6,471.2,
1061,17.8181,411,703.0,1418,411,498,908,283,498,1269,909,1551,704.5,1385.7,366.6,471.1,
1062,17.8349,411,703.0,1418,411,498,908,283,498,1269,909,1551,704.5,1385.7,366.5,471.5,
1063,17.8517,412,703.5,1420,412,498,909,283,498,1269,909,1551,704.9,1385.5,366.7,472.2,
1064,17.8685,412,703.5,1420,412,498,909,283,498,1269,909,1551,704.7,1385.5,366.5,472.3,
1065,17.8854,412,703.5,1420,412,498,909,283,498,1269,909,1551,704.6,1385.6,366.3,472.1,
1066,17.9022,412,703.5,1420,412,498,909,283,498,1269,909,1551,704.6,1385.6,366.3,472.1,
1067,17.919,412,703.5,1420,412,498,909,283,498,1269,909,1551,704.6,1385.6,366.3,472.1,
1068,17.9358,412,703.5,1420,412,498,909,283,498,1269,909,1551,704.6,1385.6,366.3,472.1,
1069,17.9526,412,697.5,1420,286,492,777,285,492,1273,903,1557,698.4,1388.6,388.9,498.3,interior_occluded
1070,17.9694,411,699.0,1425,298,494,791,284,494,1273,904,1557,699.2,1387.7,388.6,498.3,interior_occluded
1071,17.9862,412,699.5,1421,290,494,783,284,494,1272,905,1555,699.9,1387.0,388.4,498.2,interior_occluded
1072,18.003,411,699.0,1419,284,494,777,283,494,1272,905,1555,700.5,1386.3,388.2,498.2,interior_occluded
1073,18.0198,411,701.0,1423,274,496,769,283,496,1271,906,1555,700.9,1385.9,388.2,498.1,interior_occluded
1074,18.0366,412,701.5,1424,412,496,907,284,496,1270,907,1553,701.3,1385.4,388.1,498.0,
1075,18.0535,411,701.0,1422,411,496,906,284,496,1270,907,1553,701.7,1385.1,388.0,498.1,
1076,18.0703,412,701.5,1419,410,496,905,284,496,1270,907,1553,702.0,1384.8,388.0,497.9,
1077,18.0871,412,701.5,1419,412,496,907,284,496,1270,907,1553,702.2,1384.6,387.9,498.0,
1078,18.1039,412,701.5,1419,412,496,907,284,496,1270,907,1553,702.4,1384.5,387.6,498.0,
1079,18.1207,412,701.5,1418,412,496,907,282,496,1270,907,1551,702.4,1384.7,386.4,498.3,
1080,18.1375,411,702.0,1416,411,497,907,282,497,1270,907,1551,702.2,1385.3,384.8,498.8,
1081,18.1543,412,701.5,1417,410,498,907,282,496,1269,907,1551,702.0,1385.6,383.7,499.0,
1082,18.1711,412,701.5,1417,410,498,907,282,496,1269,907,1551,701.7,1385.9,382.7,498.8,
1083,18.1879,410,702.5,1414,410,498,907,283,497,1269,907,1551,701.9,1385.7,383.0,498.8,
1084,18.2047,410,702.5,1414,410,498,907,283,497,1269,907,1551,703.9,1385.4,366.5,471.7,
1085,18.2215,410,702.5,1414,410,498,907,283,497,1269,907,1551,704.0,1385.2,366.9,471.8,
1086,18.2384,410,702.5,1414,410,498,907,283,497,1269,907,1551,704.1,1385.1,367.6,471.6,
1087,18.2552,410,702.5,1414,410,498,907,283,497,1269,907,1551,703.4,1385.5,367.4,470.4,
1088,18.272,410,702.5,1414,410,498,907,283,497,1269,907,1551,706.0,1384.6,366.8,476.6,
1089,18.2888,411,702.0,1416,411,497,907,283,497,1269,907,1551,705.4,1384.7,366.1,476.5,
1090,18.3056,410,700.5,1412,410,496,905,284,496,1268,905,1551,702.4,1384.2,366.1,473.4,
1091,18.3224,412,697.5,1415,412,492,903,283,492,1267,903,1549,699.3,1383.3,365.7,471.9,
1092,18.3392,410,694.5,1415,404,490,893,282,490,1266,899,1547,695.0,1382.1,365.4,470.8,interior_occluded
1093,18.356,404,689.5,1424,399,488,886,281,485,1265,891,1545,691.4,1380.8,364.5,473.7,interior_occluded
1094,18.3728,396,685.5,1435,396,488,883,281,480,1264,883,1545,687.7,1379.6,362.9,479.0,
1095,18.3896,388,678.5,1441,388,485,872,281,474,1263,872,1543,683.1,1378.7,362.2,481.8,
1096,18.4065,391,668.0,1379,391,473,863,281,466,1263,865,1543,676.3,1378.7,361.6,485.0,
1097,18.4233,401,664.0,1386,401,464,864,281,460,1263,864,1543,671.2,1379.5,359.5,492.0,
1098,18.4401,409,657.0,1404,409,453,861,281,452,1263,861,1543,665.6,1380.8,357.7,497.3,
1099,18.4569,410,650.5,1408,410,446,855,282,446,1263,855,1545,645.7,1384.2,357.7,464.3,
1100,18.4737,410,644.5,1408,410,440,849,283,440,1265,849,1547,641.2,1383.3,362.3,466.9,
1101,18.4905,410,638.5,1411,410,434,843,282,434,1266,843,1547,636.8,1383.2,365.7,468.6,
1102,18.5073,410,632.5,1411,410,428,837,270,428,1268,837,1551,631.9,1384.2,367.5,470.4,
1103,18.5241,411,628.0,1415,411,423,833,264,423,1272,833,1553,627.1,1386.0,367.6,471.1,
1104,18.5409,411,624.0,1417,411,419,829,252,419,1276,829,1553,622.3,1387.8,367.7,470.0,
1105,18.5577,410,620.5,1416,410,416,825,238,416,1274,825,1555,619.0,1389.1,367.6,471.3,
1106,18.5746,412,617.5,1424,412,412,823,226,412,1272,823,1557,615.3,1390.9,367.0,468.8,
1107,18.5914,411,616.0,1422,411,411,821,284,410,1272,821,1557,612.2,1391.9,367.1,467.6,
1108,18.6082,412,613.5,1426,412,408,819,284,408,1273,819,1559,609.8,1393.9,364.7,467.5,
1109,18.625,411,612.0,1422,411,407,817,285,406,1274,818,1559,612.3,1392.4,367.2,474.2,
1110,18.6418,412,611.5,1422,412,406,817,285,406,1274,817,1559,611.4,1392.5,367.5,472.7,
1111,18.6586,411,610.0,1428,241,405,645,285,404,1274,815,1559,610.3,1392.8,367.3,473.0,interior_occluded
1112,18.6754,412,609.5,1425,250,404,653,284,404,1275,815,1559,609.8,1392.9,367.1,472.9,interior_occluded
1113,18.6922,412,609.5,1423,270,404,673,284,404,1275,815,1559,609.2,1393.1,366.7,472.8,interior_occluded
1114,18.709,412,609.5,1419,286,404,689,284,404,1275,815,1559,609.1,1393.2,366.7,473.2,interior_occluded
1115,18.7258,411,609.0,1418,298,404,701,284,404,1275,814,1559,608.6,1393.2,366.7,473.1,interior_occluded
1116,18.7426,411,609.0,1418,411,404,814,284,402,1275,814,1559,608.4,1393.2,366.5,473.2,
1117,18.7595,411,607.0,1429,411,402,812,285,402,1275,813,1559,607.6,1393.1,366.2,473.0,
1118,18.7763,411,608.0,1426,411,403,813,284,402,1275,813,1559,605.6,1391.2,385.3,498.5,
1119,18.7931,412,607.5,1425,412,402,813,284,402,1275,813,1559,607.5,1394.0,364.5,474.7,
1120,18.8099,412,607.5,1425,412,402,813,284,402,1275,813,1559,607.6,1393.4,366.5,473.9,
1121,18.8267,412,607.5,1425,412,402,813,284,402,1276,813,1559,607.6,1393.0,367.7,473.6,
1122,18.8435,412,607.5,1425,412,402,813,282,402,1276,813,1559,607.4,1392.7,368.3,473.3,
1123,18.8603,412,607.5,1425,412,402,813,276,402,1276,813,1559,607.3,1392.5,368.8,473.3,
1124,18.8771,412,607.5,1425,412,402,813,266,402,1274,813,1559,607.2,1392.4,369.2,473.1,
1125,18.8939,412,607.5,1425,412,402,813,266,402,1276,813,1559,607.2,1392.2,369.4,473.1,
1126,18.9107,412,607.5,1425,412,402,813,263,402,1276,813,1559,607.4,1392.3,368.8,473.2,
1127,18.9276,412,607.5,1425,412,402,813,286,402,1274,813,1559,607.5,1392.1,369.2,473.1,
1128,18.9444,412,607.5,1424,412,402,813,285,402,1275,813,1559,607.6,1392.6,368.1,473.5,
1129,18.9612,412,607.5,1425,412,402,813,284,402,1275,813,1559,607.9,1392.7,367.7,473.5,
1130,18.978,412,607.5,1424,412,402,813,284,402,1275,813,1559,608.2,1392.2,368.3,473.4,
1131,18.9948,412,607.5,1424,412,402,813,284,402,1275,813,1559,608.8,1391.5,369.0,473.3,
1132,19.0116,411,608.0,1426,289,403,691,285,402,1275,813,1559,607.0,1389.6,389.2,498.5,interior_occluded
1133,19.0284,411,609.0,1423,268,404,671,283,403,1274,814,1558,607.3,1389.4,389.1,498.5,interior_occluded
1134,19.0452,411,610.0,1416,291,405,695,284,404,1274,815,1557,607.5,1389.2,389.0,498.5,interior_occluded
1135,19.062,412,609.5,1420,309,404,712,284,404,1274,815,1557,607.7,1389.0,389.0,498.5,interior_occluded
1136,19.0788,412,609.5,1420,334,404,737,284,404,1274,815,1557,608.0,1388.8,388.9,498.5,interior_occluded
1137,19.0956,412,609.5,1420,412,404,815,284,404,1274,815,1557,608.3,1388.8,388.5,498.6,
1138,19.1125,411,610.0,1420,411,405,815,285,404,1273,815,1557,608.7,1389.1,386.9,499.2,
1139,19.1293,411,610.0,1420,411,405,815,283,404,1273,815,1557,609.1,1389.7,384.5,500.2,
1140,19.1461,411,610.0,1423,411,405,815,284,405,1273,815,1557,610.5,1391.0,365.4,474.0,
1141,19.1629,411,611.0,1420,411,406,816,283,406,1273,816,1556,610.5,1389.8,367.4,473.3,
1142,19.1797,411,612.0,1418,411,407,817,284,406,1272,817,1556,610.7,1389.3,368.1,473.3,
1143,19.1965,412,611.5,1420,412,406,817,276,406,1274,817,1556,610.6,1388.7,368.8,473.3,
1144,19.2133,412,611.5,1420,412,406,817,268,406,1272,817,1555,610.9,1388.5,368.9,473.0,
1145,19.2301,411,611.0,1424,411,406,816,264,406,1272,817,1555,611.0,1388.4,368.8,473.2,
1146,19.2469,412,611.5,1423,412,406,817,258,406,1272,817,1555,611.4,1388.4,368.7,472.8,
1147,19.2637,411,612.0,1422,411,407,817,251,406,1272,817,1555,611.6,1388.5,368.2,473.2,
1148,19.2806,410,612.5,1413,410,408,817,284,407,1272,817,1555,611.9,1389.3,365.8,474.3,
1149,19.2974,410,612.5,1416,410,408,817,284,407,1271,817,1555,612.7,1389.3,365.6,473.7,
1150,19.3142,411,613.0,1417,411,408,818,283,408,1271,818,1554,613.0,1389.0,365.9,473.7,
1151,19.331,411,613.0,1418,411,408,818,283,408,1271,818,1554,611.8,1385.9,388.4,497.9,
1152,19.3478,411,613.0,1419,266,408,673,283,408,1271,818,1553,612.0,1385.8,388.4,498.0,interior_occluded
1153,19.3646,411,613.0,1422,258,408,665,283,408,1271,819,1553,612.3,1385.7,388.5,497.9,interior_occluded
1154,19.3814,411,613.0,1424,276,408,683,283,408,1271,819,1553,612.5,1385.5,388.4,497.8,interior_occluded
1155,19.3982,411,613.0,1424,293,408,700,283,408,1271,819,1553,613.0,1385.7,387.3,498.3,interior_occluded
1156,19.415,411,614.0,1422,303,409,711,284,409,1270,819,1553,613.5,1386.2,385.2,499.1,interior_occluded
1157,19.4318,410,614.5,1413,410,410,819,284,410,1270,819,1553,615.1,1388.3,363.7,473.6,
1158,19.4486,410,614.5,1417,410,410,819,284,410,1270,819,1553,615.1,1387.2,366.1,472.9,
1159,19.4655,410,615.5,1415,410,411,820,283,410,1270,820,1553,615.1,1386.6,367.0,472.8,
1160,19.4823,410,615.5,1414,410,411,820,274,410,1269,820,1553,615.4,1386.0,367.8,471.9,
1161,19.4991,411,616.0,1416,411,411,821,266,410,1271,821,1552,615.5,1386.0,367.4,472.2,
1162,19.5159,410,616.5,1410,410,412,821,254,411,1272,821,1552,616.1,1386.1,366.9,472.6,
1163,19.5327,410,616.5,1412,410,412,821,238,411,1272,821,1552,616.2,1385.7,367.2,472.5,
1164,19.5495,410,616.5,1414,410,412,821,220,411,1271,821,1551,616.4,1385.8,366.6,472.7,
1165,19.5663,410,616.5,1416,410,412,821,198,411,1270,821,1551,616.9,1386.2,365.3,473.1,
1166,19.5831,411,617.0,1416,411,412,822,256,412,1268,822,1551,617.6,1386.0,365.4,472.5,
1167,19.5999,411,617.0,1420,411,412,822,283,412,1268,822,1551,618.0,1385.6,366.1,472.3,
1168,19.6167,410,618.5,1410,222,414,635,284,413,1268,823,1551,617.0,1382.7,387.6,497.4,interior_occluded
1169,19.6336,410,619.5,1415,209,415,623,283,414,1268,824,1551,617.8,1382.3,387.5,497.3,interior_occluded
1170,19.6504,410,620.5,1411,236,416,651,282,415,1268,825,1550,618.9,1381.8,387.4,497.1,interior_occluded
1171,19.6672,411,621.0,1414,242,416,657,284,416,1266,826,1549,620.2,1381.1,387.2,497.1,interior_occluded
1172,19.684,410,623.5,1413,247,419,665,282,418,1266,828,1548,621.8,1380.4,387.0,497.0,interior_occluded
1173,19.7008,410,624.5,1414,253,420,672,282,420,1266,829,1547,623.9,1379.5,386.8,497.0,interior_occluded
1174,19.7176,410,628.5,1410,410,424,833,281,424,1265,833,1545,627.4,1378.4,386.5,496.8,
1175,19.7344,410,632.5,1408,410,428,837,280,426,1264,837,1545,630.8,1377.4,386.3,496.4,
1176,19.7512,410,634.5,1410,410,430,839,281,430,1263,839,1543,634.2,1376.5,386.0,496.2,
1177,19.768,410,638.5,1406,410,434,843,282,434,1262,843,1543,637.7,1375.7,385.8,496.1,
1178,19.7848,410,641.5,1408,410,437,846,280,437,1262,846,1542,641.0,1375.1,385.7,496.1,
1179,19.8016,410,644.5,1407,410,440,849,281,440,1261,849,1541,644.1,1374.5,385.7,496.1,
1180,19.8185,409,648.0,1409,409,444,852,282,443,1260,852,1541,647.3,1374.0,385.5,496.3,
1181,19.8353,410,650.5,1406,410,446,855,282,446,1260,855,1541,650.5,1373.8,385.3,495.9,
1182,19.8521,408,653.5,1398,406,452,857,282,450,1259,857,1541,653.6,1373.8,384.7,495.1,
1183,19.8689,409,655.0,1411,409,451,859,280,451,1259,859,1540,656.6,1374.1,384.1,493.7,
1184,19.8857,409,657.0,1408,409,453,861,280,453,1259,861,1539,659.6,1376.1,362.9,469.6,
1185,19.9025,409,660.0,1408,409,456,864,280,456,1259,864,1539,654.4,1372.0,366.2,483.8,
1186,19.9193,410,660.5,1405,410,456,865,280,456,1259,865,1539,656.4,1372.6,364.9,483.0,
1187,19.9361,410,662.5,1408,410,458,867,280,458,1259,867,1539,658.8,1373.5,363.8,479.8,
1188,19.9529,410,662.5,1408,410,458,867,280,458,1259,867,1539,660.5,1373.9,363.0,479.2,
1189,19.9697,409,664.0,1409,409,460,868,280,460,1259,868,1539,662.5,1374.7,362.9,476.5,
1190,19.9866,410,664.5,1404,410,460,869,281,460,1259,869,1539,664.3,1375.0,362.7,474.0,
1191,20.0034,408,665.5,1401,408,462,869,281,462,1259,869,1539,665.4,1375.2,362.7,471.9,
1192,20.0202,409,666.0,1406,409,462,870,281,462,1259,870,1539,666.8,1375.5,362.9,471.0,
1193,20.037,410,666.5,1402,410,462,871,281,462,1259,871,1539,667.8,1375.6,363.2,469.5,
1194,20.0538,410,666.5,1412,410,462,871,281,462,1259,871,1539,668.8,1375.9,363.1,467.8,
1195,20.0706,403,667.0,1421,403,466,868,281,466,1259,871,1539,669.2,1375.8,363.6,466.6,
1196,20.0874,394,666.5,1431,394,470,863,281,470,1259,871,1539,669.8,1375.8,363.7,467.1,
1197,20.1042,384,667.5,1441,384,476,859,281,476,1259,871,1539,670.9,1375.8,364.5,464.3,
1198,20.121,376,667.5,1355,376,480,855,280,480,1259,871,1539,671.1,1375.7,365.0,462.3,edge_occluded
1199,20.1378,386,670.5,1368,386,478,863,280,476,1259,871,1539,671.5,1375.5,365.0,462.3,
1200,20.1546,392,667.5,1368,392,472,863,280,472,1259,872,1539,671.8,1375.3,365.4,461.4,
1201,20.1715,399,670.0,1384,399,471,869,280,470,1259,873,1539,672.5,1375.3,365.9,460.0,
1202,20.1883,406,668.5,1392,406,466,871,280,466,1259,873,1539,672.8,1375.1,366.1,459.4,
1203,20.2051,410,668.5,1406,410,464,873,280,464,1259,873,1539,665.2,1376.8,361.2,484.6,
1204,20.2219,410,668.5,1406,410,464,873,280,464,1259,873,1539,664.1,1374.1,382.4,512.4,
1205,20.2387,409,669.0,1406,409,465,873,280,465,1259,874,1539,661.1,1375.3,381.9,521.8,
1206,20.2555,410,670.5,1403,410,466,875,281,466,1259,875,1539,658.7,1376.6,382.0,530.1,
1207,20.2723,410,670.5,1406,410,466,875,281,466,1259,875,1539,656.5,1378.1,382.2,538.5,
1208,20.2891,410,671.5,1408,410,467,876,280,467,1259,876,1539,670.9,1372.8,385.3,493.8,
1209,20.3059,411,672.0,1406,411,467,877,280,467,1259,877,1539,671.4,1372.9,385.2,494.5,
1210,20.3227,410,672.5,1404,410,468,877,280,468,1260,877,1539,672.0,1373.1,385.3,494.3,
1211,20.3396,410,673.5,1408,410,469,878,280,469,1260,878,1539,672.9,1373.2,385.2,494.4,
1212,20.3564,410,674.5,1405,408,470,877,280,470,1260,879,1539,673.8,1373.3,385.4,494.3,
1213,20.3732,410,674.5,1408,410,470,879,280,470,1260,879,1540,674.7,1373.5,385.4,494.2,
1214,20.39,410,676.5,1404,410,472,881,280,472,1260,881,1539,675.7,1373.8,385.1,494.0,
1215,20.4068,410,676.5,1408,410,472,881,280,472,1260,881,1541,677.4,1374.4,384.7,493.0,
1216,20.4236,410,678.5,1408,410,474,883,282,474,1260,883,1541,679.2,1375.0,384.6,491.7,
1217,20.4404,410,678.5,1408,410,474,883,282,474,1260,883,1541,681.0,1375.6,384.4,490.6,
1218,20.4572,410,680.5,1408,410,476,885,281,476,1260,885,1541,682.9,1376.1,384.7,489.4,
1219,20.474,410,682.5,1408,410,478,887,281,478,1261,887,1541,668.6,1367.6,387.6,535.7,
1220,20.4908,410,682.5,1405,410,478,887,282,478,1261,887,1543,669.6,1369.0,384.2,541.1,
1221,20.5076,410,684.5,1408,410,480,889,283,480,1261,889,1543,670.6,1370.3,381.8,544.0,
1222,20.5245,410,686.5,1408,410,482,891,282,482,1262,891,1543,671.9,1371.2,380.4,548.7,
1223,20.5413,410,688.5,1408,410,484,893,281,484,1262,893,1543,672.5,1372.4,378.6,552.8,
1224,20.5581,412,689.5,1411,412,484,895,280,484,1263,895,1543,672.4,1373.5,376.7,561.5,
1225,20.5749,410,690.5,1410,410,486,895,282,486,1264,896,1545,672.4,1374.4,375.9,567.7,
1226,20.5917,411,693.0,1417,411,488,898,282,488,1264,898,1547,673.4,1375.9,375.1,569.5,
1227,20.6085,411,694.0,1411,411,489,899,282,489,1265,899,1547,674.1,1377.5,374.6,572.8,
1228,20.6253,410,694.5,1408,410,490,899,283,490,1265,901,1547,695.9,1379.9,387.0,497.1,
1229,20.6421,412,697.5,1418,410,494,903,283,492,1266,903,1548,697.5,1380.7,387.0,497.2,
1230,20.6589,410,698.5,1415,410,494,903,283,494,1267,903,1549,698.9,1381.5,387.3,497.2,
1231,20.6757,412,699.5,1415,412,494,905,283,494,1267,905,1550,700.4,1382.2,387.4,497.4,
1232,20.6926,410,700.5,1409,410,496,905,281,496,1269,906,1551,701.6,1382.9,387.6,497.5,
1233,20.7094,410,702.5,1416,410,498,907,283,498,1269,907,1551,702.8,1383.5,387.8,497.6,
1234,20.7262,410,702.5,1412,410,498,907,283,498,1269,908,1553,703.8,1384.1,388.0,497.7,
1235,20.743,410,704.5,1420,410,500,909,284,500,1270,909,1553,704.7,1384.7,388.1,498.0,
1236,20.7598,410,704.5,1411,410,500,909,283,500,1270,910,1553,705.6,1385.2,388.2,498.0,
1237,20.7766,411,705.0,1417,411,500,910,283,500,1271,911,1553,706.4,1385.7,388.3,498.1,
1238,20.7934,411,706.0,1416,411,501,911,282,501,1271,911,1553,707.0,1386.1,388.4,498.1,
1239,20.8102,412,707.5,1424,412,502,913,282,502,1272,913,1553,707.6,1386.5,388.5,498.1,
1240,20.827,411,707.0,1423,411,502,912,284,502,1272,913,1555,708.1,1386.8,388.5,498.3,
1241,20.8438,412,707.5,1416,412,502,913,284,502,1272,913,1555,708.6,1387.1,388.6,498.2,
1242,20.8606,411,708.0,1418,411,503,913,283,503,1272,913,1555,709.0,1387.3,388.7,498.2,
1243,20.8775,411,709.0,1425,411,504,914,283,503,1272,914,1555,709.3,1387.5,388.6,498.3,
1244,20.8943,411,710.0,1426,411,505,915,283,504,1272,915,1555,709.7,1387.8,388.8,498.2,
1245,20.9111,410,708.5,1408,410,504,913,284,504,1272,915,1557,709.8,1387.9,388.7,498.3,
1246,20.9279,410,708.5,1413,410,504,913,285,504,1272,915,1557,710.1,1388.1,388.8,498.3,
1247,20.9447,411,709.0,1423,411,504,914,285,504,1272,915,1557,710.3,1388.2,388.9,498.3,
1248,20.9615,411,709.0,1423,411,504,914,285,504,1273,915,1557,710.4,1388.3,388.8,498.4,
1249,20.9783,411,709.0,1423,411,504,914,284,504,1273,915,1557,710.6,1388.4,388.9,498.3,
1250,20.9951,412,709.5,1420,412,504,915,284,504,1273,915,1557,710.7,1388.5,388.9,498.5,
1251,21.0119,412,709.5,1418,412,504,915,284,504,1273,915,1557,710.9,1388.6,388.9,498.4,
1252,21.0287,412,709.5,1418,412,504,915,284,504,1273,915,1557,711.0,1388.7,388.9,498.6,
1253,21.0456,412,709.5,1418,412,504,915,284,504,1274,916,1557,711.0,1388.7,388.9,498.6,
1254,21.0624,411,710.0,1420,411,505,915,284,505,1274,916,1557,711.1,1388.8,388.9,498.5,
1255,21.0792,412,711.5,1428,412,506,917,284,505,1274,917,1557,711.1,1388.8,388.9,498.5,
1256,21.096,411,710.0,1420,411,505,915,284,505,1274,917,1557,711.2,1388.8,389.0,498.5,
1257,21.1128,411,710.0,1420,411,505,915,284,505,1274,917,1557,711.2,1388.8,388.9,498.5,
1258,21.1296,411,711.0,1428,411,506,916,284,506,1274,917,1557,711.3,1388.9,389.0,498.5,
1259,21.1464,411,711.0,1428,411,506,916,284,506,1274,917,1557,711.3,1388.9,389.0,498.5,
1260,21.1632,411,711.0,1428,411,506,916,284,506,1274,917,1557,711.3,1388.9,389.0,498.5,
1261,21.18,411,711.0,1428,411,506,916,284,506,1274,917,1557,711.3,1388.9,388.9,498.5,
1262,21.1968,411,711.0,1428,411,506,916,284,506,1274,917,1557,711.4,1389.0,388.9,498.5,
1263,21.2136,411,711.0,1426,411,506,916,284,506,1274,917,1557,711.6,1389.1,388.8,498.6,
1264,21.2305,411,711.0,1426,411,506,916,284,506,1274,917,1557,711.6,1389.1,388.8,498.6,
1265,21.2473,411,711.0,1426,411,506,916,284,506,1274,917,1557,711.6,1389.1,388.8,498.6,
1266,21.2641,411,711.0,1427,411,506,916,284,506,1274,917,1557,711.6,1389.1,388.8,498.6,
1267,21.2809,411,711.0,1427,411,506,916,284,506,1274,917,1557,711.7,1389.1,388.8,498.5,
1268,21.2977,411,711.0,1427,411,506,916,284,506,1274,917,1557,711.7,1389.1,388.8,498.6,
1269,21.3145,411,711.0,1426,411,506,916,284,506,1274,917,1557,711.7,1389.2,388.8,498.6,
1270,21.3313,411,711.0,1426,411,506,916,284,506,1274,917,1557,711.7,1389.2,388.8,498.6,
1271,21.3481,412,711.5,1426,412,506,917,284,506,1274,917,1557,711.8,1389.2,388.8,498.6,
1272,21.3649,412,711.5,1426,412,506,917,284,506,1274,917,1557,711.9,1389.2,388.8,498.7,
1273,21.3817,412,711.5,1425,412,506,917,284,506,1274,917,1557,711.9,1389.3,388.8,498.6,
1274,21.3986,412,711.5,1425,412,506,917,284,506,1274,917,1557,712.0,1389.3,388.9,498.7,
1275,21.4154,412,711.5,1425,412,506,917,284,506,1274,917,1557,712.0,1389.4,388.9,498.7,
1276,21.4322,412,711.5,1425,412,506,917,284,506,1274,917,1557,712.0,1389.4,388.9,498.8,
1277,21.449,412,711.5,1425,412,506,917,284,506,1274,917,1557,712.0,1389.4,388.8,498.8,
1278,21.4658,412,711.5,1425,412,506,917,284,506,1274,917,1557,712.1,1389.5,388.9,498.7,
1279,21.4826,412,711.5,1425,412,506,917,284,506,1190,995,1557,712.1,1389.5,388.9,498.7,multi_component
1280,21.4994,412,711.5,1425,412,506,917,284,506,1274,917,1557,712.1,1389.5,388.9,498.7,
1281,21.5162,412,711.5,1426,412,506,917,284,506,1274,917,1557,712.2,1389.5,388.9,498.6,
1282,21.533,412,711.5,1426,412,506,917,284,506,1274,917,1557,712.2,1389.6,388.9,498.6,
1283,21.5498,412,711.5,1426,412,506,917,284,506,1274,917,1557,712.2,1389.6,388.9,498.7,
1284,21.5666,412,711.5,1426,412,506,917,284,506,1274,917,1557,712.3,1389.6,388.9,498.8,
1285,21.5835,412,711.5,1422,412,506,917,284,506,1189,996,1557,712.4,1389.7,389.0,498.7,multi_component
1286,21.6003,412,711.5,1423,412,506,917,284,506,1189,996,1557,712.4,1389.8,389.0,498.7,multi_component
1287,21.6171,412,711.5,1423,412,506,917,284,506,1189,996,1557,712.4,1389.8,389.0,498.6,multi_component
1288,21.6339,412,711.5,1423,412,506,917,284,506,1274,917,1557,712.5,1389.9,389.0,498.6,
1289,21.6507,412,711.5,1423,412,506,917,284,506,1274,917,1557,712.5,1389.9,389.1,498.6,
1290,21.6675,412,711.5,1418,412,506,917,284,506,1274,917,1557,712.6,1390.0,389.0,498.7,
1291,21.6843,412,711.5,1418,412,506,917,284,506,1274,917,1558,712.7,1390.0,389.0,498.8,
1292,21.7011,412,711.5,1420,412,506,917,285,506,1274,917,1558,712.8,1390.1,389.1,498.8,
1293,21.7179,412,711.5,1420,412,506,917,285,506,1274,917,1558,712.8,1390.1,389.1,498.8,
1294,21.7347,412,711.5,1420,412,506,917,285,506,1274,917,1558,712.9,1390.2,389.1,498.7,
1295,21.7516,412,711.5,1420,412,506,917,285,506,1274,917,1558,712.9,1390.2,389.1,498.7,
1296,21.7684,412,711.5,1421,412,506,917,285,506,1274,917,1558,713.0,1390.3,389.1,498.8,
1297,21.7852,412,711.5,1422,412,506,917,286,506,1274,918,1559,713.1,1390.4,389.2,498.8,
1298,21.802,412,711.5,1422,412,506,917,286,506,1274,918,1559,713.1,1390.4,389.1,498.9,
1299,21.8188,412,711.5,1424,412,506,917,285,506,1275,919,1559,713.3,1390.5,389.2,498.8,
1300,21.8356,412,711.5,1424,412,506,917,285,506,1275,919,1559,713.3,1390.6,389.2,498.8,
1301,21.8524,411,712.0,1424,411,507,917,285,507,1275,919,1559,713.4,1390.6,389.2,498.7,
1302,21.8692,411,712.0,1424,411,507,917,284,507,1275,919,1559,713.5,1390.7,389.2,498.7,
1303,21.886,411,712.0,1424,411,507,917,284,507,1275,919,1559,713.5,1390.7,389.2,498.7,
1304,21.9028,411,713.0,1428,411,508,918,284,508,1275,919,1559,713.6,1390.8,389.2,498.8,
1305,21.9197,412,713.5,1430,412,508,919,284,508,1275,919,1559,713.7,1390.8,389.2,498.8,
1306,21.9365,411,713.0,1430,411,508,918,284,508,1275,919,1559,713.7,1390.9,389.3,498.8,
1307,21.9533,411,713.0,1430,411,508,918,284,508,1276,919,1559,713.8,1390.9,389.3,498.8,
1308,21.9701,411,713.0,1424,411,508,918,284,508,1276,919,1559,713.9,1391.0,389.3,498.8,
1309,21.9869,411,713.0,1425,411,508,918,284,508,1276,919,1559,713.9,1391.1,389.3,498.8,
1310,22.0037,412,713.5,1428,412,508,919,283,508,1276,919,1559,714.0,1391.2,389.4,498.9,
1311,22.0205,412,713.5,1428,412,508,919,284,508,1276,919,1559,714.1,1391.3,389.4,498.9,
1312,22.0373,412,713.5,1429,412,508,919,284,508,1276,919,1559,714.1,1391.3,389.5,498.9,
1313,22.0541,411,713.0,1426,411,508,918,284,508,1276,919,1559,714.3,1391.4,389.4,498.9,
1314,22.0709,412,713.5,1428,412,508,919,284,508,1276,919,1559,714.4,1391.5,389.5,498.8,
1315,22.0877,412,713.5,1420,412,508,919,284,508,1276,919,1559,714.5,1391.6,389.5,498.9,
1316,22.1046,412,713.5,1420,412,508,919,284,508,1276,919,1559,714.6,1391.7,389.4,499.0,
1317,22.1214,412,713.5,1420,412,508,919,284,508,1276,919,1561,714.8,1391.8,389.5,498.9,
1318,22.1382,412,713.5,1420,412,508,919,284,508,1276,919,1561,714.8,1391.9,389.6,498.9,
1319,22.155,412,713.5,1420,412,508,919,284,508,1276,919,1560,714.9,1392.0,389.7,498.9,
1320,22.1718,412,713.5,1420,412,508,919,286,508,1276,920,1561,715.0,1392.1,389.7,498.9,
1321,22.1886,412,713.5,1422,412,508,919,285,508,1276,920,1561,715.1,1392.1,389.7,498.9,
1322,22.2054,412,713.5,1421,412,508,919,286,508,1276,920,1561,715.2,1392.2,389.7,499.0,
1323,22.2222,412,713.5,1421,412,508,919,286,508,1276,920,1561,715.3,1392.4,389.8,498.9,
1324,22.239,412,713.5,1424,412,508,919,286,508,1276,921,1561,715.4,1392.4,389.8,498.9,
1325,22.2558,412,715.5,1430,412,510,921,286,509,1276,921,1561,715.5,1392.5,389.8,499.1,
1326,22.2727,412,715.5,1430,412,510,921,286,509,1276,921,1561,715.6,1392.7,389.8,499.1,
1327,22.2895,412,714.5,1425,412,509,920,285,509,1277,921,1561,715.7,1392.7,389.9,499.1,
1328,22.3063,412,715.5,1430,412,510,921,285,509,1277,921,1561,715.8,1392.8,389.9,499.0,
1329,22.3231,412,715.5,1430,412,510,921,284,510,1278,921,1561,715.9,1392.9,390.0,499.0,
1330,22.3399,412,715.5,1430,412,510,921,284,510,1278,921,1561,716.0,1393.0,390.0,499.1,
1331,22.3567,411,715.0,1426,411,510,920,284,510,1278,921,1561,716.1,1393.1,390.0,499.1,
1332,22.3735,411,715.0,1426,411,510,920,284,510,1278,921,1561,716.1,1393.2,390.0,499.2,
1333,22.3903,411,715.0,1426,411,510,920,284,510,1278,921,1561,716.2,1393.2,390.0,499.1,
1334,22.4071,411,715.0,1426,411,510,920,284,510,1278,921,1561,716.3,1393.3,389.9,499.1,
1335,22.4239,411,715.0,1426,411,510,920,284,510,1278,921,1561,716.4,1393.4,389.9,499.2,
1336,22.4407,412,715.5,1428,412,510,921,284,510,1278,921,1561,716.5,1393.5,390.0,499.3,
1337,22.4576,412,715.5,1420,412,510,921,284,510,1278,921,1562,716.6,1393.6,390.0,499.2,
1338,22.4744,412,715.5,1420,412,510,921,284,510,1278,921,1563,716.7,1393.7,390.1,499.1,
1339,22.4912,412,715.5,1420,412,510,921,284,510,1278,921,1563,716.8,1393.8,390.0,499.2,
1340,22.508,412,715.5,1420,412,510,921,286,510,1278,921,1563,716.9,1393.9,390.1,499.2,
1341,22.5248,412,715.5,1420,412,510,921,286,510,1278,922,1563,717.0,1394.0,390.1,499.2,
1342,22.5416,412,715.5,1420,412,510,921,286,510,1278,922,1563,717.0,1394.1,390.1,499.2,
1343,22.5584,412,715.5,1420,412,510,921,286,510,1278,922,1563,717.1,1394.2,390.1,499.3,
1344,22.5752,412,715.5,1420,412,510,921,286,510,1278,922,1563,717.2,1394.2,390.1,499.3,
1345,22.592,412,715.5,1424,412,510,921,286,510,1278,922,1563,717.3,1394.3,390.1,499.4,
1346,22.6088,412,715.5,1424,412,510,921,286,510,1278,922,1563,717.4,1394.4,390.1,499.4,
1347,22.6257,412,715.5,1423,412,510,921,286,510,1278,922,1563,717.5,1394.4,390.1,499.3,
1348,22.6425,412,715.5,1423,412,510,921,286,510,1278,922,1563,717.5,1394.6,390.1,499.3,
1349,22.6593,411,716.0,1422,411,511,921,286,511,1278,922,1563,717.6,1394.7,390.1,499.3,
1350,22.6761,411,716.0,1420,411,511,921,286,511,1278,923,1563,717.7,1394.7,390.0,499.2,
1351,22.6929,411,716.0,1422,411,511,921,284,511,1280,923,1563,717.8,1394.9,390.2,499.0,
1352,22.7097,412,717.5,1428,412,512,923,284,512,1280,923,1563,717.8,1394.9,390.1,498.8,
1353,22.7265,412,717.5,1432,412,512,923,284,512,1280,923,1564,717.9,1395.1,390.1,498.8,
1354,22.7433,412,717.5,1426,412,512,923,284,512,1280,923,1564,717.9,1395.2,390.1,498.6,
1355,22.7601,412,717.5,1426,412,512,923,284,512,1280,923,1565,718.0,1395.2,389.9,498.5,
1356,22.7769,412,717.5,1424,412,512,923,286,512,1280,924,1565,718.1,1395.4,389.8,498.6,
1357,22.7937,412,717.5,1424,412,512,923,285,512,1280,924,1565,718.2,1395.5,389.7,498.6,
1358,22.8106,412,717.5,1424,412,512,923,286,512,1280,924,1565,718.3,1395.6,389.6,498.8,
1359,22.8274,413,719.0,1432,413,513,925,286,512,1280,925,1565,718.6,1395.7,389.4,499.0,
1360,22.8442,413,719.0,1432,413,513,925,286,512,1280,925,1567,718.7,1395.9,389.2,499.3,
1361,22.861,412,717.5,1424,412,512,923,288,512,1280,925,1567,718.9,1396.1,389.2,499.5,
1362,22.8778,412,717.5,1429,410,514,923,288,512,1280,925,1567,719.2,1396.3,389.1,499.7,
1363,22.8946,414,718.5,1429,412,514,925,286,512,1280,925,1567,719.4,1396.5,389.2,499.7,
1364,22.9114,412,719.5,1428,412,514,925,286,513,1280,925,1567,719.7,1396.7,389.3,500.0,
1365,22.9282,412,719.5,1428,412,514,925,286,514,1282,925,1567,719.9,1397.0,389.5,500.0,
1366,22.945,412,719.5,1428,412,514,925,286,514,1282,925,1567,720.2,1397.3,389.9,500.2,
1367,22.9618,412,719.5,1428,412,514,925,286,514,1282,925,1567,720.4,1397.7,390.2,500.1,
1368,22.9787,412,719.5,1428,412,514,925,286,514,1282,925,1567,720.7,1398.0,390.4,500.3,
1369,22.9955,412,719.5,1427,412,514,925,286,514,1282,926,1567,720.9,1398.3,390.7,500.3,
1370,23.0123,412,719.5,1427,412,514,925,286,514,1282,926,1567,721.1,1398.6,391.1,500.1,
1371,23.0291,412,719.5,1427,412,514,925,286,514,1282,926,1567,721.2,1398.8,391.3,500.1,
1372,23.0459,412,719.5,1427,412,514,925,286,514,1282,926,1567,721.3,1398.9,391.4,500.0,
1373,23.0627,413,720.0,1431,413,514,926,286,514,1282,927,1567,721.5,1399.2,391.5,500.0,
1374,23.0795,413,720.0,1431,413,514,926,284,514,1282,927,1567,721.6,1399.3,391.6,500.0,
1375,23.0963,413,720.0,1431,413,514,926,286,514,1282,927,1569,721.7,1399.5,391.6,500.1,
1376,23.1131,413,720.0,1431,413,514,926,286,514,1284,927,1569,721.8,1399.7,391.7,500.1,
1377,23.1299,413,720.0,1431,413,514,926,286,514,1284,927,1569,722.0,1399.8,391.6,500.1,
1378,23.1467,413,720.0,1432,413,514,926,286,514,1284,927,1569,722.2,1400.0,391.8,500.2,
1379,23.1636,412,720.5,1432,412,515,926,286,515,1284,927,1569,722.3,1400.3,391.8,500.1,
1380,23.1804,413,721.0,1432,413,515,927,286,515,1284,927,1569,722.5,1400.5,391.9,500.3,
1381,23.1972,413,721.0,1432,413,515,927,286,515,1284,927,1569,722.7,1400.7,391.9,500.2,
1382,23.214,413,721.0,1432,413,515,927,286,515,1284,929,1569,722.8,1400.9,391.9,500.3,
1383,23.2308,412,721.5,1428,412,516,927,286,516,1284,929,1569,722.9,1401.1,392.0,500.4,
1384,23.2476,412,721.5,1428,412,516,927,288,516,1284,929,1571,723.1,1401.3,392.0,500.4,
1385,23.2644,412,721.5,1428,412,516,927,288,516,1284,929,1571,723.3,1401.6,392.1,500.6,
1386,23.2812,412,721.5,1424,412,516,927,286,516,1285,929,1571,723.5,1402.0,392.2,500.5,
1387,23.298,412,721.5,1429,412,516,927,286,516,1286,929,1572,723.9,1402.5,392.3,500.5,
1388,23.3148,414,722.5,1434,414,516,929,287,516,1286,929,1573,724.2,1403.1,392.6,500.7,
1389,23.3317,412,722.5,1430,412,517,928,287,517,1287,931,1574,724.6,1403.8,392.7,500.7,
1390,23.3485,414,724.5,1440,414,518,931,288,517,1288,931,1575,725.1,1404.6,393.0,500.8,
1391,23.3653,414,724.5,1440,414,518,931,287,518,1288,931,1575,725.7,1405.7,393.1,501.1,
1392,23.3821,414,724.5,1438,414,518,931,288,518,1289,931,1577,726.3,1406.9,393.6,501.2,
1393,23.3989,414,726.5,1444,414,520,933,290,520,1290,933,1579,726.8,1408.1,393.7,501.6,
1394,23.4157,414,726.5,1442,414,520,933,288,520,1291,933,1579,727.4,1409.3,394.1,501.7,
1395,23.4325,414,726.5,1446,414,520,933,289,520,1292,933,1581,727.8,1410.4,394.4,502.0,
1396,23.4493,414,726.5,1440,414,520,933,288,520,1293,935,1583,728.3,1411.6,394.6,502.1,
1397,23.4661,414,726.5,1440,414,520,933,289,520,1294,935,1583,728.9,1413.0,394.9,502.5,
1398,23.4829,414,728.5,1452,414,522,935,290,522,1296,935,1585,728.2,1413.9,395.3,500.1,
1399,23.4997,414,728.5,1444,414,522,935,291,522,1297,935,1587,729.3,1417.0,374.2,473.9,
1400,23.5166,414,728.5,1445,414,522,935,291,522,1298,935,1589,729.5,1417.8,373.9,474.4,
1401,23.5334,414,728.5,1440,414,522,935,290,522,1299,937,1590,729.9,1418.7,373.5,474.7,
1402,23.5502,414,728.5,1440,414,522,935,291,522,1300,937,1591,722.8,1419.1,373.6,458.5,
1403,23.567,415,729.0,1452,415,522,936,293,522,1301,937,1593,722.3,1420.2,372.8,458.2,
1404,23.5838,416,729.5,1453,416,522,937,293,522,1303,937,1595,721.6,1420.8,371.9,457.0,
1405,23.6006,416,729.5,1453,416,522,937,291,522,1304,938,1596,719.3,1421.4,370.7,451.6,
1406,23.6174,416,729.5,1453,416,522,937,258,522,1306,938,1596,721.8,1423.1,371.1,457.9,
1407,23.6342,416,729.5,1454,416,522,937,218,522,1306,939,1595,720.5,1422.9,369.5,455.1,
1408,23.651,416,729.5,1456,416,522,937,208,522,1307,939,1591,719.5,1423.4,368.1,453.1,
1409,23.6678,416,729.5,1456,416,522,937,195,522,1309,939,1585,719.3,1423.7,366.9,453.1,
1410,23.6847,416,729.5,1458,416,522,937,182,522,1310,939,1579,717.6,1423.8,366.6,449.3,
1411,23.7015,417,730.0,1460,417,522,938,172,522,1310,939,1569,720.1,1427.2,369.4,454.1,
1412,23.7183,417,730.0,1460,417,522,938,168,522,1311,939,1558,712.4,1426.1,366.1,438.8,
1413,23.7351,418,730.5,1464,416,524,939,165,522,1311,939,1545,722.0,1430.1,372.1,457.1,
1414,23.7519,417,730.0,1460,417,522,938,162,522,1311,939,1530,713.8,1426.2,362.5,441.8,
1415,23.7687,417,730.0,1460,417,522,938,159,522,1312,939,1517,710.8,1425.8,359.5,436.3,
1416,23.7855,417,730.0,1460,417,522,938,159,522,1312,939,1508,699.6,1417.7,340.5,417.8,
1417,23.8023,418,730.5,1464,418,522,939,165,522,1312,939,1513,687.5,1408.8,316.0,398.5,
1418,23.8191,418,730.5,1464,418,522,939,170,522,1312,939,1520,673.5,1400.2,291.3,376.8,
1419,23.8359,418,730.5,1464,418,522,939,175,522,1312,939,1528,650.2,1384.4,245.1,346.2,
1420,23.8527,418,730.5,1464,307,633,939,178,522,1312,939,1534,630.7,1370.9,204.1,319.3,interior_occluded
1421,23.8696,418,730.5,1464,325,615,939,177,522,1314,939,1541,615.5,1359.2,169.3,299.0,interior_occluded
1422,23.8864,417,730.0,1462,349,590,938,177,522,1314,939,1550,603.9,1353.9,147.8,284.6,interior_occluded
1423,23.9032,416,729.5,1458,378,560,937,178,522,1313,939,1561,594.3,1352.1,133.9,271.9,interior_occluded
1424,23.92,410,726.5,1456,397,535,931,178,522,1313,939,1571,586.2,1349.4,120.3,261.7,interior_occluded
1425,23.9368,397,720.0,1457,397,522,918,180,522,1313,939,1580,578.4,1349.4,111.4,250.4,
1426,23.9536,390,716.5,1462,390,522,911,187,522,1314,937,1588,573.8,1351.6,108.4,242.9,
1427,23.9704,383,713.0,1467,383,522,904,186,522,1315,935,1594,569.5,1355.7,108.0,238.6,edge_occluded
1428,23.9872,375,711.0,1473,375,524,898,187,522,1314,931,1600,565.3,1361.3,109.0,233.8,edge_occluded
1429,24.004,362,704.5,1474,362,524,885,188,522,1318,928,1604,558.6,1363.8,102.1,229.8,edge_occluded
1430,24.0208,349,698.0,1474,349,524,872,191,522,1320,924,1607,553.1,1365.6,95.5,225.1,edge_occluded
